# t, s  --  luminosity, Ledd/4pi
0.0 19.03373696180984
0.00010479085438463602 19.06642332146381
0.00020957181540943263 19.991614305999455
0.00031436887460770384 21.403695877442033
0.00041915966834880393 22.95923279518913
0.0005239538323449723 24.54352635205663
0.0006287336747151484 26.15411544449986
0.0007335124871802236 27.751354683418704
0.0008382977736689531 28.9144551140274
0.0009430753374218375 30.035310597274208
0.00104784727738874 30.4128719985233
0.001152635211733617 30.131511097277688
0.0012574101786100732 30.40738692103608
0.0013621844833068982 31.146747033612026
0.0014669519753084178 31.9657338903042
0.0015717321913719924 32.30499173352011
0.001676503137675375 32.545758925875205
0.001781299217139083 32.83421758044294
0.001886074640547795 33.087521257905834
0.001990845061960656 33.57220060840357
0.0020956273230077595 34.01567174210895
0.0022003967496717447 34.38862292753322
0.002305171115446353 34.675333635842875
0.0024099484369528644 34.89446804516015
0.00251473651183238 35.14040628856032
0.002619507713974487 35.37209551662148
0.0027242952736406157 35.56945220530693
0.0028290868877147196 35.753287518264216
0.0029338606753255302 35.91782567630529
0.003038651626854669 36.06307523747893
0.0031434304931864865 36.19355668036405
0.00324819975994087 36.30622531186822
0.0033529689793480085 36.40740306075249
0.0034577437761250693 36.49579351104201
0.0035625297944112894 36.569182796029445
0.003667326185148614 36.62870634991717
0.0037721001168379174 36.68052857955992
0.0038768802844740854 36.72956296624807
0.00398166545002709 36.77513218548672
0.004086456587625851 36.816870683361884
0.004191253002359472 36.855580170914216
0.004296023057621416 36.89117499261307
0.004400796475946111 36.924231657492
0.004505570791686019 36.955601792388876
0.004610341845768994 36.9846590527486
0.004715111056729982 37.00980000194504
0.004819885926079226 36.99615403676512
0.00492466872284097 36.95927901320768
0.0050294590340876 36.923927709035055
0.005134228163548051 36.891166107276064
0.005239005314914451 36.861213972690464
0.005343790501735192 36.83321057702828
0.005448584125562523 36.80705091494795
0.00555335812333624 36.78292462488659
0.005658142781070416 36.76112919713617
0.005762938589633237 36.74258949945701
0.005867716614107589 36.73045442447177
0.005972504871589495 36.72276528497666
0.00607727562829494 36.73322337585312
0.006182059808830191 36.73151674429121
0.006286830082487278 36.731732044300415
0.0063916165534274125 36.72883032913151
0.006496394358685428 36.72599467251551
0.006601189069171673 36.72408625367831
0.006705969359388579 36.72263713255478
0.006810764258560752 36.721786309390566
0.006915545384677249 36.72195498366669
0.007020314568040525 36.7255697341212
0.007125101214249028 36.730519082671506
0.00722987756673701 36.736672574433356
0.007334644996589014 36.743997242796084
0.0074394329492103685 36.75272454126383
0.007544213574851765 36.76303884645374
0.007648986168300626 36.77506030417309
0.007753774766806374 36.78768550512299
0.007858559678512672 36.800598254532176
0.007963343483483787 36.81400991327196
0.008068128511092438 36.82809500864797
0.00817291683772567 36.833915277545884
0.00827771059145913 36.83254704885567
0.008382483238879634 36.82962595680024
0.00848726533880599 36.82561018351255
0.008592059017516453 36.820157541500976
0.008696837966718244 36.813079005692146
0.008801632804666424 36.80443241848206
0.00890641671853009 36.794415798738356
0.009011191801159068 36.78279771156342
0.009115959859950064 36.76992498240006
0.00922075112906057 36.75609402564389
0.0093255391351647 36.74194869297615
0.00943032389374228 36.728918265141374
0.009535110667191904 36.717356702228116
0.00963990196630061 36.704264623744194
0.009744675676642204 36.69015745281668
0.009849461384482918 36.67583207474223
0.009954228696564335 36.66169372397369
0.010059004324880522 36.648282655713146
0.010163786862949902 36.6353512317221
0.010268575618741456 36.62283614724201
0.010373370134730562 36.610826915339125
0.010478140401477029 36.59938902784941
0.01058291480665767 36.588622060107866
0.010687693638947256 36.57870587181389
0.01079247673456456 36.569859671928874
0.010897263075394835 36.56236248525164
0.011002050973755688 36.55614263920917
0.01110684464941132 36.55112381008773
0.011211627433002885 36.54744868000306
0.011316399998817929 36.54534053326719
0.011421190523859258 36.54398525555716
0.011525971505187648 36.54215214594039
0.011630744122501323 36.54043052674578
0.011735537685322138 36.53906255426371
0.011840325311461902 36.53797587248449
0.011945108508880222 36.53695772677011
0.012049888978673184 36.53581307026033
0.012154668602337609 36.53436815148556
0.012259449632950366 36.53254041590724
0.012364234544732889 36.530247153104476
0.012469025847178848 36.527370335278874
0.012573798020181968 36.523835538202746
0.012678582125713598 36.51975330250045
0.012783350889169294 36.51546292080891
0.012888127716274993 36.51074262633509
0.012992914805257511 36.50519961085074
0.013097687490398033 36.49895638221635
0.013202474949525287 36.49223284444419
0.013307249760085339 36.485044029895114
0.013412039989893713 36.47737837825944
0.013516817838501047 36.469305171386786
0.013621611439488316 36.460870215450726
0.013726393247066615 36.45214459587385
0.01383116277629726 36.44317185392676
0.013935947703017738 36.43397212537883
0.01404072023726903 36.42464241562543
0.014145507676314301 36.41531662203025
0.014250281529389458 36.40611994973539
0.014355068647654396 36.397100060969294
0.014459841400659628 36.3883338820041
0.014564627318859503 36.37995167428828
0.014669398445579391 36.37191101106255
0.014774181964726461 36.36400196393342
0.014878950099599952 36.35631547919816
0.014983730287301088 36.34896237123154
0.015088522357673221 36.34196996726372
0.01519329865262367 36.33532754250827
0.015298086717873057 36.32901565018615
0.01540285933921006 36.32300565768731
0.015507644471621094 36.31728105043322
0.015612415373400891 36.31181898796727
0.015717200283598447 36.30657151574671
0.015821972788832232 36.30151656219725
0.01592676144357932 36.296611158697885
0.01603154003337983 36.29187237089678
0.01613630833577754 36.28732604589382
0.016241093355601588 36.28282023264039
0.01634586908461625 36.27827453450143
0.016450636711219175 36.27370238270774
0.01655542426350205 36.269074016044094
0.016660205036104214 36.26435605938709
0.0167649795881082 36.25951536900617
0.01686974860550338 36.25451508076547
0.01697453999801991 36.24933262404278
0.017079327158220744 36.24355245216158
0.017184110586325928 36.23526052423627
0.017288890881576355 36.22414027727788
0.017393668600116576 36.21030843080858
0.017498444148012292 36.193787450979045
0.017603217714748917 36.174573195926904
0.017707989465421868 36.1524390106867
0.017812774497175065 36.12568338267454
0.017917546051139637 36.09542279575615
0.018022333458594587 36.062267736275295
0.01812711197715536 36.02586085631323
0.018231884656458724 35.98689062892085
0.018336654918455614 35.94587493847891
0.01844142457376331 35.904399057325975
0.018546194971170358 35.86391326671846
0.01865096934734648 35.824367064711545
0.018755752356174077 35.78604141340713
0.01886052146940583 35.74913831105883
0.018965305203273292 35.71492355453027
0.019070081743967154 35.684645533513795
0.019174865916074993 35.65754157256504
0.019279653481879787 35.634068443574066
0.01938443872667212 35.61470320555053
0.019489214542243085 35.599947194346235
0.019594002944119684 35.589380546924325
0.01969877323083489 35.58155321821411
0.019803545919905033 35.57641558276896
0.019908338579464665 35.573741092963935
0.020013114430724052 35.57315974500668
0.020117893704246503 35.573602479574184
0.02022266214086541 35.57425795219818
0.020327453939111964 35.575200754003106
0.02043224571989729 35.57532618576583
0.020537017065047482 35.57362540205938
0.020641802175499293 35.569444692642136
0.020746578434851403 35.56362702621868
0.020851352866706044 35.55603908891274
0.02095613882586607 35.54655431440376
0.021060925587232743 35.535345855012615
0.02116569757922435 35.52332268743764
0.021270476854410723 35.510527902626905
0.02137526490773976 35.49696200202728
0.02148003498304176 35.48356019694942
0.02158481089368629 35.47119909953122
0.02168959173958977 35.45992325922137
0.02179437660961822 35.449683879689154
0.02189915738196936 35.44094834034648
0.02200394766082637 35.433817429447124
0.02210873325662776 35.42787846234383
0.02221351056712709 35.422947539710734
0.022318301660638626 35.41927415590172
0.022423074414431976 35.41624707497386
0.02252785331766747 35.41308684486573
0.02263263480775198 35.409445958137525
0.022737413305508124 35.405185029072406
0.022842189046875874 35.399556528945354
0.02294696947990715 35.39202808780147
0.023051739516606936 35.382492720063
0.02315653110299056 35.3706929969879
0.023261323986630347 35.35612546361305
0.023366098394227902 35.33912370999711
0.023470886333538714 35.32030320479487
0.023575670035937787 35.299868747487366
0.023680459490098758 35.278347249725684
0.023785231356863782 35.25652434482865
0.023890009194391108 35.23492892497568
0.02399478957943691 35.21389950200746
0.024099570703897823 35.19432471369873
0.024204348142888507 35.17669256559429
0.024309118360153252 35.1610690693296
0.02441390199275863 35.147621464390184
0.024518688240405883 35.13653876205749
0.024623468195055166 35.127560958373685
0.02472823757588141 35.1204365935405
0.02483302154535583 35.114997836018226
0.024937790371099566 35.11058528094462
0.02504257009590263 35.10648182661818
0.025147359918205152 35.10231912543077
0.02525213429162971 35.09768566613031
0.025356927495985896 35.09203631424549
0.02546169537015366 35.08521819867414
0.025566471115544553 35.07709581870551
0.025671259592134534 35.0675252564937
0.025776040340340756 35.056884325743155
0.025880818226348454 35.04564209760669
0.02598559901369256 35.03407838913299
0.026090386057839966 35.02265080371346
0.026195176566196243 35.01140552446712
0.026299965993879845 34.998945415635234
0.026404750491780593 34.98535480463267
0.02650952566905133 34.97169297027881
0.026614312565798097 34.95901776973929
0.02671910491455767 34.94685694006692
0.02682389437209545 34.933690420739204
0.02692867531629608 34.91877154090774
0.027033447752011216 34.90221699561201
0.027138239623105253 34.8825275894188
0.027243025369645808 34.85972118901164
0.027347807351368852 34.835656428895554
0.02745260083334489 34.81021590027865
0.02755738251974139 34.7838920427636
0.027662152577153185 34.756836941367595
0.02776693611095755 34.72895842018888
0.027871708112374858 34.70020882902958
0.027976479382917387 34.67109868942783
0.02808125097651356 34.64331138612477
0.028186027470569103 34.618786162668144
0.028290808689593702 34.59787469322911
0.028395595044611588 34.58032711950743
0.028500386721125426 34.565566615125604
0.02860517633318261 34.55330868468957
0.028709963774642404 34.54403497468281
0.02881473975235922 34.537513222038825
0.02891952724240367 34.53379125500658
0.029024295315479252 34.53306971282407
0.029129080333264036 34.53495340564723
0.02923385428710275 34.53800213056175
0.029338638838849393 34.540530990552085
0.029443406134324616 34.54205508834657
0.0295481793214043 34.54220944954159
0.02965295696514116 34.541647007792776
0.029757726171379822 34.53966818614638
0.02986250675710723 34.53616329864859
0.029967280511660695 34.530979924299444
0.03007205486262987 34.52349889594719
0.030176825545321178 34.51366612662312
0.030281594800801264 34.502545529772284
0.030386368979600398 34.49159664339038
0.030491152667202648 34.48122029572474
0.03059592690683219 34.471626547944915
0.030700719442626045 34.462421904697784
0.030805488912603922 34.45408344775281
0.030910277667015942 34.44662673822153
0.03101505116265665 34.44056803911725
0.031119833076644853 34.43636782849753
0.03122462404719855 34.43402048171251
0.03132941734904222 34.432334683603955
0.03143420741342439 34.430755784680755
0.03153898475177546 34.4288847977469
0.03164376856954677 34.426819096432126
0.03174853805989781 34.424036348761206
0.031853328212642036 34.420325739088966
0.03195811977437705 34.415075291974055
0.03206288970973538 34.40755486565868
0.03216766442548753 34.39748642774484
0.03227244975504352 34.385598187405336
0.03237722616537392 34.37231890532265
0.032482005808759006 34.357925730098124
0.03258679683077525 34.34249354917152
0.03269157014258962 34.3264558635323
0.032796348503137916 34.3100923000342
0.03290112816172182 34.29418470627646
0.03300591076739358 34.27947912895532
0.03311069480508574 34.26606451475274
0.03321547673837945 34.253760188336116
0.03332024816555314 34.24247638219957
0.03342502500940087 34.23232458829205
0.03352980372863172 34.22323492004658
0.03363458460018311 34.21513147733668
0.03373936905811263 34.20756554332095
0.033844155924022436 34.19977965849617
0.03394894280092991 34.19128171445885
0.0340537296772304 34.18213420535438
0.034158520099442674 34.17225362657358
0.03426329740303547 34.161622537266425
0.03436806893045239 34.1502186768873
0.0344728374894929 34.13793529073063
0.03457760545565496 34.12470355828625
0.03468237473265508 34.111299422593106
0.034787147783075636 34.09833680871107
0.034891927942018106 34.08607861085269
0.034996717083533566 34.074685161686965
0.03510148486239287 34.06379253595577
0.03520627619861607 34.05267909925842
0.03531105998492288 34.04257023930794
0.03541583312811296 34.033424975038116
0.035520618084451706 34.02464803995707
0.03562538603592738 34.0162315727912
0.03573015822740931 34.00709099671211
0.03583493017466358 33.99723796502177
0.03593969982652546 33.98618792188576
0.03604447099289243 33.97351205637433
0.03614924914965044 33.95782089092341
0.036254038343060416 33.93931449869739
0.036358816181339314 33.919589883615366
0.03646358718579755 33.899024056377215
0.03656836393497064 33.87707017189456
0.0366731374875178 33.85457365899112
0.036777906370341666 33.83219488992199
0.03688268515811565 33.81001127161005
0.03698747377332774 33.78818363878003
0.03709224700249992 33.76755899378911
0.037197028184148793 33.75036063985799
0.0373018129586944 33.73719398982074
0.037406597294860205 33.72715661888939
0.03751137776667631 33.71963795944694
0.037616150480770466 33.714762279702754
0.03772092457253718 33.712725505758584
0.037825714649192155 33.712872145257
0.03793049502637559 33.71457580980521
0.038035270541163936 33.71786079152144
0.03814003925783616 33.72244509966074
0.03824482700794029 33.726675177944195
0.038349609671022425 33.72901320094564
0.038454390839917724 33.72937872430937
0.038559173284806736 33.728201352245804
0.03866395915702036 33.72527059475944
0.038768736167330155 33.720119339391246
0.03887352051291843 33.7131594670653
0.03897828783179956 33.704857905334926
0.039083063675291164 33.694963482253
0.039187851099993856 33.683781017050755
0.03929262540316055 33.673108429985405
0.03939741214209615 33.66402719693782
0.03950218338854258 33.65618901005882
0.03960696555229055 33.64952057335858
0.03971175092229295 33.64457094811948
0.039816523429961864 33.641290127123085
0.03992130267610618 33.63932050820416
0.040026087152806304 33.63890707640179
0.04013087278701134 33.6401592185771
0.04023565562316081 33.641761978819844
0.04034043362794263 33.64246046904879
0.04044520648081896 33.64217800439275
0.04054999794948158 33.640816461140574
0.040654786222646865 33.63754645043564
0.04075955925142643 33.63213796138202
0.0408643504626462 33.624705445442856
0.04096913746297548 33.61469308707716
0.0410739283058961 33.60247573913032
0.041178702723756504 33.589475158875224
0.0412834913228171 33.57604684877268
0.04138827400021195 33.56248935102935
0.04149304675621564 33.549847382279765
0.041597826805073214 33.5385512450959
0.041702609984030296 33.52902313467392
0.04180739177179646 33.522027226846745
0.0419121634856899 33.517356390674664
0.04201694477701087 33.51423049330134
0.04212172822618116 33.51249544359952
0.0422265061877069 33.511901894480474
0.042331278620855894 33.51162541020588
0.042436050063133515 33.51110953156167
0.04254082264212633 33.5096167628942
0.042645598906800884 33.50576255918717
0.04275038594350826 33.49948709160064
0.04285516444694104 33.491100311932136
0.04295994443984981 33.48034659050623
0.04306473616379983 33.467451665271085
0.043169514413509406 33.452984106270165
0.043274305458014965 33.43719231862315
0.04337908474003777 33.42097195908144
0.04348387661027059 33.4054171302208
0.04358865041554841 33.38983442270877
0.04369343010533485 33.37369135250343
0.043798207793923634 33.358116744986944
0.04390300093273554 33.34325125870419
0.04400778487384986 33.32912189328745
0.04411256340859698 33.315908102037014
0.044217332806406884 33.30346227223706
0.04432211206858119 33.290754339445726
0.04442689809065363 33.277069251541754
0.04453166569624601 33.26267191264844
0.04463644172746784 33.24788710646176
0.04474122937752412 33.23133131570566
0.044846011159585274 33.21384536163728
0.04495079072815358 33.195863981271906
0.04505556648923303 33.17769697791658
0.04516033915469355 33.15921403249929
0.045265127236222794 33.14059675016803
0.04536989687371389 33.12291426553561
0.04547467251343029 33.10642166353904
0.04557945437785561 33.09132334347856
0.045684241805349066 33.07751158158604
0.04578903377688557 33.066506054782934
0.04589382539910375 33.058565471625485
0.045998609713842904 33.053158199772106
0.0461033842910211 33.05014578198664
0.04620817733189533 33.049250645301825
0.046312954024148104 33.05061222126487
0.04641773112114983 33.05331172513351
0.04652251385265643 33.05677255472217
0.04662730153002395 33.060563165443625
0.046732093752583935 33.06473988828283
0.04683686460369382 33.068515670825064
0.046941642756972206 33.07073319889354
0.04704643449041859 33.07161299819411
0.04715121827666778 33.07101280878661
0.04725599261618817 33.06889017381576
0.047360765426060374 33.06487821419952
0.04746554582069313 33.05969081740061
0.04757033198183035 33.05378454508062
0.04767512507791711 33.0473666410512
0.047779900630023124 33.04032052536154
0.04788468490267663 33.03397855475567
0.04798947382134123 33.02854093786864
0.04809426179867088 33.024001387824455
0.048199049324385644 33.0202902413484
0.048303832387172826 33.017862648863996
0.048408599730405504 33.016397048023734
0.04851337720703534 33.01544468228931
0.048618162803861685 33.01472052744195
0.048722954021722956 33.01444153859019
0.048827722959483746 33.01346905025245
0.04893249764465215 33.01134584857346
0.04903728310441961 33.00790907007323
0.04914205264948441 33.003130870110304
0.04924683670815499 32.996480269324564
0.04935161919442209 32.98823635111771
0.04945640234216017 32.97887259092782
0.04956118898864076 32.96845675197742
0.04966595677119441 32.9571515958599
0.04977073378211858 32.94614533678086
0.04987551700707496 32.935833196675645
0.04998030521495998 32.926371373015556
0.050085073110874186 32.918306016737695
0.05018986330611196 32.911929669502584
0.05029464623167755 32.907035520273155
0.05039941845946594 32.903498093775326
0.050504202177025156 32.90157835082779
0.05060899331705701 32.900415692869075
0.050713765958590735 32.89948529101693
0.05081854750263741 32.89850557431754
0.05092333530285658 32.897037595787516
0.051028109658179346 32.89449751678426
0.05113290097409948 32.890872229924824
0.0512376870856309 32.886185710932324
0.05134247210320244 32.88004102262194
0.051447261347199624 32.872964540303016
0.0515520303890188 32.8654256193295
0.051656805629464356 32.857669464893405
0.051761590547480675 32.85010228923174
0.05186638111297362 32.843205204142535
0.051971174242089614 32.83581813836709
0.052075966835672914 32.82749733387774
0.052180755318444794 32.81946123854357
0.05228553461371023 32.81222096709143
0.05239030239380626 32.80446655210192
0.05249508341706085 32.795085909942564
0.05259987352980352 32.78468673438022
0.05270464797093045 32.77312589085852
0.05280943487122301 32.759059981164945
0.05291421093753905 32.742601680578055
0.053018978942950795 32.72411108248819
0.05312376959949042 32.70340861718021
0.05322856075842826 32.68021906528314
0.05333332804821229 32.65555879989708
0.05343810155920521 32.63069177822918
0.05354288424139282 32.606345282672876
0.053647657127763454 32.582954029429146
0.05375242705820819 32.56119932493398
0.053857217654315295 32.54136010982781
0.053961991945909726 32.52390558660683
0.05406676784737324 32.50938765139442
0.0541715407055292 32.49814795726263
0.05427633141209348 32.49111277239942
0.05438110841741776 32.488559697939905
0.054485895388882 32.489831609625156
0.054590663875279756 32.49359313684255
0.05469543743565331 32.49883940907267
0.054800211573453265 32.50488508645776
0.05490500482591365 32.51088321680733
0.055009790097538924 32.51640592429763
0.055114575097548676 32.52119932085812
0.05521934238872246 32.52442866255467
0.055324124226151086 32.52495392356892
0.05542890179065613 32.52218105580248
0.055533681343091064 32.51707736298448
0.05563846897945166 32.51046164224675
0.05574325092709089 32.50298231518971
0.05584803175766176 32.4953275498279
0.05595280624260429 32.48805924051813
0.05605759450332197 32.481692644096164
0.056162365407928 32.47743841416733
0.05626713873347046 32.47504293018461
0.05637190879476326 32.47518258508077
0.05647669677646774 32.477536612694834
0.0565814664523539 32.48165694282305
0.056686243637086846 32.486623541067104
0.056791029959450436 32.492028566156876
0.05689581373247703 32.49698952189495
0.05700059699075684 32.5002484809137
0.057105383506218826 32.50175577535876
0.057210151414257705 32.501557051627586
0.05731493328459834 32.498458216216164
0.05741971590431552 32.49235320462001
0.0575245030489771 32.48391419512015
0.05762927125415986 32.473264078683364
0.05773405712027427 32.46139315506956
0.05783883451297938 32.44974908579763
0.05794362762068825 32.43846141975204
0.05804840749145703 32.42810566680963
0.05815319450270456 32.419716832639374
0.058257976403647015 32.4135762719739
0.058362753577453776 32.409550090411344
0.058467545465422134 32.40770109412961
0.05857231832548569 32.40743698060963
0.05867709573542409 32.4076367488956
0.058781876310775014 32.407934988974574
0.058886659785382336 32.40793015981551
0.058991448276095336 32.40663126273857
0.05909622418118705 32.40354431054779
0.059200993963458175 32.39860274737477
0.05930578635279998 32.39150978575696
0.059410560482813846 32.38259339087048
0.05951534626770951 32.37288879770156
0.05962012077894847 32.362574902258935
0.05972491108938922 32.35227294077466
0.05982968899236987 32.34290225010264
0.05993447147200428 32.334803814182536
0.0600392586187883 32.32842916520559
0.060144042373528044 32.32420448547594
0.0602488172033196 32.32207061132426
0.06035360715243549 32.3212043856138
0.060458382475440546 32.32136934676475
0.060563165555056885 32.32204304893166
0.06066795438102382 32.322147120317034
0.06077272820031678 32.32010188844495
0.060877516048773235 32.31566628794612
0.060982293512034345 32.30931026505793
0.06108706809805528 32.30028348353584
0.06119184294991093 32.28790176301241
0.06129662075424686 32.273296839431865
0.061401405850416535 32.25683974111362
0.06150617626101875 32.238361820441746
0.06161095688935588 32.21882863354132
0.061715743692363274 32.19852997372158
0.06182051111840105 32.177630732294894
0.06192527982990067 32.157136555859026
0.06203007212478039 32.135200288736584
0.062134860772762895 32.11437915970865
0.06223964333009064 32.09578673093914
0.06234441770278734 32.07974816871566
0.062449200970934836 32.066326775627104
0.06255397717978883 32.054886167863486
0.0626587671258334 32.044723183920766
0.0627635489122803 32.03577476847414
0.06286831744853207 32.027827527869164
0.06297309565169298 32.02121615056019
0.06307788271756817 32.0180242255621
0.06318265613548925 32.01860270972695
0.06328744429401446 32.021306747287895
0.06339222521843954 32.02418443293099
0.06349700433897233 32.026496694697315
0.06360179635760316 32.02767148850161
0.0637065637105298 32.02796138944279
0.0638113326325353 32.028027177745976
0.06391612030636779 32.02840686789875
0.06402090778086461 32.02969932116036
0.06412570074611193 32.02988073781222
0.06423047428752693 32.02739398773451
0.06433525235177447 32.02369139183088
0.0644400312029282 32.02010848175497
0.06454480891085014 32.01745287245875
0.06464959711048412 32.0161361479284
0.06475436737466306 32.01585781310041
0.06485913692995066 32.016147746092244
0.06496392566836304 32.01637432956167
0.06506870242716255 32.01755279593722
0.06517349262531047 32.01982651932998
0.06527827294527169 32.02292429381373
0.06538304698384459 32.02539493582969
0.0654878356443858 32.026563322526485
0.06559261034749918 32.02610855310498
0.06569739703213813 32.02461402122099
0.06580217622781126 32.02252544060104
0.0659069569985129 32.019333547427784
0.06601174243836884 32.01449190731825
0.06611653116135911 32.00779147425691
0.06622131933211467 32.00021229921398
0.06632611052467635 31.992848149770793
0.0664308821459173 31.986305922568775
0.06653566095755019 31.980340195087926
0.06664044195341672 31.974497077066857
0.06674521722793254 31.969258700998566
0.06685000915893845 31.96514305884332
0.06695479174433433 31.962480708564705
0.06705956882982363 31.960656024598016
0.06716433701414765 31.95871541803912
0.06726911972935797 31.956093879561294
0.06737388892805228 31.952912915782342
0.06747867364132487 31.949757385657602
0.06758345553638166 31.9462113188213
0.06768823887296273 31.941721984991847
0.06779302454153874 31.936095078033297
0.0678978090271861 31.930080433552508
0.06800259713401471 31.924017095964796
0.06810736646276276 31.918493598454365
0.06821213881050653 31.913539005851195
0.06831691400743388 31.908716243215252
0.06842168849984363 31.904625034350083
0.06852645705314449 31.901375781834084
0.06863124492859346 31.8988303166215
0.06873602829844723 31.89687259402268
0.06884080247933186 31.89524778028779
0.06894559471278729 31.893278472389746
0.06905037961011035 31.890703549914356
0.0691551577480055 31.887813597740994
0.06925992928912647 31.88402325797964
0.0693646992219083 31.878167235777557
0.06946947024669012 31.870122587981506
0.06957424039850628 31.861117899565265
0.0696790121200689 31.850721208648558
0.06978378699843257 31.838540797117492
0.06988856398436 31.825777323409916
0.06999334209625843 31.812293773977764
0.070098122304704 31.797488362623188
0.07020290201703745 31.782420161434622
0.07030767784051793 31.766454390454747
0.0704124488665405 31.749957212678275
0.07051721655646728 31.732418188111737
0.07062200439598854 31.713306167184992
0.07072678693411914 31.69497064526101
0.07083156494173758 31.677635305759004
0.07093634086399668 31.661470819993042
0.0710411304560369 31.646702275235892
0.07114591516043117 31.633171446498363
0.07125068380710735 31.620483652158367
0.07135547421510485 31.609006215142543
0.07146025876815837 31.59915976258627
0.07156503701502276 31.59156188840391
0.07166980691557975 31.587913594773628
0.07177459468225467 31.58822768374202
0.07187937569880884 31.590505716949913
0.07198415057915826 31.593685093983247
0.07208891971635897 31.597246521163857
0.07219369728613442 31.600702483253084
0.07229847390795612 31.60398951435081
0.07240325553713219 31.60745273078373
0.07250802922642342 31.611071419662313
0.07261279900612166 31.61313386177891
0.07271756770238542 31.61183899433489
0.07282233915102942 31.610190632347315
0.0729271271048741 31.6084980438118
0.07303190241364142 31.60584122229949
0.07313668339436781 31.603666318695332
0.07324146756970053 31.602613016666552
0.07334625192399763 31.601552417182287
0.07345103194939422 31.602194390643994
0.07355580264970905 31.604096200344024
0.07366057154513223 31.606959534913873
0.07376534111281881 31.61002541926574
0.0738701243278844 31.612689303725237
0.07397489287039036 31.61396056114481
0.07407967575300044 31.61502172467168
0.07418444899164925 31.615957206483134
0.07428924153899029 31.614952256307923
0.0743940099083595 31.61177218079164
0.0744987787993684 31.608484108457805
0.07460355298453526 31.603144130557844
0.07470833401941501 31.59846911227749
0.07481312007609878 31.59342896893631
0.074917909463749 31.5884343296524
0.07502269457609488 31.583906595707028
0.0751274761933079 31.579550192658747
0.0752322498498279 31.576061860493063
0.07533702028762188 31.57355405780191
0.07544181219780052 31.57084010473303
0.07554660037681706 31.56774939269593
0.07565137951341426 31.564361834880174
0.07575615060710435 31.561134130635114
0.07586092071031782 31.557764253116513
0.07596568866245784 31.55346866859557
0.07607048006819266 31.549020303709288
0.07617527289637537 31.54464597048434
0.07628004493668958 31.54046286944662
0.07638481693109216 31.536122833865228
0.07648958827497146 31.532348119653122
0.07659435809557763 31.529516197239815
0.07669912638972029 31.52669595402108
0.07680391385277488 31.52394954748421
0.07690869293358399 31.521316507771786
0.07701346863975135 31.518818693591243
0.07711824142550194 31.516126410584718
0.07722301144415132 31.51250345188279
0.07732780447936505 31.50876213640715
0.07743257365825827 31.505156642206046
0.07753734325527227 31.50108367369238
0.07764211233672141 31.496895487474877
0.0777468808501522 31.49319140926963
0.0778516485490026 31.4892526029854
0.07795643985169753 31.484236519179305
0.0780612277612655 31.477896411720447
0.07816601338450109 31.47135546650627
0.07827079784617913 31.46443586417466
0.07837557879602233 31.455955329394875
0.07848035569643134 31.446117763285816
0.07858512855584274 31.435471945902194
0.07868989715446176 31.42323658371553
0.0787946873919555 31.40979942670188
0.07889947589192717 31.394736532272592
0.07900426269594528 31.378203038869316
0.07910904844359448 31.361008317581103
0.07921383404879287 31.342067383081623
0.07931861981699465 31.3226455629651
0.07942340455550138 31.30368025798736
0.07952818740022588 31.285761177027425
0.0796329776387196 31.26944841364856
0.07973776087348204 31.254987183210808
0.07984253493246489 31.242193924016654
0.0799473116693584 31.23137363246037
0.08005208462398444 31.222623430577894
0.08015687590764208 31.215971816726416
0.08026165704272872 31.21278857954344
0.0803664260090252 31.213545479371334
0.08047120777648577 31.21729916592822
0.08057597721096293 31.22246358160833
0.080680763745704 31.22709786424071
0.08078553778483678 31.22929793790626
0.08089031516354787 31.23054859637589
0.08099508639611763 31.233142636765194
0.08109986020708147 31.23547161639809
0.08120463461056354 31.236685424644
0.08130941566571825 31.236608944967596
0.08141418873382447 31.23632747631494
0.08151896641944806 31.236836082164995
0.0816237425830634 31.238898021526502
0.08172851783972591 31.241608342270503
0.0818332859941418 31.243993806146943
0.08193806047708017 31.245906091183485
0.08204284925571194 31.248120836315845
0.08214764132815663 31.250535266864034
0.0822524091877833 31.252043751978523
0.08235717833245285 31.250801274706234
0.08246194687511142 31.24952507100254
0.08256671968277912 31.248699508620575
0.0826714871433308 31.247176680312435
0.08277627898749462 31.245683915337988
0.08288104802103399 31.244151862106257
0.0829858369654304 31.243083656948937
0.08309062353094643 31.24183158016261
0.083195406451626 31.240179928578968
0.0833001834743356 31.238970720883824
0.08340495164261343 31.237165190771968
0.08350973928792008 31.234531601560935
0.08361452612211957 31.232088472417786
0.0837193072841891 31.228307057838318
0.0838240883778544 31.224281988522947
0.08392887399920954 31.220248053101553
0.08403366059652993 31.216101430003206
0.0841384467063444 31.211839962086607
0.08424323377746774 31.20872117387895
0.08434801835533684 31.205551097891586
0.08445279504715408 31.202557135430087
0.08455756775934657 31.200135853251282
0.08466236081799501 31.19752772929415
0.0847671483724539 31.194309926549597
0.08487193400975422 31.19129496333882
0.08497672195539269 31.187982915331375
0.0850815093827812 31.184234355956324
0.0851862995758094 31.181050362357606
0.08529109159769631 31.178082146755127
0.08539588111408283 31.17524233001683
0.08550066723167388 31.172983561772458
0.08560544993719026 31.170965945354432
0.08571022624129992 31.16857951673798
0.08581499685967328 31.16615534366673
0.08591976537077767 31.1633802335283
0.08602455491425237 31.160106204290877
0.08612934407211788 31.156711149631235
0.08623413484898652 31.15302082733606
0.0863389238282229 31.14954278638637
0.08644371154908113 31.14651242145768
0.0865484943549369 31.142636176385277
0.0866532680000838 31.137205058379678
0.08675806006909 31.13127197928609
0.08686284624688352 31.125195513020188
0.08696762712696682 31.117432356660302
0.0870724032017415 31.107855167649877
0.08717717650426438 31.097324536691968
0.08728194697592959 31.08542142825437
0.08738671461791199 31.07278724332157
0.08749150536642322 31.05890485350503
0.0875962917982735 31.04343994310368
0.0877010737046868 31.02739084267588
0.08780585042377292 31.009607885740277
0.08791062091729725 30.99131292797572
0.08801541240033516 30.973735412993513
0.08812019997721732 30.956857532405767
0.088224989532227 30.94115355166202
0.0883297734442503 30.92693630013288
0.08843455096737665 30.913845948638162
0.0885393291901347 30.90218431835404
0.08864409960030332 30.89265517979118
0.08874888627182015 30.88527681720386
0.0888536620616723 30.881019046724827
0.08895845204373787 30.880863329119638
0.08906323005851276 30.883950635971537
0.08916802099487463 30.8883935890194
0.0892727986969571 30.892382959217894
0.08937758832115239 30.89414600471239
0.08948235856116295 30.89526219097373
0.08958712683726573 30.896822281661546
0.08969189574296227 30.899305018534307
0.08979666958252519 30.90305479185216
0.08990145567389957 30.906476557076434
0.0900062414994029 30.90823232410906
0.09011102497348014 30.91095933418756
0.09021580080244906 30.914798454004405
0.09032058556276186 30.91942074839933
0.09042536264734954 30.92279358537563
0.09053013217698419 30.924021273395116
0.09063492232471118 30.92526233366078
0.09073969193762922 30.926324251546347
0.09084446332432489 30.92576788036181
0.09094923701237466 30.92482007106749
0.09105401332409721 30.923623423663777
0.09115878490958923 30.922219978532123
0.09126357755450445 30.92120597804891
0.09136834729731845 30.920754717984018
0.09147313873252691 30.920821946959787
0.09157792501931371 30.921093238459804
0.09168270285440434 30.920833414325003
0.09178749539652573 30.920848409711688
0.09189227449279434 30.92066736575121
0.0919970427127716 30.919193655039983
0.09210183427907594 30.916405781769626
0.09220660252608592 30.91316120031231
0.09231137776177205 30.909914780565586
0.09241615786099361 30.90646386180429
0.0925209371315211 30.903575808272144
0.09262571049000155 30.901523083515638
0.09273049774415508 30.899805352326045
0.09283527517100905 30.897721326164437
0.09294004391797452 30.8949461547173
0.09304483388704134 30.891949453423678
0.09314960202128954 30.88821707552637
0.0932543737130127 30.884061077875238
0.09335914997467204 30.880658918499897
0.09346392627471267 30.877753692996368
0.09356869533767659 30.875223109950745
0.09367348225621493 30.873122622595893
0.09377826135892461 30.87114180407115
0.09388303173654325 30.86937915079747
0.09398782474640746 30.86698861664086
0.0940926161644827 30.863879642300553
0.09419738353994148 30.861076130223807
0.09430215301307841 30.858356023118514
0.09440692135698855 30.855738390284966
0.09451171314531398 30.85338059439039
0.09461649801106653 30.851393583756813
0.09472127636601284 30.84963681885545
0.09482604877750872 30.84729087345745
0.09493081642239388 30.844595345318922
0.09503558481947735 30.841695408149274
0.09514035367327826 30.838339287809788
0.09524512354734718 30.83373259579054
0.09534989203505298 30.827950630816403
0.09545468109994992 30.82226718032085
0.09555946433927164 30.815700175388223
0.09566424008567202 30.80736539443705
0.09576901177248572 30.798083948056735
0.095873781711705 30.787003765336323
0.09597855209306284 30.774353321510134
0.09608332499343876 30.7608339822049
0.09618809758370056 30.746079356429068
0.09629286859142895 30.730726205073466
0.09639765952580577 30.71433885658615
0.09650244340163314 30.696439090582007
0.09660722162722729 30.678724541971985
0.09671199572296954 30.661812050262203
0.09681677011914411 30.646022433705706
0.09692155730400003 30.631730258699587
0.09702633997039602 30.61878507033108
0.09713110780844703 30.606951559513327
0.0972358968231185 30.596907645204723
0.09734067662896374 30.589172561720765
0.09744544542031834 30.58404665753701
0.09755022884127845 30.582753000478576
0.09765500244614017 30.58536076519512
0.09775979252793035 30.59009379417265
0.0978645725993191 30.594538831791336
0.09796934049387684 30.596531342200134
0.09807412677188754 30.59717722275741
0.09817891384124536 30.597558206038336
0.09828370494879758 30.600470862293605
0.09838847768143046 30.605470679928924
0.09849325150374161 30.611368522189597
0.09859802218494815 30.615654737212207
0.09870280978955542 30.618889050662425
0.09880758692518656 30.62294298818374
0.09891235828534176 30.627434955039007
0.09901712905938673 30.629915672435043
0.09912190342841314 30.630821502905125
0.09922668300828281 30.63182609704839
0.09933146561133814 30.633382767272554
0.09943624898293874 30.63455596435825
0.09954103046077017 30.63451098679552
0.0996458043348251 30.63406672316066
0.09975057298858873 30.633928867453186
0.09985534148354323 30.634277858956292
0.09996011589735598 30.634756413683657
0.10006488844335676 30.634735576305566
0.10016967933146234 30.634139967415788
0.10027446022065659 30.633512426448945
0.10037923198834658 30.63359442949311
0.10048402356914689 30.633539502779257
0.10058881464767265 30.631669671905097
0.10069358264374868 30.628555782768345
0.10079835533253563 30.626126072302522
0.10090312911976973 30.6245185821715
0.1010079011530298 30.62261953382137
0.10111269247798735 30.620545062655495
0.10121747588485135 30.619022482399053
0.10132225364923043 30.617167168994733
0.10142702962230492 30.614274541754046
0.10153180831121424 30.611001818048898
0.10163658976257225 30.6082878177601
0.10174137293017084 30.60574194876344
0.10184615314803261 30.603111376136663
0.10195092785222885 30.601084788075372
0.10205569717564554 30.599423435665447
0.10216048810051004 30.59715528421367
0.10226527682950998 30.594625762826976
0.10237006681297667 30.59223693823138
0.10247485803870493 30.58980797636063
0.10257965071482235 30.587339390955695
0.10268444173165332 30.585256367255184
0.10278922961755114 30.583599959681603
0.10289401230101447 30.58170713353651
0.10299879043273968 30.57956048013032
0.10310356670772262 30.57719071589407
0.10320834276564077 30.574833288291693
0.10331312021320169 30.572515923340198
0.10341789727058386 30.570270675326647
0.10352267275892495 30.568200381660397
0.1036274440651035 30.5662777757194
0.10373223691017928 30.564388211099363
0.10383702641802227 30.561054974418738
0.10394181479214802 30.55595214934406
0.10404660403008015 30.5501408796286
0.10415139425945358 30.54381077826171
0.10425618490596329 30.535981102625293
0.10436097359238979 30.52735014384739
0.10446575951648968 30.51783221369502
0.10457054170677188 30.506516474682375
0.10467532105367484 30.49412481822327
0.10478009899179587 30.480265712636275
0.10488487726878534 30.465126751690775
0.10498965584869818 30.449124678621466
0.10509443348265315 30.431386771982407
0.1051992086550694 30.413643233652262
0.10530398001060717 30.396739459148534
0.10540874825515309 30.380770089519743
0.10551352199078624 30.366217308303845
0.10561828998518603 30.353223704962097
0.10572307403879902 30.341453354620683
0.10582785768382394 30.33136169136335
0.10593263444087417 30.323510836749797
0.1060374020177623 30.317815017481614
0.10614218575721499 30.315464457757336
0.10624695976362286 30.317105305270438
0.10635175075371055 30.32155920339618
0.10645653156089367 30.326359265017025
0.10656130328565878 30.328826064108725
0.10666607403426889 30.32940187928876
0.10677084908247224 30.329545641820495
0.10687563110174918 30.332104990242307
0.10698041606006253 30.33749823267484
0.10708519814502689 30.34465906798238
0.1071899724132918 30.35037628112212
0.10729476379025807 30.354282625576463
0.10739955115039038 30.35769668801953
0.10750434012970402 30.361285162227247
0.10760910988636309 30.364119339866498
0.10771388479201059 30.365612327637848
0.10781866177590337 30.367382560195583
0.1079234404513722 30.37002155736921
0.10802821472085167 30.3724588998967
0.10813298499506697 30.373533916695365
0.10823777513543463 30.37404096757302
0.10834256319733808 30.37465306915853
0.10844735172871064 30.37509938955245
0.10855211986110035 30.375224020363678
0.10865688844921409 30.37459205299163
0.10876167704762837 30.373636244450886
0.10886645837371427 30.372919487795773
0.10897123588114757 30.372712530463964
0.10907601109075411 30.372529662159977
0.10918078700070315 30.371136207890423
0.1092855641391464 30.368842048528336
0.10939034253141867 30.367174496325706
0.10949511958773168 30.36625674596933
0.10959989412849719 30.36515445496815
0.10970466518909605 30.36374124833639
0.10980943470524877 30.36215877078442
0.10991420428648166 30.360427051276087
0.11001897603167213 30.358456702162307
0.11012374939752154 30.356424367794332
0.11022852282559457 30.35456678948206
0.11033329328359935 30.3527133869391
0.11043808598268577 30.350750371900805
0.1105428758326755 30.348664623591112
0.11064766499804128 30.34642306017722
0.11075245481196055 30.344002833088364
0.11085724559186336 30.341741485244448
0.11096203602408558 30.339616636359356
0.11106682453922939 30.337609661906725
0.1111716102592035 30.335836732857942
0.11127639364256371 30.333887407473753
0.11138117622741367 30.33161096483513
0.11148595934397296 30.32942131358483
0.11159074365029005 30.32754486936087
0.11169552834219341 30.325881325228263
0.11180031230436657 30.32406482575367
0.11190509436207159 30.322232779000593
0.11200987473009853 30.320490384117505
0.1121146543556084 30.31898408724074
0.11221943420041337 30.31743043452628
0.11232421445338298 30.31567851443346
0.11242899484718775 30.313051634260653
0.11253377384673956 30.30893113649113
0.1126385505213386 30.30418656925672
0.11274332462445957 30.299206417603152
0.11284809747249196 30.292536166728233
0.1129528703087094 30.284019721628027
0.11305764409285912 30.274685303185443
0.11316241823989447 30.26402702164207
0.11326719176409937 30.252299914987685
0.11337196346808122 30.239573182609334
0.11347673344902642 30.22514783839241
0.11358150246059119 30.209763052097017
0.11368627192648662 30.19288817965455
0.11379104238632891 30.17483583781769
0.11389581369175972 30.157489261574103
0.11400058474354624 30.141217631168793
0.11410535568521697 30.126108544932745
0.11421014000498836 30.11265081878114
0.11431491757968239 30.100683068572554
0.1144197022274152 30.09014899560499
0.1145244812994682 30.081971132644636
0.11462925131054251 30.07628959762938
0.11473403739866167 30.073043278920775
0.1148388137956535 30.073555200966936
0.11494360644359687 30.077569214118643
0.11504839022260406 30.082162512336772
0.11515316796700811 30.08565633511629
0.1152579495023445 30.086463767339183
0.11536273821921665 30.086974512984
0.11546750793878403 30.089282579777496
0.11557227679936113 30.09518029442874
0.11567706510892309 30.10283916476872
0.11578184571469313 30.1098762220018
0.11588662375302582 30.113588252814594
0.11599140588763307 30.11623397107182
0.1160961955139671 30.11966995033297
0.1162009649043532 30.123488136914215
0.1163057358252548 30.125970632960666
0.11641050830167188 30.128315203564597
0.1165152783197805 30.131582257883537
0.11662006946697906 30.134943653242278
0.11672485589091793 30.13678945682235
0.1168296390951272 30.137740958683167
0.11693441956048241 30.138320648571316
0.11703920085377909 30.138453354545657
0.11714398672011153 30.138264246957213
0.1172487765744116 30.13762060083398
0.11735356400534001 30.136762961916986
0.117458347964535 30.136139642632997
0.11756312886455607 30.135861833170168
0.11766790695607279 30.135987445472015
0.11777268539101729 30.135457957705626
0.11787746560710749 30.13392108696973
0.1179822487114137 30.13272160346503
0.11808703196960939 30.132166799551406
0.11819181419962871 30.13180089823147
0.11829659362112212 30.13104923742914
0.11840137270433274 30.130023649400407
0.11850615279677047 30.128821297119167
0.11861093566615502 30.127362630201045
0.11871571950634048 30.12578515152775
0.11882050303838103 30.124235357120156
0.11892528397581098 30.12259371064879
0.11903006369760925 30.120737319264844
0.11913484326062951 30.118583577173048
0.11923962305528907 30.1164582250762
0.11934440361521058 30.114291219633984
0.11944918424610568 30.112201026558715
0.11955396372750475 30.110202355497158
0.1196587420578012 30.108300087728814
0.11976351953785143 30.106000389328305
0.11986829753136213 30.1036313325203
0.11997307639293277 30.101725816166493
0.12007785643700238 30.100284121393642
0.12018263661648455 30.098836491153452
0.12028741639535255 30.097086235255354
0.12039219536798401 30.095250621664515
0.12049697425122843 30.09365756257595
0.12060175403723682 30.0925175796345
0.12070653530202775 30.091533156704322
0.1208113179010693 30.090413575803154
0.12091610003963305 30.089064159817674
0.12102088086852954 30.087490331156623
0.12112566025264974 30.084663151267744
0.1212304394051749 30.080561859856406
0.12133521908301063 30.075955752214256
0.12143999974913497 30.070092372354786
0.12154478058970786 30.062349361412583
0.12164956087137596 30.053898321277636
0.12175434015651976 30.0445210388874
0.12185911899718231 30.03336296929266
0.12196389831981523 30.02094155144073
0.12206867860610078 30.006897689717132
0.12217345972421059 29.991855470925707
0.12227824081816252 29.976238483997975
0.12238302151595665 29.958802005288174
0.12248780183168718 29.941389268649104
0.12259258273562756 29.924624109820144
0.12269736479725193 29.909066026787002
0.12280215251655545 29.895028700761685
0.12290693250616043 29.88272820669711
0.12301170046157726 29.872004400688724
0.12311649283837747 29.862994576190054
0.12322127926519498 29.856619227189803
0.123326058073088 29.852749338828147
0.12343082701254743 29.85199112639494
0.12353561206673508 29.854958830849377
0.12364038791204494 29.859344631091577
0.1237451632100357 29.863186407628078
0.123849944913788 29.864929657050993
0.12395473543251369 29.865888730286343
0.12405952761832448 29.868586347426266
0.12416431476918476 29.874111595916318
0.12426909393917918 29.881783401781487
0.12437387038610397 29.889130708198095
0.12447865169025776 29.893656279454113
0.12458344094660273 29.89631677504863
0.12468820953859278 29.89982982049166
0.12479297736571189 29.90450140092425
0.12489774780022424 29.908409481607222
0.12500251760011916 29.91092698788614
0.1251072856998748 29.913946222990575
0.12521205385589454 29.917511349096124
0.1253168219420932 29.91970411611586
0.12542161377740335 29.92071713541414
0.12552640588086042 29.9214565508222
0.1256311733620818 29.92157575957092
0.12573594129971585 29.921638873905362
0.12584071454540013 29.921514161604602
0.12594548671836642 29.92128137009738
0.12605025710779982 29.92123230905313
0.1261550494277828 29.92109046973333
0.12625983870887553 29.921163019454674
0.12636462805431745 29.920854372496272
0.12646942084008356 29.920252829406873
0.12657419080128862 29.91956943385035
0.12667896134938564 29.919343026378723
0.1267837292132464 29.919380076938527
0.12688852036488338 29.919063156648104
0.1269933117999731 29.91823309763079
0.12709808060302466 29.917145436373346
0.12720285323254468 29.916069212982375
0.1273076270377595 29.91486278648634
0.12741239974810137 29.91347240992342
0.12751717084525852 29.911961675071208
0.12762194368751992 29.910084694765743
0.1277267186161059 29.907895032787465
0.1278314959276349 29.905743378723173
0.12793627437382954 29.903801369679087
0.12804105319870465 29.902050305191672
0.12814583138590752 29.9002672960301
0.12825060828681933 29.89862386516198
0.12835538571403463 29.896499274465235
0.1284601643925551 29.894326365414265
0.12856494466598992 29.892695686651024
0.1286697249533065 29.891695988224498
0.12877450442934302 29.89071691394491
0.12887928327325307 29.889373042711966
0.12898406219083225 29.887721911316273
0.12908884246018604 29.88622304589533
0.12919362390169828 29.885232722597667
0.12929840615328758 29.884573928264125
0.12940318832783604 29.88384982845655
0.1295079703486213 29.882692070784238
0.1296127529559169 29.881325214626838
0.12971753672155498 29.87903491318446
0.12982232214540343 29.875416558845096
0.12992710853783157 29.871141413038426
0.1300318954352269 29.866133637752753
0.13013668265991665 29.859262148855528
0.1302414706556351 29.85104174662279
0.1303462602451692 29.84220176241044
0.13045105141299282 29.83178800301186
0.13055584394871672 29.820120190156025
0.130660611538566 29.80716153328907
0.1307653797498819 29.792782628791333
0.13087014837107575 29.77782769897255
0.1309749175393471 29.761157470124417
0.13107968761519723 29.743764957760817
0.13118445815486998 29.72700047997499
0.13128922880990093 29.711390140094032
0.1313940002054079 29.69714240067296
0.13149878490122954 29.684645515569464
0.13160356110503021 29.673698722987435
0.13170834059627115 29.66441747445552
0.1318131144797725 29.657253502343572
0.1319179064681934 29.652651361862322
0.13202269013158963 29.650539961276202
0.1321274657011615 29.651833189022966
0.1322322345425476 29.65542989931803
0.13233700714399835 29.659004262061075
0.1324417893921462 29.661987562969408
0.1325465755250933 29.66392772574828
0.13265135770664432 29.666962385558023
0.1327561353470427 29.67139337858524
0.13286091531770333 29.677925439391622
0.13296570259090135 29.685164482565554
0.1330704941472577 29.69156652391265
0.13317528374426113 29.69574302637828
0.13328007163536276 29.69974146633333
0.1333848629050535 29.704095878759553
0.13348963376166553 29.70803337219362
0.13359441005353695 29.710575050832595
0.13369918894031738 29.713062917373186
0.13380396850033974 29.716400545481758
0.13390874509570558 29.7198991566312
0.13401351896548191 29.722086231703212
0.13411828931130232 29.723169549171907
0.13422306117583205 29.723497698880248
0.13432783859809058 29.72414686877092
0.13443261935264067 29.725215379456753
0.1345373989440819 29.726092883485784
0.13464217740073817 29.726228566326306
0.13474695591364305 29.725747612373866
0.13485173676010864 29.7253909445183
0.13495652038417605 29.72546465439072
0.1350613049397803 29.726128922551197
0.13516608926629622 29.726620885087762
0.13527087421806178 29.72655214572017
0.13537566134391907 29.725899915031277
0.13548045072711276 29.72553467144041
0.13558524132117317 29.725396604397385
0.13569003289041204 29.724540015958507
0.13579480065723615 29.723146743359166
0.13589957105085257 29.721904533461885
0.13600434386929158 29.720434003739385
0.1361091184401765 29.718385799043308
0.1362138948841296 29.71639633372071
0.13631867416335436 29.714573370274866
0.13642345469923892 29.712691875043014
0.13652823549493617 29.710929206388414
0.13663301663372723 29.709410527978516
0.13673779912001996 29.707962071998445
0.1368425831512075 29.706675617972994
0.13694736786613781 29.705629200231623
0.13705215273750468 29.70448904588006
0.13715693852620967 29.703431016111235
0.13726172622598604 29.702725221801284
0.13736651574821446 29.702258072455805
0.13747130628370868 29.70150466496571
0.1375760976209249 29.700524986068576
0.1376808903950719 29.699406462283036
0.13778565941268137 29.698336722759365
0.137890430085138 29.697445945070328
0.1379952018954014 29.69656845817687
0.13809997485329126 29.695452508580363
0.13820474943301916 29.694086439225963
0.1383095259014824 29.692282997677363
0.13841430403431232 29.689073800824527
0.13851908353757894 29.684704698307826
0.13862386451423034 29.67994917862955
0.13872864734366808 29.67389113316606
0.13883343218136154 29.66622130924779
0.13893821883228744 29.658015505828757
0.1390430071286476 29.64856047752506
0.13914779723458914 29.637558696506893
0.1392525894450339 29.6255490741701
0.1393573581293109 29.61212734148563
0.13946212875238934 29.597907306511352
0.13956690051036386 29.58236345393083
0.13967167335464897 29.565336645353764
0.13977644747229975 29.54875741881832
0.13988122284011129 29.53304487561102
0.13998599935440545 29.518871586563815
0.14009078306725356 29.50617694638631
0.1401955588533445 29.495030347318938
0.14030034296892102 29.48529470274755
0.1404051230293409 29.47749862636949
0.14050989633182157 29.471860742253902
0.1406146882319208 29.46865532133352
0.14071947301606655 29.46832272910115
0.14082425443369237 29.470677530843176
0.14092904184762436 29.4742300979177
0.14103381065760245 29.47803890633309
0.14113857904128935 29.480675329812293
0.1412433689255207 29.483639946924136
0.14134815995489078 29.48728270432133
0.14145293213708288 29.493158981174368
0.14155770905933765 29.500595272002837
0.14166248509719684 29.507947504928843
0.1417672598019051 29.51284569543067
0.14187203772223475 29.516618414406523
0.14197682116089147 29.520656050071146
0.1420816086878429 29.525265407010078
0.1421864004409069 29.529082575408207
0.14229116865110006 29.53221212582744
0.14239593661043548 29.535620055559804
0.14250070406979506 29.53952608478242
0.14260549667778688 29.54228681794949
0.14271028959686186 29.543886645673496
0.14281505971283404 29.544695024347337
0.14291983263484992 29.545125027911887
0.14302460596792566 29.5460762482387
0.14312937973149784 29.546934152268644
0.1432341554229415 29.54774254912268
0.14333893331164782 29.54790162266337
0.1434437118446118 29.547836867835713
0.14354849034679287 29.54762357495066
0.14365327003204928 29.547713782041868
0.14375805222873414 29.548231359415553
0.14386283654212922 29.548818738276193
0.14396762153249915 29.548869518608825
0.14407240717924236 29.54837946345226
0.14417719497776516 29.54796333982409
0.1442819857494058 29.547669295921093
0.14438677866440533 29.54687951121091
0.144491547079493 29.54567358699004
0.1445963170937805 29.544546397392043
0.1447010896212152 29.543206609881974
0.1448058647619071 29.54136773937512
0.14491064182437063 29.53956725035993
0.14501542044057628 29.538051440735764
0.14512020092284114 29.536395445579792
0.14522498354343047 29.53477562984207
0.145329768117362 29.53359633275567
0.14543455438366773 29.532497874230792
0.14553934246607944 29.531460427151476
0.1456441326823199 29.530499535698482
0.14574892523891317 29.529495671902062
0.14585369439870402 29.528803359690762
0.1459584652339861 29.528401031550214
0.14606323754052192 29.527980168078326
0.1461680114052062 29.52714477362474
0.14627278680009506 29.52622279174349
0.146377563657413 29.52530777723439
0.14648234199585006 29.524556476728634
0.14658712188316503 29.523852931690207
0.1466919033562547 29.522999973958527
0.14679668638595358 29.521912449182416
0.14690147096365078 29.5206802191261
0.14700625714919086 29.51829065219578
0.1471110450223431 29.514437992555965
0.1472158346115332 29.510025376179122
0.14732062592628323 29.504854806381346
0.14742539328019552 29.497949327399482
0.14753016244841027 29.49011606070288
0.14763493348759504 29.4814972184701
0.14773970642492074 29.471160979393364
0.1478444812803294 29.45975097168539
0.1479492580942198 29.447059222684477
0.14805403691098826 29.43321153934772
0.14815881776320936 29.418589353912225
0.1482636006682184 29.40200743513605
0.14836838565867388 29.38532052394752
0.14847317277264435 29.36931539668555
0.14857796204780896 29.35457472346174
0.1486827549417817 29.341332440017183
0.1487875368539754 29.329705543851723
0.14889230713439458 29.319511356093102
0.14899707759223157 29.31111812624547
0.1491018690259696 29.30479845213185
0.14920665482485385 29.300876497897182
0.14931143466248628 29.299420364725663
0.14941621021291565 29.300748339296444
0.14952099095960367 29.30400310093237
0.14962577838657334 29.308230339149056
0.14973056522030848 29.311743613290933
0.1498353487338732 29.314547186488973
0.14994013450049734 29.318082053259605
0.15004492652888235 29.323233225776537
0.15014969566270248 29.330780864648354
0.1502544633962942 29.338406398603738
0.15035923138152602 29.344285337063766
0.1504640038313445 29.34832451329969
0.15056878059005516 29.352261514261148
0.15067356089937992 29.356998252685738
0.15077834456625025 29.361412118081986
0.15088312963660735 29.36503981952838
0.1509879150691241 29.36844509568243
0.15109270072176542 29.372148112995003
0.15119748532837282 29.37532409871569
0.1513022714433021 29.377395405316797
0.1514070614621693 29.378680976141133
0.15151185413287016 29.37922741946185
0.1516166215000311 29.380053511683062
0.1517213908419711 29.38096080113681
0.15182616421480816 29.382082258165767
0.15193094031744567 29.38304455949756
0.1520357167364103 29.383432832364598
0.15214049400140928 29.383445591167217
0.15224527422862014 29.383409528631894
0.15235005755177417 29.38406345108161
0.15245484294339706 29.384989201232976
0.15255962997465192 29.385618934946287
0.15266441964905567 29.385347623202993
0.1527691869366182 29.384911107952394
0.15287395671019413 29.384827467764303
0.1529787277004849 29.384535657641468
0.15308350025092987 29.383448848548305
0.15318827501132598 29.38219445434529
0.15329305187763073 29.381127470428186
0.15339783046353309 29.379635935249215
0.15350261079701133 29.377760025010392
0.15360739306253338 29.376192878349976
0.15371217711145874 29.374804238010753
0.15381696268298478 29.373228773290847
0.15392174973633388 29.371989804796435
0.1540265385061501 29.371108955014996
0.15413132909591765 29.370170530549263
0.15423612148895108 29.369338840842925
0.15434089004508375 29.368486904118484
0.15444566072302698 29.367920924358017
0.15455043360253537 29.367673766522238
0.15465520864814014 29.36750472021518
0.15475998581457273 29.36691510291304
0.15486476514025732 29.36615716048889
0.154969546705579 29.36542236646254
0.15507433051396294 29.364817760191947
0.15517911653188293 29.364252167569127
0.15528390476322187 29.363580709946987
0.15538869526457705 29.36266934023059
0.1554934880642866 29.36169683208963
0.15559825740347838 29.36012197811759
0.15570302907754707 29.356989023133995
0.15580780314582035 29.352830278561424
0.15591257966881483 29.34823464935222
0.15601735865499197 29.342246484765678
0.156122140128756 29.334849389127385
0.15622692414210781 29.326860990092044
0.15633171075255237 29.31732134699946
0.15643649998395143 29.306381898346327
0.15654129177090784 29.294470574155802
0.15664605968301248 29.281190228465825
0.1567508293567274 29.26717814203773
0.15685560081409639 29.25145711494155
0.156960374061181 29.234701923498704
0.15706514912090175 29.21848688291546
0.15716992602786706 29.203245858660868
0.15727470492117737 29.189631341338192
0.15737949265439855 29.17751146069765
0.15748427128852802 29.166915719826246
0.1575890550727798 29.157862465074462
0.157693834445693 29.151016688306402
0.1577986073859659 29.146253544014968
0.15790339966654654 29.14384638595008
0.1580081877611818 29.14388406976075
0.15811295511991388 29.146483140585023
0.15821772946394827 29.15058530704411
0.15832250370321926 29.155012543367974
0.15842727577798899 29.157936201189727
0.1585320514738523 29.16128364253899
0.15863683351879784 29.165985014243237
0.15874161747948126 29.173222640565
0.15884640053369226 29.180930514071363
0.15895118608459596 29.187584819681533
0.1590559771658675 29.192168399937785
0.15916074611504186 29.196262735804222
0.15926551902805539 29.200878337044607
0.15937029446972784 29.20578063391735
0.1594750721746295 29.2099767720172
0.15957985177486672 29.213494795742477
0.15968463229543564 29.216891237272456
0.15978941257334772 29.220435703347626
0.159894195590049 29.223036412723946
0.1599989827836579 29.224775320817795
0.1601037721416377 29.22574663404655
0.16020856258254176 29.226400300705883
0.16031333033438144 29.227424361954277
0.16041810273447663 29.228779491016557
0.16052287721337855 29.23033288251485
0.16062765161410913 29.231220885144133
0.1607324269614555 29.231465074436475
0.16083720489224568 29.231496465503184
0.16094198505303794 29.232014839206833
0.16104676650517233 29.233093401651413
0.16115154987680222 29.23415984320844
0.16125633606293588 29.23442442017788
0.16136112460713364 29.234081993012794
0.16146591472367425 29.233929985980037
0.16157070680423974 29.23390936597126
0.1616754758035108 29.233172470712834
0.16178024731000407 29.231910903528203
0.16188502073807068 29.23087535770845
0.16198979643307002 29.22967902554637
0.16209457486179935 29.22790853468524
0.16219935561792384 29.22623259966415
0.1623041382089028 29.224974314610478
0.1624089228310903 29.223606766256967
0.16251370980147967 29.22226364608511
0.16261849895525562 29.221434108314817
0.1627232901520273 29.220746738544122
0.1628280579320397 29.220041376787286
0.16293282837431308 29.219386788632836
0.1630376013301443 29.218889269440663
0.16314237662881204 29.21879825694364
0.16324715450474717 29.218786779680357
0.1633519351663764 29.218470835403593
0.16345671848833937 29.217886615858664
0.1635615043145298 29.217338298107563
0.1636662927656327 29.216827290295956
0.16377108400483892 29.216317386175493
0.16387585213108613 29.215745459801973
0.16398062281421438 29.21502473290018
0.16408539615537981 29.21423158544424
0.1641901723346565 29.21327240286292
0.1642949513251678 29.210926970543895
0.16439973304932737 29.207100592065267
0.16450451727940343 29.202853985388124
0.16460930358091544 29.197786574068758
0.1647140919300034 29.191023878265547
0.16481888226467237 29.183423041529746
0.1649236746280099 29.174706289774438
0.16502844331900318 29.16431741481057
0.1651332141424198 29.15306145046351
0.16523798704504128 29.140465314592582
0.16534276205525453 29.126792863193593
0.16544753925387082 29.11207626914072
0.16555231865418776 29.095531482103407
0.16565710022059432 29.079178669598925
0.1657618839863429 29.063662559868497
0.16586667001773214 29.049500475542764
0.16597146020388562 29.036889837796096
0.16607623953200287 29.025853194713395
0.16618103040964818 29.01626952197482
0.16628581937613923 29.00874144598436
0.16639060261693533 29.003304257759325
0.16649537990922278 29.000130383333392
0.16660015277784185 28.998911974501148
0.1667049301009558 29.000433572818807
0.1668097150431988 29.00415572497472
0.16691450026928228 29.009028866156108
0.16701928350474915 29.01259334402713
0.16712407134363216 29.015792141671813
0.16722884004172966 29.020321756579456
0.16733360963222033 29.02691155045202
0.16743837855194563 29.034542665802654
0.16754315189160066 29.041568608722464
0.16764793116916807 29.04695394298226
0.1677527134745673 29.0514560020356
0.16785749933894012 29.05599551764563
0.16796228739680136 29.060964558233707
0.16806707852332398 29.065607194425866
0.16817184652657682 29.069448057664502
0.16827661596504634 29.072729815964973
0.16838138669083294 29.07628884213276
0.1684861595198805 29.07945292649796
0.16859093610281073 29.08172676774871
0.1686957155702116 29.083092692177424
0.16880049622878807 29.08380307522538
0.16890527876388592 29.084922616746145
0.16901006486894413 29.08645861483491
0.16911485369851917 29.088346944999014
0.16921964356777836 29.089842901430274
0.16932443459598961 29.09043599181027
0.16942920226733585 29.090580019010208
0.16953397268354747 29.09086092154619
0.16963874500006398 29.091945603845623
0.16974351925591544 29.09334394304029
0.16984829635833892 29.094200558747822
0.1699530761657635 29.09414380712536
0.1700578578889606 29.09385801410211
0.17016264175863904 29.09388863876799
0.1702674285514342 29.093585143881924
0.17037221807271705 29.092472466093685
0.1704770097164191 29.091297316090067
0.17058177803962463 29.09029924860479
0.17068654937508104 29.088840849779388
0.17079132320650864 29.087120257637928
0.17089609905756525 29.085825205641427
0.17100087730681116 29.08467009904541
0.17110565828317584 29.08337686900084
0.1712104416910463 29.08244779112315
0.17131522741868327 29.08195322966026
0.1714200158910648 29.081449339376647
0.17152480725541555 29.081003889532223
0.17162957532804599 29.080666756487645
0.17173434593298553 29.08062693628327
0.17183911947419991 29.080715156410328
0.17194389600208596 29.080614318548704
0.17204867521365036 29.08020942746821
0.17215345715490965 29.079772349684514
0.17225824215444838 29.07933991714231
0.1723630301228421 29.07890389517024
0.17246782073751657 29.078413882451397
0.17257258823237137 29.077820857036556
0.172677358782764 29.077197433874726
0.17278213234646542 29.076606376080598
0.17288690871570928 29.07505947986163
0.17299168801995068 29.071861749848622
0.17309647050918273 29.06787051672842
0.1732012557041281 29.06352739781665
0.17330604296436922 29.057614380278075
0.17341083247218012 29.05032091635749
0.17351562440437188 29.042269441519657
0.17362039274951566 29.0325845889225
0.17372516325951612 29.02177240405475
0.17382993610722158 29.00985595876736
0.17393471139625513 28.996559567562958
0.17403948897625926 28.98254145639466
0.174144268808492 28.96666981785787
0.17424905108165312 28.950194482316356
0.17435383584374314 28.934453464444054
0.174458622961109 28.919644715685727
0.1745634125661397 28.90659591944353
0.17466818625143843 28.895039031325478
0.17477297534246686 28.88499181724278
0.17487776711700934 28.876718860913172
0.17498255399200388 28.870865913082422
0.17508733515523614 28.86688447856621
0.17519211118220931 28.86475037035507
0.1752968901025536 28.8649598057798
0.17540167772119147 28.86813714621209
0.1755064662928433 28.872837587156756
0.1756112519403338 28.877355409078124
0.17571604279215056 28.880498081976626
0.17582081524355878 28.884870384086554
0.17592558733872765 28.89096935311317
0.1760303584871494 28.89833515101191
0.17613513613840454 28.905406712000755
0.17623991955254836 28.911565344321488
0.1763447052352592 28.916692538609894
0.17644949305562876 28.921320820090216
0.1765542834723209 28.92616464034517
0.17665905161571852 28.931075323359643
0.1767638226582528 28.935163291540103
0.17686859630199842 28.938566352844134
0.1769733718210671 28.94198505178267
0.17707814807484334 28.945599114483432
0.17718292799581012 28.948431892699652
0.17728771234221274 28.95019593435881
0.17739249845108473 28.951155179732687
0.17749728646564455 28.952274094408146
0.17760207907596157 28.95399966998745
0.17770684998681277 28.956256285016106
0.1778116224926239 28.958363684242137
0.17791639643292922 28.959298707201718
0.17802117374101564 28.959524005352442
0.17812595366466008 28.959742980291303
0.17823073474652604 28.9606765308203
0.1783355182466778 28.96222329280547
0.17844030544350642 28.96356109660713
0.17854509476368413 28.96391535472783
0.17864988537277676 28.963509471678826
0.17875465312685734 28.96338597187132
0.17885942437311705 28.96340038237859
0.17896419746490425 28.962610734003974
0.1790689724309698 28.96136554671774
0.1791737508573523 28.960440070518224
0.17927853230686894 28.959326849404526
0.1793833154800724 28.95772516559594
0.17948810099306042 28.95633299021495
0.1795928897233811 28.955307916494352
0.17969768095142272 28.95419996720863
0.1798024482367586 28.953247699615304
0.1799072183429674 28.952740138358706
0.18001199159312825 28.952443437424083
0.1801167671948835 28.95215931328408
0.1802215451380076 28.951996883210562
0.18032632625055145 28.951956276579935
0.18043111041757287 28.952051590437993
0.1805358969594676 28.95213126616127
0.1806406862197456 28.95190987980743
0.18074547878702518 28.951554206338635
0.18085024830798654 28.951238701578166
0.18095502029377408 28.95092763874564
0.18105979523070104 28.950516863295874
0.18116457331046118 28.950038053177217
0.18126935405745295 28.949568580656432
0.18137413747744763 28.94911399856346
0.18147892406681074 28.948283079210974
0.18158371375830515 28.945879501815128
0.18168850619457066 28.94221725055583
0.1817932756999072 28.93824670389967
0.1818980485205781 28.93319957197709
0.1820028243916139 28.926418812853658
0.1821076031264442 28.91884750849119
0.1822123850774868 28.90995829891369
0.18231717034847988 28.899569604241236
0.1824219586120418 28.888286320583642
0.1825267499005112 28.8755282496186
0.18263151860069915 28.861843106779148
0.18273629026167068 28.846988785816972
0.1828410641189883 28.830570978417455
0.1829458403784969 28.814609712712315
0.18305061924909494 28.799426363430786
0.18315540051850668 28.785712459940356
0.18326018667625554 28.77358600450566
0.18336496212794237 28.76302168058902
0.18346974638268632 28.754039838249145
0.18357452708987668 28.747476986842987
0.18367930208151512 28.742862526268805
0.1837840715652818 28.74012401542927
0.18388884108263867 28.739157147363834
0.18399361916065884 28.74139007988402
0.18409839974968048 28.745762572894794
0.18420317717357235 28.750711498620635
0.18430795909867445 28.754248441751802
0.18441274848261 28.758358800760455
0.1845175374314357 28.76406907779849
0.18462232581652444 28.77092582846766
0.1847270951055436 28.778098182530194
0.1848318690219148 28.78492714667443
0.18493664455641082 28.790676885717083
0.1850414220712736 28.795385971607512
0.1851462030498542 28.800105318740226
0.18525098730915793 28.80511836516844
0.185355774644514 28.809568784159918
0.18546056489569993 28.81337395658496
0.18556535642615177 28.816806648951427
0.1856701488656706 28.820562387524035
0.18577491939621676 28.82392405770564
0.18587969371518495 28.8262353453691
0.18598446927014023 28.82755697294655
0.1860892473712219 28.82862209331483
0.18619403014345093 28.83044828317917
0.18629881602425688 28.832913891051785
0.18640360374126153 28.83528724220939
0.1865083947085589 28.836646330670426
0.18661316318168983 28.837133171441984
0.18671793391238628 28.837384150435348
0.18682270745096488 28.837996599565212
0.1869274849251332 28.83948905118025
0.18703226561206468 28.84130022058529
0.18713704875504597 28.841919697875106
0.18724183524479285 28.841514532736618
0.18734662551521658 28.841454051596834
0.1874514186700485 28.841697656081756
0.18755618874448404 28.841205260262477
0.18766096259301973 28.84001165544679
0.18776573996543797 28.83919902533963
0.18787051987282893 28.838384848069587
0.18797530230148227 28.836927440288456
0.18808008757146052 28.835542008361777
0.18818487506973747 28.83466818942328
0.18828966476499134 28.833694753838593
0.18839445724465598 28.832689402930995
0.18849922640715167 28.832200547313654
0.18860399780162962 28.832003995054666
0.18870877179292778 28.831742707771962
0.1888135486979248 28.831655981422728
0.18891832812679152 28.831743667015424
0.1890231100068173 28.831869353382253
0.1891278947894111 28.831967127619713
0.1892326824046351 28.831976925370242
0.1893374725172494 28.831828715144812
0.18944226537972228 28.831571503568103
0.1895470352140032 28.831293609822147
0.18965180765430942 28.831034532053394
0.1897565826520771 28.830726702584446
0.1898613605323684 28.830325837704535
0.18996614123830394 28.82991907150093
0.19007092456546051 28.829507560612463
0.19017571072324627 28.82787434286007
0.19028049988334092 28.82465067001128
0.19038529183841285 28.82085275297397
0.19049006060352108 28.816489307173054
0.19059483239723565 28.81039881778903
0.19069960716086462 28.8031814672022
0.19080438473287778 28.795071795681267
0.19090916527740678 28.785256743249683
0.19101394888325474 28.774467723700585
0.19111873537571758 28.76246739538501
0.1912235247775421 28.749214657693624
0.19132831726880703 28.735171660241946
0.19143308681486104 28.71921292151211
0.19153785929703854 28.7030960136087
0.1916426348684894 28.68774102978469
0.19174741360175498 28.67336965187168
0.1918521956592102 28.660800850135757
0.19195696326548517 28.649715835401217
0.19206174429573133 28.6401444769145
0.1921665259933609 28.632611521643987
0.19227130342046142 28.62747423406877
0.19237607639120896 28.624020332009216
0.19248084787601438 28.622086457886112
0.19258562726970005 28.623025464248226
0.19269041138429352 28.627050319824786
0.19279519344094564 28.631835913690878
0.1928999797144895 28.63604955994881
0.19300474776222606 28.63996722669137
0.193109516317253 28.64527589178868
0.193214285256046 28.651518151708828
0.19331906118168718 28.658683620158012
0.19342384055100473 28.66606600682296
0.19352862080110794 28.67245029020137
0.19363340323752962 28.67739554141566
0.1937381897059069 28.682029387007645
0.19384297935145084 28.686895280912374
0.19394777191753945 28.691875450589073
0.19405254080301088 28.696193774616482
0.19415731036109912 28.69977273528815
0.1942620818283056 28.70328905979744
0.19436685735716197 28.70708821386784
0.19447163529465916 28.710134593427473
0.19457641458869238 28.711824887464353
0.1946811973310105 28.713012108309194
0.19478598367122163 28.71478655980931
0.19489077203531222 28.717237292197154
0.19499556337507237 28.719751437128686
0.19510033216073708 28.721652057813213
0.19520510284514794 28.722583642550973
0.1953098758120239 28.7228426208082
0.19541465249892856 28.7232632469144
0.19551943204753092 28.724545855577368
0.1956242138167238 28.726383693511284
0.19572899902833488 28.72753628953076
0.1958337875575947 28.727527770366116
0.19593857834411887 28.727342567788
0.1960433461266349 28.727555675840215
0.1961481175660527 28.727439079287766
0.19625289167939386 28.72657673210208
0.1963576684723285 28.72567306023583
0.19646244889507486 28.725019459660714
0.19656723241880666 28.723938728403596
0.1966720184537535 28.722556160353058
0.19677680769830277 28.72160251724089
0.1968816002621598 28.720855357378547
0.19698636949005063 28.71994627645746
0.19709114171283096 28.71937262928179
0.1971959174078287 28.71923559968596
0.19730069608544923 28.719140105815782
0.19740547765730487 28.719072371608245
0.19751026270440009 28.71920180240984
0.19761505106548555 28.719434117771982
0.1977198423566467 28.71959246316215
0.19782461095766346 28.719691213616365
0.1979293830745809 28.719715828916808
0.19803415828095192 28.719598903967782
0.19813893665919732 28.719371460762556
0.19824371851532344 28.719160105108095
0.19834850358507183 28.7189849894941
0.19845329176617532 28.718723456278035
0.19855808340382267 28.718379193101192
0.19866285243208223 28.718059930412664
0.1987676246565805 28.71716127231705
0.19887240028982012 28.714622791408893
0.19897717897010184 28.710989677670103
0.19908196020496682 28.707030471938385
0.19918674404758524 28.701733302752757
0.1992915307330782 28.694880456957307
0.1993963201124834 28.687340222342876
0.19950111208376548 28.678285471385397
0.19960588081307992 28.66788233660578
0.19971065231707566 28.656578897894
0.19981542643968703 28.643875143923136
0.19992020332104626 28.630379967474045
0.20002498306296174 28.615303178076296
0.20012976551649098 28.599108236858473
0.20023455072866198 28.58353598891144
0.20033933885374441 28.568781519022384
0.2004441298089662 28.55566119572949
0.2005489013217461 28.544056790699642
0.20065368789083365 28.533963018328798
0.20075847993740611 28.5255620454016
0.20086326795123377 28.51967168594126
0.2009680508483173 28.515597958961564
0.2010728300460325 28.51295876518787
0.20117761513753443 28.512525209522575
0.2012824064646358 28.5157751508765
0.20138719559448487 28.520370585194946
0.20149198764436027 28.52505648855906
0.2015967613460108 28.529012251187147
0.2017015353296638 28.53400087590443
0.2018063098430032 28.53972966874068
0.20191109159911386 28.546677506302693
0.20201587633065246 28.554271419947128
0.2021206622090724 28.561203661632046
0.2022254517747544 28.56661042896011
0.20233021963852924 28.571344454354133
0.2024349911444633 28.576154476300218
0.2025397652918056 28.58151768644155
0.20264454197345724 28.586211923930193
0.20274932061480497 28.59000030511206
0.2028541025462766 28.59340584171448
0.20295888808398724 28.597421263408567
0.2030636761949153 28.601043567677788
0.20316846721387102 28.603246889406996
0.20327323577711862 28.60467505602793
0.203378007416652 28.606264093641162
0.20348278222376998 28.6085741660989
0.20358756094137803 28.611276497012298
0.20369234284802126 28.61363283950654
0.2037971273194116 28.615031352730874
0.2039019151845962 28.61549677991763
0.20400670660980136 28.615847515003978
0.20411147490999462 28.616790523045715
0.20421624667252952 28.61848917571003
0.2043210222673321 28.62025069831579
0.20442580095305732 28.620708720283208
0.2045305828299328 28.62033819614162
0.2046353685791646 28.620505279666997
0.20474015772329246 28.620768420927146
0.20484495000079586 28.620222947974497
0.2049497195741874 28.61922394744724
0.20505449207547208 28.618662334688764
0.2051592669929016 28.6179252706975
0.2052640447767641 28.616632158522904
0.20536882546539387 28.61560532962995
0.20547360861366346 28.61502743669123
0.2055783945191574 28.61426222629541
0.20568318340618086 28.61359923400298
0.205787974907997 28.61349985437311
0.20589274306842936 28.613502961858597
0.20599751428786808 28.613464763399396
0.20610228830180938 28.613660361072547
0.20620706506738176 28.613953288910945
0.2063118449148539 28.614151040549867
0.20641662769353408 28.61434233136737
0.20652141325440074 28.614485258125235
0.2066262018797651 28.614474793919246
0.2067309934869266 28.614361173995853
0.20683576176745053 28.61421165188602
0.20694053301778026 28.61408370095143
0.2070453072950812 28.613958664785223
0.2071500844097226 28.613747810758884
0.20725486451574987 28.61348337777261
0.20735964774030496 28.613073028251453
0.20746443391342753 28.61129431155726
0.2075692230931094 28.60800662215742
0.2076740154368414 28.604259568644157
0.2077787847227063 28.59971879265458
0.20788355702586708 28.593438682034833
0.2079883325072858 28.586259731041867
0.20809311108762224 28.578024647863824
0.20819789269487562 28.56813296742199
0.2083026774670097 28.557364979507856
0.20840746539197186 28.545302644701273
0.20851225638362342 28.53217494152109
0.20861702446256838 28.51805380032779
0.2087217957627858 28.502084535133555
0.20882657019446504 28.486325972811443
0.208931347843977 28.47134480320023
0.2090361287699643 28.45751144737132
0.20914091369943746 28.445405511251643
0.20924568541791694 28.43474957320711
0.20935046803705257 28.42563665367388
0.20945524929030426 28.418767700454964
0.20956002632959272 28.41416023494086
0.20966479941725674 28.410941025896197
0.20976957584260345 28.409332947323264
0.20987436010977023 28.411351976068406
0.2099791437406856 28.415832814265336
0.21008392941895546 28.420390724802704
0.2101886968846088 28.42487838282445
0.21029346553131104 28.429614081840263
0.21039823530269863 28.434981354200445
0.2105030124058674 28.44149463849296
0.21060779225056336 28.449125696124582
0.21071257377274052 28.456395115219415
0.21081736033111145 28.462397362186152
0.21092215113341692 28.467383862470154
0.21102691938949486 28.47232636290703
0.21113169034626708 28.477701513570857
0.21123646374127367 28.482727206200778
0.21134124012636207 28.486770671743486
0.21144601947417815 28.490273280724605
0.21155080103615115 28.494236267282332
0.21165558548836894 28.49820484047644
0.21176037295299377 28.501054543393582
0.2118651626967881 28.5028071826639
0.21196995541041605 28.504357570631246
0.21207472536552235 28.506559298582737
0.21217949812090187 28.509313909978644
0.21228427390445526 28.511979941606977
0.21238905255511725 28.513912313296917
0.21249383360261812 28.51474921225077
0.21259861760728205 28.51511934770834
0.21270340479937508 28.515831803296386
0.21280819472979243 28.517315611996466
0.21291298776433604 28.51928916007582
0.213017757935626 28.520296213669564
0.21312253081286117 28.520181509565077
0.2132273067211984 28.520098053321714
0.21333208597804776 28.520483129029564
0.21343686807057774 28.520308013914114
0.2135416531835536 28.519427488071422
0.21364644168848812 28.518768200308276
0.21375123314050345 28.518285814161302
0.21385600142585245 28.51725009592579
0.2139607729763956 28.516133052427598
0.21406554747353043 28.515550890054186
0.21417032493949967 28.51499825376699
0.21427510567238842 28.514338369271048
0.21437988944824957 28.51413345544357
0.21448467626122625 28.514262596147717
0.2145894663921696 28.51430420327331
0.21469425968157374 28.51447794928128
0.2147990299307832 28.51485159405389
0.2149038035282373 28.515178074107105
0.21500858035430667 28.51537415289553
0.2151133603418404 28.515560142011402
0.21521814370061984 28.515723234177834
0.21532293029629726 28.51572511574109
0.21542772002800115 28.51562706851827
0.21553251308927132 28.515558863531176
0.21563728326177653 28.515521627027283
0.21574205662741422 28.515417395812822
0.21584683336824584 28.515238391850833
0.21595161345638325 28.515060128788217
0.21605639680778418 28.51398837331086
0.21616118357850764 28.51127446178866
0.2162659737519664 28.507701909628274
0.2163707410723518 28.503713167664834
0.21647551183488084 28.49818383022304
0.2165802860366253 28.4913129234522
0.2166850635713819 28.483739235521767
0.2167898445561699 28.47454090575112
0.2168946290021853 28.464210740098903
0.21699941681790305 28.452862298819227
0.21710420811558687 28.440170426547546
0.21720897675237674 28.426749345446197
0.21731374882095394 28.411444553374697
0.21741852441208834 28.39554227445575
0.21752330355550012 28.380334844336964
0.21762808618785465 28.365979897985465
0.21773287241956685 28.353337095709087
0.21783764111261494 28.342115626053683
0.21794242372259492 28.332396286294443
0.21804720921181447 28.3245600145872
0.21815199037762298 28.319218737978552
0.21825676653287984 28.315471513763015
0.21836154233620578 28.312975587580116
0.21846632629915438 28.313515926060738
0.2185711106158874 28.317533542589295
0.21867589520211725 28.321965793372108
0.21878068746801127 28.326896388415715
0.2188854808190292 28.331502406871337
0.21899024860291894 28.336570603389205
0.2190950234405795 28.34266009642769
0.21919979992767508 28.35017326103038
0.219304577958244 28.35756524968593
0.21940936147876708 28.364137217300005
0.2195141481362822 28.369571727593986
0.2196189374041147 28.374710949275208
0.2197237286365423 28.37989671692422
0.21982849689860712 28.385185623136245
0.21993326863002113 28.389578860172065
0.2200380427175005 28.393335875603775
0.22014281999520852 28.397158940096915
0.22024760048280176 28.40135380154495
0.2203523835590173 28.404806983771408
0.22045716980197458 28.40702436226613
0.22056195932042863 28.408733097019873
0.22066675173649766 28.4107487640886
0.2207715214912271 28.413423949753557
0.22087629477022694 28.416319162976947
0.22098107075084295 28.418636441633076
0.2210858497433867 28.419899347737513
0.22119063202147654 28.42046957437988
0.22129541727955201 28.421023171835273
0.22140020582413594 28.42219489897971
0.22150499784582864 28.424124090695884
0.22160976680779698 28.425712466675318
0.22171453902088592 28.42600405061329
0.22181931463097124 28.42576008047074
0.22192409344940214 28.426105459131108
0.22202887558436238 28.426284441875836
0.22213366114922353 28.42569094624515
0.22223844999094725 28.424929977701094
0.22234324219960555 28.424526835714875
0.22244801161153274 28.423818657260547
0.2225527842640716 28.422742708652077
0.2226575602391854 28.42203294212046
0.22276233958071506 28.42165849338332
0.2228671221974366 28.421121403209533
0.22297190819513452 28.42078475235953
0.22307669761271592 28.420942438973192
0.22318149039050253 28.42114622596013
0.2232862604135229 28.42130225655744
0.22339103391657933 28.421682316069717
0.2234958108499367 28.42213009641516
0.22360059128426393 28.422403806449793
0.2237053752354394 28.422607789127433
0.22381016266882167 28.422847925473846
0.22391495360228122 28.422973718063098
0.22401972179626115 28.422968442090177
0.22412449345520327 28.422930497239552
0.22422926863377884 28.422933488015932
0.22433404733136605 28.42294138681309
0.22443882955978434 28.42286361173644
0.22454361536855794 28.422742831687216
0.22464840476093192 28.422270913602162
0.22475319774015787 28.42028541677992
0.22485796811385772 28.416949616095664
0.2249627420137614 28.41326610697989
0.2250675189405151 28.40851555707618
0.22517229883214115 28.402093119123712
0.22527708167784882 28.394951364718786
0.22538186748557024 28.3865735392734
0.22548665626727762 28.376676965419065
0.22559144802639194 28.365937789238075
0.22569621654396058 28.353836648117284
0.22580098807543378 28.340821045556687
0.22590576262650236 28.32651656592364
0.22601054020893172 28.310637922838655
0.22611532084797795 28.295208884256088
0.22622010453761768 28.28056224870774
0.22632489128712827 28.26724204420325
0.22642968281154666 28.255504186265384
0.22653446178201836 28.24520284433733
0.22663924864899562 28.23653613951445
0.2267440323420728 28.23025397062976
0.2268488114581489 28.22605459301298
0.22695358805194724 28.22291722714694
0.22705837183001537 28.2219932538791
0.2271631583692805 28.225023911377516
0.22726794432328065 28.229421318263373
0.22737273763874447 28.23425115451518
0.2274775067265493 28.23921328004161
0.22758227660643382 28.24401301177775
0.2276870534621775 28.249782615164218
0.22779183179969936 28.256946719278282
0.22789661244138962 28.26429215215208
0.22800139903943373 28.271283375987686
0.2281061885843446 28.277385167089395
0.2282109802230053 28.282729090949772
0.22831574827759324 28.287788188084015
0.22842052051021547 28.293178869327214
0.2285252953699717 28.297990038220025
0.22863007336936805 28.302059911601926
0.22873485504504745 28.305849045509778
0.22883963931211992 28.31004593982126
0.22894442701826037 28.314006612951783
0.22904921820334426 28.31682128272598
0.22915398582040955 28.31869720412135
0.22925875717978406 28.320588049516786
0.2293635321222508 28.32315654979904
0.22946831024189895 28.32605465911846
0.22957309209707374 28.328693394970042
0.2296778769203571 28.330529919713165
0.22978266482147885 28.331322721441413
0.22988745646019307 28.331816389834554
0.22999222495333446 28.332810800988742
0.23009699691753743 28.334444466059036
0.23020177268796976 28.336483558700415
0.23030655157986654 28.337304047861032
0.23041133400077307 28.33713183154938
0.23051612013330125 28.33722969211933
0.23062090945338454 28.337699814479123
0.23072570243898544 28.337461270294185
0.23083047278880328 28.336691461838726
0.23093524641593177 28.336259342379044
0.23104002377290359 28.33586330065808
0.23114480462869152 28.334954421573048
0.23124958881805463 28.33410779767087
0.23135437669820835 28.333790143925995
0.2314591680044679 28.333457053030532
0.2315639364972611 28.333054023250682
0.2316687087099515 28.333130438829244
0.2317734843766162 28.33347151377243
0.23187826365139547 28.333667735338963
0.2319830466645542 28.33400173351821
0.23208783318114407 28.33451840740044
0.23219262340147248 28.334903981786237
0.23229739106197736 28.335151403293867
0.23240216228930055 28.335397597444267
0.23250693698420513 28.335631563945142
0.23261171466000644 28.335728342774647
0.23271649525762347 28.335736124928154
0.23282127895888025 28.335776149791315
0.23292606563990417 28.335859465574874
0.2330308553351087 28.33588808658913
0.23313564818005902 28.335840815527355
0.2332404177454618 28.335717022389474
0.23334519040443 28.334438205921494
0.2334499662195331 28.331570271581036
0.23355474506779178 28.328059388762156
0.2336595270634572 28.32396935816128
0.23376431219403995 28.318217155507522
0.2338691003785883 28.311364323440483
0.23397389172927918 28.303727915163087
0.2340786599010547 28.29444179936309
0.23418343116910037 28.28417292763374
0.23428820563241645 28.27275063986398
0.2343929832343642 28.260111446184286
0.23449776399413494 28.246642075649675
0.23460254798258157 28.231184519584794
0.23470733513620107 28.215567782776905
0.23481212549446648 28.20065846828108
0.23491689278839983 28.1866985836811
0.2350216634217411 28.174439633083633
0.23512644425090476 28.163553750675682
0.23523123741186217 28.154194153678354
0.23533603055391392 28.146930421936826
0.2354408195597554 28.1420330716997
0.23554560489147175 28.1384633499547
0.23565039501874363 28.13636152656511
0.23575516408568184 28.137999174288336
0.2358599320673646 28.142190875561685
0.23596470664386124 28.146781283158308
0.2360694843199183 28.152221395688752
0.2361742627365285 28.15688807257392
0.23627904800141877 28.162385178530197
0.2363838347650691 28.169120152954395
0.23648862449864747 28.176333754602652
0.23659339376084454 28.183585562481873
0.23669816600993168 28.190332336998384
0.236802940145796 28.195940600834014
0.23690771785319786 28.201028807921894
0.23701249940224275 28.20633568205826
0.2371172836217941 28.211514606581993
0.23722207167799458 28.215890286265243
0.2373268629127506 28.21979587614979
0.2374316308669337 28.223896602069125
0.2375364025830035 28.228205441676476
0.23764117737439822 28.23156293977459
0.2377459554513914 28.23375201470699
0.23785073729206732 28.235734627058086
0.23795552239680082 28.23806420533983
0.23806031131546054 28.240941275475823
0.23816510393037593 28.243882365414798
0.238269873237483 28.246053100368407
0.238374646114745 28.247232246984836
0.23847942241156647 28.24787302251717
0.2385842020483493 28.248614565001922
0.23868898550820608 28.25002737339793
0.23879377244298475 28.25210872036997
0.23889856294878964 28.253517700097152
0.23900333083841938 28.25370100941082
0.23910810214401274 28.253591603452726
0.23921287716465697 28.254115577132623
0.23931765583317355 28.25428731931128
0.23942243800656515 28.253674896124327
0.23952722394630202 28.25311161503891
0.2396320134633406 28.25292156667699
0.239736806585588 28.252276450901658
0.23984157705940606 28.251385886674278
0.23994635104779932 28.250999563903424
0.24005112870859915 28.250811395312244
0.2401559100292463 28.250454264306562
0.24026069494006425 28.250403516432844
0.24036548360944276 28.250767157914574
0.2404702757217573 28.251078302010534
0.24057504457027767 28.25138407791953
0.24067981659234627 28.25189678540176
0.24078459166540267 28.252382030716035
0.24088936989130028 28.25269652626312
0.2409941512876524 28.25297177882462
0.24109893575507726 28.25328470153712
0.24120372336250645 28.253477402436452
0.24130851405775777 28.253562519677793
0.24141328149454588 28.253637188884746
0.24151805209995614 28.253764775874668
0.24162282582619596 28.253897304533233
0.24172760272740218 28.25393450121284
0.2418323828299436 28.25390470229218
0.24193716609462904 28.25331356589915
0.2420419525764183 28.251119023473205
0.24214674226208607 28.247780168707834
0.24225153514741476 28.244111087051706
0.2423563048974955 28.23914771181287
0.2424610778367817 28.23265862220593
0.24256585399774136 28.22555068956489
0.24267063338841263 28.217030449926234
0.24277541598920477 28.207158889123143
0.24288020185613282 28.196397519387887
0.2429849909708752 28.184252787832115
0.2430897833468231 28.171304786797222
0.24319455265455256 28.156709514755576
0.2432993252281239 28.14096497816677
0.24340410110096805 28.12579147243497
0.24350888028523582 28.111436828024708
0.24361366276167368 28.098511047518144
0.2437184512895939 28.08707297459515
0.24382322710246587 28.077088772287055
0.24392800790615166 28.068888184216664
0.24403278525928165 28.063101447227538
0.24413755866926623 28.05918176663177
0.24424233349533242 28.056237212936416
0.24434711545986593 28.056330409081554
0.2444518967213984 28.05989186150493
0.24455668323653143 28.064357418402782
0.2446614740388752 28.06991231175644
0.2447662653689569 28.074697352129554
0.24487103698688925 28.07993366440529
0.2449758102742785 28.08636161825439
0.2450805868405499 28.093311882411147
0.24518536910073874 28.100645365932444
0.24529015431752518 28.107847166333627
0.24539494164335024 28.113841273498622
0.24549973290306543 28.11908581721704
0.24560450120485927 28.124319495097396
0.24570927259485487 28.12970694896198
0.24581404779247884 28.134374389345215
0.24591882611268576 28.138550330272075
0.24602360788018507 28.142600717836704
0.24612839314392135 28.14698929955473
0.24623318166963234 28.1508726754151
0.24633797375854247 28.153603003722523
0.24644274284746265 28.1556586342126
0.24654751555179288 28.15784995540879
0.24665229201691147 28.160661773613704
0.24675707209788547 28.163635280359724
0.24686185572603042 28.16614852480995
0.24696664265463752 28.167815709168092
0.24707143310132387 28.168605465595057
0.24717620073643642 28.16926726456655
0.2472809718965674 28.17050758129757
0.24738574682508266 28.172369201811836
0.24749052535717558 28.174307439093404
0.2475953075120512 28.174965248217546
0.24770009337712734 28.17481726762449
0.247804882832416 28.175162362821773
0.24790967600952588 28.17565811585797
0.24801444644602377 28.17538188365769
0.24811922051485388 28.174752105839886
0.2482239983269206 28.174566343776384
0.2483287797774859 28.174241584198747
0.24843356490728338 28.17341458772643
0.24853835371857014 28.172864886428535
0.24864314616553873 28.172775026421537
0.24874791592146916 28.172539082070898
0.2488526893530375 28.17238215991198
0.2489574662798342 28.17269416714103
0.24906224637194627 28.173107700297294
0.24916702958698653 28.173423269230817
0.24927181600805084 28.173896997825267
0.24937660559081384 28.17445698399949
0.24948139834627103 28.174873227244227
0.24958616790430369 28.17518876462693
0.24969094062302724 28.175538806695688
0.24979571652350302 28.175844947466928
0.24990049557961833 28.176012200362976
0.2500052777908275 28.176116953362882
0.25011006321745244 28.176275436132926
0.25021485182535225 28.176470664987086
0.250319643671082 28.17659214964729
0.25042441232529766 28.17663319826129
0.2505291842005662 28.176483530523473
0.25063395934721205 28.17500033758857
0.25073873773423244 28.172011944358648
0.2508435193837333 28.168550516134683
0.25094830429589665 28.164339374310238
0.25105309245045276 28.1584250283453
0.25115788388541105 28.15163759812522
0.25126265213858967 28.143916546754536
0.2513674236728627 28.134560594765766
0.2514721985063935 28.124322814274556
0.251576976622554 28.112805160522374
0.2516817580682701 28.10018080818477
0.25178654282909146 28.08653695175387
0.25189133091211635 28.070990346815165
0.25199612234106095 28.055585561576493
0.2521008906546231 28.040925292984085
0.25220566232250674 28.02732175022937
0.2523104377838265 28.015365340640404
0.25241522468461797 28.00477400700078
0.252519995263179 27.995775804640694
0.2526247642611826 27.989039356863646
0.2527295558205302 27.984575059457292
0.25283434591827725 27.981093305809868
0.2529391167641307 27.97973509088488
0.25304388843716175 27.982188745571307
0.2531486635537295 27.986466644280483
0.2532534441383716 27.991638915579987
0.25335822501634536 27.99704545989145
0.25346301225417 28.00205038236345
0.25356780152622216 28.008199399149646
0.25367259402272196 28.01480728995222
0.25377736561738007 28.022102658763853
0.2538821401030907 28.029501068052596
0.25398691719800115 28.036026370973005
0.25409169807467274 28.04155515453899
0.25419648219040636 28.04677344144849
0.25430126977101547 28.052156027408568
0.25440606085795986 28.057200822921196
0.25451082880778925 28.06165389979357
0.2546156002381913 28.065749836272136
0.2547203750335124 28.07011122989073
0.25482515330596917 28.07443702756751
0.2549299350526386 28.07767145768849
0.2550347201664739 28.079905247451226
0.2551395089889247 28.082140753202097
0.25524430140094395 28.084751900627865
0.25534907110586097 28.087720291015472
0.25545384442708546 28.09056700903948
0.2555586210412487 28.092558089559862
0.25566340123985565 28.093648862679355
0.2557681848981072 28.094381092605175
0.25587297217055044 28.09536366314887
0.25597776316874626 28.09702093159748
0.25608253125910413 28.099175123044475
0.25618730309632726 28.10035603628697
0.2562920785289867 28.100449951502373
0.25639685762261205 28.10055849750836
0.2565016404467503 28.10124923157437
0.2566064268618314 28.101358643773175
0.25671121701574684 28.1007988450422
0.25681598432313174 28.100491355535986
0.2569207553174174 28.100399509693805
0.2570255300114825 28.099805464328256
0.25713030832322237 28.09913684998149
0.25723509035262954 28.099011080451998
0.2573398760317148 28.098936906698427
0.25744466541271155 28.09872895196184
0.2575494585237402 28.098918270441533
0.2576542288449753 28.099394662014976
0.2577590029444612 28.099773247634047
0.2578637807825275 28.100219120812064
0.25796856230463755 28.100809806950416
0.25807334709090174 28.101314139827554
0.25817813506430304 28.101668688180645
0.2582829262797538 28.102036134609893
0.2583876941633808 28.102435822498233
0.2584924652374097 28.102678095074744
0.25859723949682234 28.10282534449124
0.2587020169402146 28.10299754443303
0.25880679763338504 28.10323199066778
0.2589115815321119 28.103441913326442
0.2590163686941287 28.10356294492808
0.25912115911109346 28.103595827587785
0.2592259527727576 28.102809933059522
0.2593307232162698 28.100412873932342
0.25943549690619344 28.097120677072226
0.2595402738733931 28.093441548153216
0.25964505410387506 28.088290363734735
0.25974983759217624 28.081792281186104
0.25985462437357526 28.074687112495006
0.2599594144242015 28.066031557376974
0.26006420777804634 28.05618839850062
0.2601689779263421 28.045344588628847
0.26027375138514613 28.033134288993306
0.26037852817410917 28.020153446840958
0.26048330827974386 28.00526262163518
0.2605880917270873 27.989682163259925
0.2606928785121061 27.974744508219246
0.26079766863545145 27.960666218573408
0.2609024621283789 27.948048329093858
0.2610072364067453 27.936874605887454
0.2611120237066181 27.927193575845365
0.2612168133711396 27.91946778034537
0.2613215993578647 27.91415468547143
0.26142638214619796 27.91043399159233
0.26153117016957694 27.907928967121148
0.2616359614271165 27.908952084722813
0.26174075411300207 27.91277791809718
0.2618455267225238 27.917736614965857
0.261950299583206 27.923454578285394
0.26205507820849516 27.92834216090614
0.26215985948151876 27.934255168884174
0.26226464359141266 27.940590172030113
0.2623694331959792 27.947737383644384
0.26247422556587363 27.955179479413847
0.262578994587245 27.962142607192384
0.26268376703707846 27.968023836078668
0.26278854272584246 27.97337235584383
0.262893321972874 27.97866605738772
0.26299810447565164 27.984019276420685
0.26310289052635993 27.988707483772547
0.2632076798874355 27.992992519791212
0.26331247268346897 27.99731039341023
0.26341724237438124 28.001818424162956
0.26352201547927073 28.005579108842582
0.26362679202129086 28.008258031652908
0.26373157207892284 28.010495924851465
0.26383635577840436 28.01292112594906
0.2639411431310072 28.015861845183544
0.26404593415239697 28.018827275599747
0.2641507020302691 28.021143077527185
0.26425547330376903 28.022647991323232
0.264360248103694 28.023472049467365
0.2644650264049387 28.024295651055944
0.2645698083569188 28.025787261882737
0.26467459393449333 28.027836125813113
0.2647793831259391 28.02958699468828
0.26488417596425473 28.03013784615868
0.2649889458498217 28.030117741684865
0.2650937194028801 28.030719565132486
0.26519849656979916 28.03117695563096
0.2653032773672373 28.030873955683617
0.26540806179996296 28.03045247488553
0.2655128498659762 28.030444716706512
0.2656176415856279 28.030141251291994
0.2657224103534175 28.029452521189658
0.26582718276978096 28.029166697674235
0.26593195881081344 28.02921516321658
0.26603673849905607 28.02907357169633
0.26614152186298606 28.029139686716114
0.2662463088911646 28.02961286024056
0.2663510996324045 28.03008309731965
0.2664558675091633 28.030507515935696
0.2665606391121025 28.03108820609393
0.26666541443848385 28.031651629135354
0.2667701934904909 28.032072605614893
0.26687497629203116 28.032468172165594
0.2669797628037062 28.03290729896685
0.2670845530439216 28.033245708067266
0.267189320419525 28.033445877402272
0.2672940915275476 28.033631993405447
0.2673988663944181 28.033889538077588
0.2675036450120908 28.034175524849857
0.267608427357264 28.03437810380009
0.2677132129997575 28.034465003750427
0.26781800188955945 28.034245942722457
0.2679227940215313 28.032570674234996
0.26802756281753637 28.029527694183724
0.2681323348610039 28.026136683031325
0.2682371101395239 28.0217664000741
0.26834188867018566 28.015741886024358
0.268446670443862 28.00902576718578
0.26855145548343917 28.00116654622771
0.26865624379079417 27.99175402600593
0.26876103537254303 27.981476334549402
0.26886580366329876 27.96982674470612
0.26897057524147916 27.957200530258405
0.26907535012390693 27.94329151606114
0.2691801283017382 27.9277222173701
0.2692849097901112 27.912517317565737
0.2693896945881742 27.898074532668076
0.26949448269486354 27.884774634215624
0.26959927514825904 27.87307064795535
0.26970405323860985 27.862745546922376
0.2698088390275149 27.85412442633365
0.26991362203483976 27.84789142872856
0.27001840120583764 27.84378302943451
0.2701231819703907 27.840524332691867
0.2702279686488899 27.840052904493238
0.2703327551998064 27.842980148027472
0.2704375483601632 27.8476879795995
0.2705423158145337 27.853170439177042
0.2706470879375414 27.858516330402512
0.27075186356021996 27.86416237774042
0.27085664144653865 27.870321340116856
0.270961424841187 27.877192547489045
0.2710662107237398 27.884579798268227
0.2711710004156166 27.891756520504266
0.2712757935375244 27.898107921239433
0.2713805628327642 27.90375486730828
0.2714853356327737 27.909009802497362
0.27159011181398424 27.914529379008638
0.2716948912424519 27.919454053426676
0.2717996742176689 27.92397008085395
0.2719044603636481 27.928288531613234
0.27200925002164755 27.932806247722333
0.27211404298672814 27.937050463721118
0.2722188127387865 27.940201892520356
0.2723235859404003 27.942498164041307
0.27242836262463993 27.944872320498778
0.2725331429656105 27.947658771590064
0.27263792688762 27.950632388466907
0.27274271429934627 27.953351607042798
0.2728475049925733 27.95522808019471
0.27295227251822823 27.956287581178202
0.2730570434918079 27.95714846677414
0.2731618179861809 27.958364626319366
0.2732665960828138 27.960234336583596
0.27337137770766384 27.96241935454327
0.2734761629348831 27.963401303390434
0.2735809516968205 27.96351035686504
0.2736857440545827 27.963862416156374
0.27379051335573723 27.964577927151648
0.2738952862022935 27.96463136466887
0.2740000626217325 27.9641822758374
0.27410484258562345 27.964069672756974
0.27420962614952404 27.964010928644775
0.2743144132476152 27.96347096470351
0.274419203926046 27.96303573689834
0.2745239715282466 27.963098271652314
0.27462874270413457 27.963105739713804
0.27473351747273744 27.96308045575236
0.27483829583542163 27.96346859697033
0.27494307783066657 27.964007722719472
0.2750478634429987 27.964454319226203
0.27515265271058903 27.964996421537197
0.27525744561268034 27.965613090041565
0.27536221553678486 27.966108529033324
0.2754669891154151 27.966515905376845
0.2755717663349045 27.966965496728772
0.2756765471975158 27.96740313977167
0.27578133168262003 27.967681079746512
0.27588611982764394 27.967892878525085
0.2759909116238162 27.96816877724852
0.2760956804660612 27.96850610085952
0.2762004529907671 27.96878825610608
0.27630522921218875 27.96895862044444
0.276410009138378 27.969038375829573
0.27651479276587404 27.96805277100456
0.27661958011649035 27.96549479246829
0.27672437116568266 27.962262289827283
0.27682913928213826 27.958528210736066
0.27693391110461574 27.953190846116506
0.27703868665419884 27.946728942508926
0.2771434659305677 27.939567468352436
0.277248248942824 27.930766169830104
0.27735303571048536 27.920920685959434
0.27745782623039783 27.909928331064002
0.2775625938622653 27.89764869546389
0.27766736525617536 27.88453111927741
0.2777721404283911 27.86940426603962
0.27787691937925085 27.853988122420553
0.27798170183185744 27.83925688579166
0.2780864875399801 27.825408282883977
0.27819127658803944 27.813080129252615
0.2782960476076781 27.802145980633078
0.2784008304313811 27.792769851048128
0.278505613355716 27.785544651818785
0.2786103923324889 27.78070195929468
0.2787151695859273 27.77710195443469
0.27881995343347066 27.77529745405662
0.2789247375292098 27.776975815123535
0.27902952690778166 27.781232641957182
0.2791343186412941 27.786544944536992
0.27923908689625315 27.792216527293526
0.27934385959174973 27.797679687709056
0.2794486339425663 27.803644747746787
0.2795534138263552 27.810253785470692
0.2796581958140411 27.81749433977565
0.2797629822273157 27.824710571040427
0.27986777225091336 27.831577629746157
0.2799725643899156 27.83757391561013
0.2800773333965481 27.842934221110383
0.28018210568806995 27.848405705317308
0.2802868811358689 27.85364766354339
0.28039166016350575 27.85837492012295
0.28049644213941355 27.862736320729432
0.28060122776653823 27.867222151579007
0.2807060163743176 27.871737871155837
0.2808108086005147 27.87538076651686
0.28091557719620464 27.87799514689501
0.2810203494122694 27.880335713929004
0.2811251250133668 27.882926914284276
0.2812299042075558 27.885903283956644
0.281334686880843 27.888876968964432
0.2814394727682399 27.891101734103668
0.2815442620541251 27.892553109564574
0.2816490545850921 27.893475550283494
0.2817538239795061 27.89447626493847
0.2818585967267751 27.89616989088315
0.28196337308021246 27.898366075623407
0.2820681528336681 27.899941392351113
0.2821729361184667 27.90041930801913
0.2822777228887944 27.90057882517727
0.2823825131293199 27.901266042109725
0.28248730688961254 27.901661892256165
0.28259207735029407 27.90136261251943
0.2826968513490243 27.901109399366764
0.2828016287653065 27.901196948588122
0.28290640971990133 27.900919607065013
0.2830111940980142 27.900397158992455
0.2831159819857558 27.900332024052858
0.2832207733382028 27.900483583450942
0.28332554148372024 27.90046164292331
0.28343031314414735 27.90071425547021
0.28353508830793334 27.90128546349302
0.2836398670375717 27.901799327301667
0.2837446492782209 27.90230295973053
0.28384943509854305 27.902934836778556
0.28395422444283797 27.903503555572442
0.28405901736905365 27.90394634245823
0.28416378711288226 27.90440579164659
0.2842685604105175 27.90490462884928
0.28437333723181485 27.905282777395296
0.2844781175962924 27.90554204365342
0.2845829015309446 27.90583148754917
0.2846876890246959 27.906187203825144
0.2847924801204714 27.90654926224918
0.2848972480700393 27.90680535123726
0.28500201963396504 27.906947509238755
0.28510679478457035 27.90661154201526
0.2852115735502614 27.90473089254068
0.28531635590835347 27.901671126374477
0.28542114187027706 27.898315478092293
0.2855259314407213 27.893758841351513
0.28563072461470146 27.887657617332145
0.2857354946888899 27.880963332152774
0.2858402683795535 27.872926433613426
0.2859450457187246 27.863463403329764
0.2860498266882625 27.853093015259113
0.28615461131735526 27.841297581702783
0.286259399591326 27.828637168001997
0.28636419153139997 27.814394825759692
0.28646896039738784 27.7988624529355
0.28657373292500266 27.783843757508272
0.2866785091190952 27.769622885842068
0.28678328897768013 27.756603249783826
0.28688807425188895 27.745133659850243
0.28699284512075973 27.735085810103996
0.2870976214312393 27.72689132229056
0.28720239524454844 27.72114162302914
0.287307166593524 27.717312280462686
0.287411942912841 27.71445532386081
0.2875167221184603 27.714753748236635
0.2876215048607566 27.718150486248604
0.28772629211881257 27.723332559354077
0.28783108173888866 27.72889028921493
0.2879358501019288 27.7345242346795
0.2880406203469252 27.740292378814594
0.28814539631384556 27.74676343805198
0.28825017468572117 27.753737049264636
0.28835495823831286 27.760902719884513
0.2884597460128664 27.768086942094783
0.28856453616444483 27.774497953453984
0.2886693301488933 27.780070700802547
0.2887741011186403 27.78552701819728
0.28887887571560333 27.790994602648194
0.2889836539768394 27.795885000048777
0.28908843520639904 27.800401029539785
0.289193219966202 27.80488078923773
0.2892980075867125 27.809466026653666
0.2894027988303522 27.813596575244162
0.28950756614930057 27.81668359499254
0.28961233714023205 27.819029289766853
0.2897171111834192 27.821522581006136
0.28982188893725913 27.8244307218861
0.2899266699392301 27.827439380712168
0.29003145432948363 27.83007951527843
0.2901362418125207 27.831915111518416
0.2902410325936881 27.832982565084833
0.29034579993479537 27.83398897393321
0.29045057058463236 27.83539648253995
0.2905553447375182 27.837457884247407
0.2906601221598337 27.83954045371752
0.2907649031184387 27.840404084141078
0.2908696873318153 27.84054667851605
0.290974475091313 27.841061714791504
0.291079266102016 27.841728877041035
0.29118403380945246 27.841739532081384
0.29128880479535196 27.841410158130994
0.291393579226242 27.841452377381692
0.2914983569937693 27.841429550630686
0.2916031381619483 27.840973973867747
0.29170792270472745 27.840761923931673
0.29181271061447117 27.84096536507768
0.29191750194621907 27.84105027863602
0.29202226986178464 27.841177233971237
0.29212704124222955 27.841693933689992
0.2922318159986685 27.842269771984316
0.2923365942465713 27.84276146098512
0.2924413758818275 27.843366416850493
0.2925461610123495 27.843998178318515
0.2926509495493576 27.844519939097022
0.2927557415625816 27.844985565668583
0.29286051019501935 27.84551110873538
0.2929652822697687 27.845999927573633
0.2930700577682803 27.8463497476253
0.29317483671129996 27.846646826035258
0.2932796191216286 27.847012158026583
0.2933844049919828 27.847421140346412
0.29348919435784 27.847762290930724
0.2935939871855408 27.847966654246992
0.2936987567263749 27.84802129077923
0.29380352973272394 27.846824269888796
0.29390830624441505 27.844133661195805
0.29401308622093714 27.840958757724398
0.2941178696983691 27.83711721298091
0.2942226566528897 27.83160107449176
0.294327447118556 27.82517481711153
0.2944322410854018 27.817897039845924
0.2945370117676426 27.80896032207963
0.2946417859696517 27.799068225826588
0.29474656369450564 27.787888395504385
0.2948513449555406 27.77553001991746
0.29495612974243457 27.76219504889213
0.29506091807258494 27.74690472841893
0.2951657099307206 27.73164820444046
0.2952704785267275 27.7171154291785
0.2953752506577702 27.703491512802394
0.29548002655122824 27.691461870052613
0.29558481237369155 27.680784624052485
0.29568958135965623 27.67175987625134
0.2957943494061077 27.665032147049935
0.2958991411201652 27.660609454244618
0.29600393419289384 27.657210563543714
0.296108705817075 27.656143361391614
0.2962134787990449 27.658335842705775
0.29631825755974206 27.66317491350206
0.29642303768318684 27.668471553802664
0.2965278235614166 27.674468035950355
0.29663261109957334 27.68009129808577
0.29673740410061433 27.686324467600457
0.2968421726053789 27.69306762211969
0.2969469461370193 27.70013659670522
0.29705172394005563 27.707440626510287
0.2971565040810111 27.714324712656435
0.2972612876336518 27.720179674927913
0.29736607490583944 27.7256745746187
0.2974708656257986 27.731157089714014
0.2975756332367581 27.736324781829655
0.2976804043154386 27.741053865621108
0.2977851791059094 27.74555453468808
0.297889957311741 27.75013485637442
0.29799473931832704 27.754643168417843
0.29809952471661083 27.758202717496978
0.29820431394032787 27.7607521473104
0.29830910667695426 27.76325020191971
0.298413876540325 27.766011604785955
0.2985186500540067 27.769040322060636
0.2986234273783829 27.771975268029188
0.29872820817788465 27.774112905314155
0.29883299265064667 27.77546698767859
0.29893778073522437 27.776495877481963
0.29904257255887084 27.77765299431823
0.29914734128367493 27.779544073161894
0.2992521137680255 27.781827395991
0.2993568900225253 27.78315640448359
0.2994616700107367 27.78354121573549
0.29956645381074365 27.783891229528106
0.2996712413151629 27.78463466812913
0.29977603259741176 27.784964033566386
0.299880800704116 27.784707208525482
0.2999855726054143 27.784646172473263
0.30009034820241537 27.78480653753606
0.3001951275986622 27.78456806543346
0.3002999106944897 27.784232966304494
0.3004046975944087 27.784365293444317
0.30050948820711326 27.784567185044416
0.30061425577945977 27.784647758390918
0.3007190270953115 27.785037399803816
0.3008238020585579 27.785660474733284
0.30092858031583164 27.786191950721573
0.30103336193645747 27.786763459697553
0.3011381468636734 27.787440710136188
0.3012429351535175 27.788027559931212
0.30134772675790683 27.788515851139596
0.30145249484321474 27.789048672561393
0.3015572662303406 27.789622727019193
0.3016620409456077 27.790060338583352
0.3017668189867455 27.790393211443558
0.3018716003743626 27.790748891646956
0.301976385116047 27.79117493057022
0.30208117321830635 27.791587626157565
0.3021859646907029 27.79188255848257
0.3022907326598452 27.79206022580311
0.30239550400515014 27.791531095511743
0.30250027871111435 27.789434288720244
0.3026050567869757 27.786413370278915
0.30270983822166975 27.783063069153485
0.3028146230375397 27.77830227306011
0.30291941122094623 27.772144916370443
0.30302420280009956 27.7654198987318
0.3031289708844528 27.757196766010033
0.30323374237793643 27.747686940473162
0.30333851726236893 27.737155540769272
0.3034432955602423 27.725204863634872
0.3035480772561818 27.712464347723248
0.3036528623689229 27.69788903330784
0.3037576508863655 27.6824607330291
0.30386244282045866 27.66763539780732
0.3039672112788812 27.653637829449963
0.30407198316819006 27.64089432158711
0.3041767613077813 27.6296548067171
0.3042815516704264 27.619908780175894
0.3043863448860759 27.61216258085865
0.304491134770887 27.60690015169383
0.30459592288413057 27.603246935254134
0.30470071700576706 27.600987452916208
0.3048054849945683 27.601838610666316
0.30491025875252253 27.60591398075303
0.3050150338128946 27.61119499030605
0.30511981424402396 27.61715373621189
0.3052245965374205 27.62278189768113
0.3053293837744753 27.628775028394667
0.3054341734646068 27.635411710415525
0.30553894093800926 27.642296474344203
0.3056437126751214 27.649615443428786
0.30574848687883704 27.65680796228007
0.3058532640814806 27.662993386982805
0.30595804495971834 27.668636816900346
0.3060628290769382 27.674095075798988
0.3061676167908162 27.679534005131856
0.3062724078452664 27.68443764831961
0.30637717552359717 27.68902632422351
0.3064819465585486 27.693623442126363
0.3065867211254694 27.698307651941278
0.30669149908470733 27.702358302892204
0.306796280555268 27.70533660908404
0.3069010655140116 27.707805730426276
0.3070058541333219 27.710440836048377
0.3071106463600297 27.713454666396416
0.30721541531601815 27.716465489752245
0.30732018771823416 27.718969666328665
0.30742496352784965 27.720655582044245
0.3075297428547901 27.72175153633215
0.3076345256921692 27.722825334183202
0.30773931215074507 27.724472994821188
0.30784410219309016 27.726678015068632
0.3079488958711587 27.7285656362861
0.3080536662050605 27.729318503551294
0.3081584401934541 27.729526624645132
0.30826321775467247 27.730218275798265
0.30836799891985983 27.730848783080564
0.3084727836210209 27.730833594829456
0.3085775719240311 27.730669080531385
0.3086823637935106 27.73086851560233
0.3087871323493845 27.730867488772436
0.3088919044726054 27.730517042858285
0.30899668021207766 27.73050189951569
0.30910145952765383 27.730802720990592
0.3092062424702041 27.730928003498178
0.3093110290106268 27.731192646276085
0.3094158192028813 27.731795005273426
0.3095206130154599 27.73238946088574
0.3096253835556331 27.732928877204085
0.3097301577225087 27.733601834896476
0.3098349355558135 27.734249288519706
0.30993971701877093 27.73478662242733
0.3100445021418608 27.73531711556003
0.31014929088779997 27.73592340048139
0.3102540832828138 27.73646510949853
0.310358852369387 27.736861343700085
0.31046362512677184 27.737209038314454
0.3105684015396246 27.737623638407307
0.3106731816391818 27.73809862178745
0.31077796540916486 27.73848109968584
0.3108827528731872 27.738718695539212
0.3109875440179235 27.738684902068265
0.3110923119120913 27.737274514109096
0.3111970834798682 27.73451868895669
0.31130185873878713 27.731417110037697
0.3114066376786867 27.727422842369915
0.31151142032430007 27.721741165737832
0.31161620666630485 27.71533549817487
0.31172099672592807 27.7078968493956
0.31182579049565173 27.698836552826204
0.31193056103802796 27.688842909793166
0.31203533530050476 27.677450471009763
0.3121401132931645 27.66501604359863
0.3122448950109676 27.651415179868252
0.3123496804613564 27.636049469031363
0.3124544696410229 27.620967611547403
0.31255926256266653 27.60662510678595
0.31266403226146633 27.593229335466344
0.31276880624770265 27.581464688447436
0.3128735910469883 27.571045164991283
0.3129783838222567 27.562395962454474
0.31308317510624695 27.556159933333056
0.31318796407969485 27.552093463401047
0.3132927572693738 27.549010052502567
0.31339752635548884 27.548582747519628
0.31350229964408916 27.551421375226138
0.313607075530024 27.556605187578988
0.31371185543169117 27.562037609657356
0.31381663804388865 27.5682185731659
0.3139214247099565 27.573956217925456
0.31402621420722954 27.58051423582506
0.31413100788038567 27.587155983253293
0.31423577878405 27.59440090818466
0.31434055237893754 27.601720803811986
0.314445328690825 27.608343594923085
0.31455010851127424 27.614248213328185
0.3146548914155652 27.619716636811876
0.31475967780361186 27.62525110394266
0.3148644673658441 27.630383610230734
0.31496926035615674 27.635144256212847
0.3150740295757018 27.63976079199336
0.3151788021741803 27.644507808300354
0.3152835780644771 27.648977924240697
0.31538835728805414 27.652413783066933
0.3154931398705423 27.654965383505974
0.31559792589051144 27.657562212329726
0.31570271542943223 27.66047146017935
0.31580750847833494 27.66350937514858
0.3159122778987542 27.666337166783173
0.3160170505943219 27.668327047205928
0.31612182662050736 27.66960546446955
0.3162266060112605 27.670689363216134
0.31633138884819684 27.672053222209776
0.3164361751300663 27.674114792626916
0.3165409649003429 27.67641020470831
0.31664575810792495 27.677548885838334
0.3167505278164156 27.677869232301354
0.31685530097562137 27.678423378098834
0.3169600775859652 27.679239842422824
0.31706485759740805 27.679511767390117
0.31716964103944273 27.67931561960958
0.3172744279038646 27.679446116733637
0.3173792182199972 27.679657322666767
0.3174840119662042 27.67942904607357
0.31758878216240627 27.679274951048157
0.31769355579299885 27.679568987642234
0.3177983328816237 27.679800423692164
0.3179031134251921 27.67997382647136
0.3180078974492595 27.680500117182902
0.31811268494868666 27.68115112899335
0.318217475940307 27.68169969877839
0.31832224340630444 27.682344206441183
0.31842701436808735 27.683043588962782
0.31853178881483246 27.683628976347855
0.3186365667516888 27.684154265194543
0.31874134816372557 27.684764245987722
0.31884613305360726 27.68539638018518
0.31895092142267967 27.68586710143024
0.31905571328968174 27.68622711295492
0.3191604816423216 27.686635003851784
0.31926525350810764 27.68712490162094
0.319370028888575 27.687591093706825
0.31947480778970233 27.687914876339885
0.31957959021351545 27.68811878976546
0.31968437616117146 27.687373501890363
0.31978916562482756 27.685107078340142
0.3198939586068242 27.682157874547165
0.3199987280854697 27.67876184042526
0.32010350109272045 27.67377420455668
0.3202082776343482 27.667596428100204
0.3203130577153653 27.66079525287406
0.32041784134194606 27.652373513075347
0.3205226285172153 27.642794016887173
0.3206274192462397 27.632047120886902
0.3207322135311791 27.61995650414627
0.320836984340825 27.607076617171913
0.32094175870567765 27.592225710351258
0.32104653662693156 27.576944218297516
0.32115131810952385 27.562308306685004
0.3212561031602705 27.548480019709146
0.321360891820941 27.536021414460286
0.3214656609260767 27.52500292861561
0.32157044133538126 27.515576168242593
0.321675222801006 27.50831083791989
0.3217800013724451 27.503503005882294
0.32188478045445573 27.500029087329974
0.32198956466310824 27.49838935296774
0.3220943510159603 27.499815450017536
0.32219914199344696 27.504527645048448
0.3223039357381768 27.50977292220214
0.322408706676058 27.516116441046258
0.32251348086924647 27.521725739618937
0.32261825892877344 27.5281028551355
0.32272304079611286 27.534617192524642
0.3228278271542148 27.54170837548222
0.3229326168482071 27.549040759826664
0.32303740964020156 27.556057535415963
0.323142178918752 27.562224867031127
0.32324695166969764 27.56780749862577
0.3233517281215045 27.573349374573823
0.3234565080158881 27.578766603319895
0.32356129165456904 27.583649141577197
0.32366607871415704 27.58836839086743
0.32377086953362244 27.5931434779798
0.3238756638161871 27.59783830105132
0.3239804347420279 27.60174555181009
0.324085209210237 27.604630686366455
0.32418998742312016 27.607201358598864
0.3242947693508423 27.609964589983573
0.32439955508056495 27.61301211953819
0.3245043444978418 27.61596788232694
0.32460913752369197 27.618303816326648
0.3247139070396678 27.61986529447727
0.3248186802098727 27.6209998937918
0.32492345706640524 27.622210092085332
0.3250282376352969 27.62407214451496
0.32513302197364646 27.62641373491272
0.32523781001207214 27.62810700887914
0.3253426018352658 27.628732399764086
0.32544737029443427 27.62909704580791
0.32555214252747466 27.629945931844077
0.32565691840969657 27.63051356574085
0.3257616980308276 27.63045656381928
0.32586648131527524 27.630468950798527
0.3259712683644556 27.63077691714169
0.3260760590928427 27.630745932520664
0.32618082649919417 27.630508542504803
0.32628559759998715 27.630690893444882
0.3263903724567531 27.631039961464776
0.32649515103132803 27.63121302080655
0.3265999333696059 27.63163172173718
0.3267047194586591 27.6323094598728
0.326809509318984 27.63291099808317
0.32691430294924817 27.633519598525805
0.3270190732623664 27.634246176167448
0.3271238473538334 27.634881964359067
0.3272286250330396 27.635418539715438
0.3273334060625384 27.636018667638247
0.3274381904093579 27.63669619603263
0.3275429781070364 27.63725115469473
0.32764776913236726 27.63766268719747
0.32775253643516916 27.638055549775903
0.3278573070869537 27.638531090615764
0.327962081120254 27.63906432188791
0.32806685851430667 27.639470998090832
0.32817163928994064 27.639734614076843
0.3282764234308532 27.639587965959457
0.32838121094271067 27.637982850903484
0.32848600181724924 27.635213088481997
0.32859079606510316 27.632154480533714
0.3286955665842127 27.627951469253265
0.3288003404837046 27.622146761325364
0.3289051177685698 27.615739462030184
0.329009898443116 27.608091042642155
0.32911468251562775 27.5989085415687
0.3292194699809288 27.58876354140117
0.32932426084735855 27.577170901449286
0.32942905510883147 27.56467241425176
0.3295338256645688 27.550751185733834
0.32963859961657777 27.5353860772971
0.32974337697378847 27.52047194567295
0.3298481577337203 27.50631302043034
0.32995294190643704 27.49315842067128
0.33005773070333955 27.481625328872074
0.3301625038771689 27.47147643489109
0.3302672826945169 27.46324147377851
0.33037205863113783 27.457498438872765
0.3304768322783984 27.4536891100907
0.33058161120627944 27.45107541796841
0.3306863913457056 27.451155590865085
0.33079117687261195 27.454801065345478
0.3308959640284097 27.460025088754755
0.331000756147888 27.465919124992286
0.33110555052774665 27.47191953839891
0.3312103222152812 27.478050772873203
0.331315096901678 27.48457338121708
0.3314198760713517 27.491401908186543
0.33152465862364133 27.49866197662558
0.3316294444195689 27.505871384629415
0.33173423313789646 27.51240875728672
0.3318390253793439 27.518251342372736
0.3319437938365168 27.523809654883266
0.33204856568573843 27.529373558793807
0.33215334102039146 27.53445563993276
0.3322581196755338 27.53929752178555
0.3323629018918469 27.544039324498375
0.3324676873681583 27.548849764514003
0.3325724764368364 27.553213271367426
0.3326772688028115 27.556547967735447
0.33278203762423814 27.559142541506866
0.3328868099265793 27.561803444197988
0.33299158586015476 27.564786004704935
0.3330963653783055 27.567772095743166
0.3332011483301436 27.570470310922726
0.33330593467543956 27.57235497624366
0.333410724450227 27.573626670230524
0.3335155177345628 27.574824364998893
0.3336202873874138 27.57639296828866
0.33372506062355023 27.57861142061434
0.3338298373952411 27.580797222554445
0.33393461775138894 27.581809332923598
0.33403940165806717 27.582169985782638
0.3341441891451677 27.58290215988583
0.33424898013542587 27.5837006641328
0.3343537474972527 27.583898155916042
0.3344585183626544 27.58380573321594
0.3345632927662431 27.58407524072793
0.33466807070087123 27.584263997994274
0.334772852168193 27.58407323731394
0.3348776371762689 27.584102768354754
0.3349824257212524 27.584500057323382
0.3350872178215579 27.584763287751272
0.3351919863154641 27.585071473714297
0.33529675838511974 27.585716648301513
0.33540153402182565 27.58638674641607
0.3355063132440781 27.58697419962456
0.3356110960423897 27.587683273089652
0.33571588242657097 27.58838361756999
0.3358206723843021 27.58895921940481
0.3359254659137975 27.589542103063906
0.3360302358457254 27.590218376254782
0.3361350093457117 27.59086804726544
0.33623978642194835 27.591352802748467
0.33634456708357025 27.591741998130917
0.33644935134256715 27.59220938139586
0.33655413920225224 27.592757147930485
0.33665893067035724 27.593243137159625
0.3367636985749957 27.59358719227741
0.3368684700882644 27.59377764239533
0.33697324520150057 27.592839614252473
0.33707802391701036 27.590446195203356
0.3371828062349336 27.587546151222327
0.3372875921657964 27.58404433256029
0.3373923817107237 27.57884550575215
0.337497174878997 27.5726709100923
0.33760194449590875 27.565734734397285
0.337706717741738 27.557110353659933
0.33781149462271504 27.547437559259894
0.3379162751351745 27.536470754135568
0.3380210592864444 27.52427329308569
0.33812584706938204 27.51119131780705
0.33823063849265683 27.49613652403879
0.33833540636950354 27.481004313885023
0.33844017789381076 27.466544612575046
0.33854495306389865 27.452881522562425
0.33864973199902 27.44072467355649
0.3387545196521483 27.42992985181823
0.3388592900056473 27.42084546208041
0.33896406009785696 27.414078686198827
0.3390688276656197 27.40964949647323
0.33917359822632337 27.406426590795654
0.339278371911176 27.405331237342747
0.3393831500668402 27.407498385066788
0.3394879306779747 27.412515450361944
0.3395927163185393 27.41800514119079
0.33969750432731943 27.424371145500103
0.33980229726703154 27.43029365870592
0.339907065792802 27.43667528122358
0.34001183909978777 27.4433421927854
0.34011661607893623 27.45045541187415
0.340221396964276 27.457723839751687
0.3403261808501594 27.46471095564253
0.34043096838103765 27.47081816774853
0.34053575947979936 27.476459423951134
0.34064052709518083 27.482045725290313
0.340745298309901 27.487391711816304
0.34085007325894945 27.492370552938386
0.34095485183096785 27.497133788855187
0.34105963405040607 27.50195865851463
0.3411644200310661 27.50663748472591
0.34126920958468354 27.510440295484017
0.3413740029457183 27.5132404844335
0.3414787727492679 27.51587592266454
0.34158354646596134 27.51872286626151
0.34168832396050414 27.521737389831678
0.3417931052111091 27.524667776080044
0.3418978901307387 27.52688810901185
0.3420026784084152 27.52841203686744
0.34210747002593495 27.529632928531555
0.34221223776843546 27.53098341373361
0.3423170089051678 27.533015723842087
0.3424217834654003 27.535438482554262
0.3425265614013964 27.536926529215652
0.34263134278303387 27.537506865645593
0.3427361275454783 27.538016401492293
0.3428409157068753 27.538902876478332
0.34294570719524836 27.539402245349596
0.3430504748138171 27.53935613869936
0.3431552457865559 27.539497177781808
0.3432600201302346 27.53984766027132
0.3433647978534316 27.5398207577897
0.3434695789378886 27.5397155329001
0.3435743634093741 27.540049423048146
0.3436791512490121 27.540437552989353
0.3437839424916524 27.540702592598187
0.3438887098924774 27.541235378681147
0.3439934807059146 27.541966228558273
0.3440982549261898 27.54258375349254
0.34420303255844675 27.543252556599445
0.34430781360689877 27.543995689820754
0.3444125980579593 27.544635532782923
0.34451738591936665 27.545205061555244
0.34462217717096966 27.54586477785915
0.34472694458271613 27.546587404966218
0.3448317153911491 27.547147910233647
0.3449364896153623 27.547580844883633
0.3450412672627222 27.548032752692247
0.34514604833585977 27.5485594476817
0.3452508328427364 27.549116946020398
0.34535562077991566 27.549537681317418
0.34546041215388085 27.549830092741626
0.34556517970587275 27.549541248114522
0.3456699506859919 27.54773902478875
0.3457747250896863 27.544981174279446
0.3458795029245488 27.54192324975837
0.3459842841968657 27.537502548540044
0.3460890689111154 27.531616545564276
0.34619385707759925 27.525161975950958
0.3462986486913055 27.51726650259149
0.346403416506519 27.50797780359955
0.3465081877707636 27.497654887983373
0.3466129624906776 27.485889952081667
0.34671774066279165 27.473322307359634
0.34682252229112737 27.459050064062446
0.3469273073758467 27.44374998348052
0.3470320959201246 27.42899993382213
0.3471368879317442 27.415019045727938
0.34724165614971997 27.402130286889285
0.3473464298907969 27.390806452387963
0.3474512151343136 27.380950364167454
0.34755600384118984 27.373156323784457
0.34766078962228175 27.36789118366358
0.3477655747502707 27.364271342952936
0.3478703648130385 27.362163419431308
0.34797515725818623 27.362812659428403
0.34807992619598926 27.367117932078877
0.348184698906187 27.37244831981168
0.3482894743563431 27.378679599777204
0.34839425438845983 27.384654051060444
0.34849903687877815 27.390886491771727
0.3486038240608948 27.397528109254058
0.348708614603264 27.40441142275575
0.3488133820206659 27.41164935257544
0.3489181522807516 27.418892297674436
0.349022925626063 27.425313614126807
0.3491277024988942 27.431163431768347
0.3492324828434564 27.436767081594656
0.3493372665681543 27.442337946064075
0.3494420539079148 27.44744202473111
0.34954684457547786 27.452278747751755
0.3496516388355051 27.457106258988794
0.3497564092387053 27.461927820000323
0.34986118309463227 27.46619648400427
0.3499659605335509 27.46941340857969
0.35007074137656113 27.472024232236578
0.3501755259779193 27.474746172227153
0.3502803140850495 27.477750206335458
0.35038510586870925 27.48074720887067
0.35048987385314817 27.483350363617216
0.3505946452006723 27.485192372405862
0.3506994201479384 27.486491124707765
0.3508041985398063 27.487792395758607
0.35090898058464437 27.489540084657385
0.35101376619428537 27.491882176957738
0.3511185554089692 27.493923780051286
0.35122334826183027 27.494846529860485
0.3513281173855661 27.49525140994222
0.3514328901515902 27.496062893727057
0.35153766641918516 27.496833335698646
0.35164244626210567 27.496976003011977
0.3517472296464335 27.496981934285003
0.35185201659951376 27.497358626934975
0.3519568071471504 27.497553035674027
0.35206160124286306 27.49742838103932
0.35216637164034437 27.497616753986765
0.3522711455972977 27.498097798247457
0.35237592315898447 27.498401376416577
0.3524807043171685 27.498810139332647
0.3525854890764052 27.499533573364598
0.3526902774622229 27.50021407413972
0.3527950694451987 27.500839568906493
0.3528998377493531 27.501594113385018
0.3530046096535935 27.502295567320843
0.35310938516973694 27.50289079797471
0.35321416428940594 27.503528526714877
0.3533189470012911 27.50427032578095
0.35342373333014754 27.504937168811857
0.35352852326719925 27.505447731205415
0.3536333168370478 27.505879256970047
0.3537380867151089 27.506385854296806
0.3538428602276461 27.506971865067605
0.3539476373793166 27.507468723753792
0.3540524181651616 27.507832769344127
0.35415720259184374 27.507974510472128
0.35426199064463537 27.506836836540906
0.35436678233365587 27.50435319928701
0.35447155033125977 27.5014989658238
0.3545763219711125 27.49784424129505
0.3546810972627221 27.49246260285529
0.3547858762031788 27.486281287559073
0.35489065880393883 27.47914752496436
0.3549954450593908 27.470333233413363
0.35510023497691556 27.4605337431582
0.35520502855521097 27.449339883465942
0.3553097984616581 27.43705170227297
0.35541457202948 27.423718007731107
0.3555193492594787 27.408545951649444
0.35562413015796474 27.393563106948218
0.3557289147282158 27.379264530083248
0.35583370297706424 27.36579299019514
0.35593849520910886 27.353914552103646
0.3560432698901977 27.343366492827833
0.35614805272655237 27.334659073765156
0.35625283436538324 27.328390425201125
0.3563576140515412 27.324269841551327
0.3564623983354324 27.321411352315465
0.3565671847201851 27.320765955697247
0.35667197612305707 27.32377580599883
0.356776770274461 27.32891942081475
0.356881541110966 27.334724474087253
0.3569863159186564 27.34107561164851
0.3570910938018141 27.34715579949964
0.3571958763585508 27.353710809777883
0.35730066229422164 27.360375496335664
0.3574054528540738 27.367496591073987
0.35751024671978415 27.37484822505857
0.35761501624451963 27.38168127453947
0.3577197896041904 27.387825427522532
0.3578245665778451 27.393473258150053
0.3579293469926556 27.3991056149403
0.35803413086199004 27.404405043018173
0.35813891789877406 27.409395336124426
0.3582437083761484 27.414209817421877
0.3583485020630614 27.419071198638584
0.3584532717540723 27.423706440878032
0.3585580447876574 27.427385250055387
0.35866282107661335 27.430127651281573
0.3587676008816119 27.43280703782048
0.35887238406704874 27.435726355238568
0.35897717078113095 27.438750011405574
0.3590819608435952 27.441630290782697
0.3591867541162621 27.44378924235115
0.35929152344527937 27.445276520332282
0.3593962959835221 27.44658092010293
0.3595010720323476 27.448084555571352
0.3596058514463898 27.450254014026996
0.35971063429404826 27.452708283239282
0.359815420626208 27.45400510325687
0.3599202103339529 27.45451696897087
0.3600250035419295 27.455154434464
0.3601297727136237 27.456055840559287
0.3602345452573587 27.45648635440522
0.3603393211941388 27.456460563299036
0.3604441004794589 27.456742204938504
0.36054888320707223 27.45713424757435
0.36065366929988646 27.457115444766476
0.3607584588069376 27.45715375297216
0.3608632517284144 27.457621447656386
0.36096802065252553 27.458031812503826
0.3610727930251746 27.4583586923426
0.3611775687985369 27.458994464523883
0.3612823480183327 27.45973998909716
0.36138713067022976 27.460362809288593
0.3614919167472531 27.461084818173255
0.36159670627271623 27.461850647300594
0.36170149920725625 27.46249773354411
0.3618062681826379 27.46312179576851
0.3619110405714056 27.46384500914835
0.36201581637633323 27.464604604666555
0.3621205956226804 27.46519529571764
0.36222537829652546 27.465650410846703
0.36233016442331556 27.466141794955213
0.3624349539970212 27.466707607664468
0.36253974701901853 27.46728109699687
0.36264451610318654 27.467720432993907
0.362749288628104 27.4680467409082
0.36285406460146674 27.467560010534324
0.3629588440143226 27.465567433687472
0.3630636268735052 27.46285026930594
0.3631684131899564 27.45974434875249
0.3632732029623964 27.455085582846426
0.3633779962012696 27.44913027713323
0.3634827654982124 27.442570689142773
0.3635875382623535 27.43442192741221
0.3636923144942987 27.42502835644091
0.36379709419314743 27.414488739299905
0.3639018773628782 27.40256259333551
0.36400666399813225 27.38987093777673
0.3641114541039798 27.37528528519583
0.36421624768511146 27.36010624996186
0.36432101733024086 27.345531026261018
0.36442579046068585 27.33170981932173
0.3645305670895463 27.319120396883708
0.3646353502866504 27.30800131600363
0.3647401444664045 27.298476109648934
0.364844912711891 27.291160661445993
0.36494970548812145 27.286319974856365
0.36505449975053833 27.28292664716396
0.3651592699076971 27.281260753725473
0.36526404433314363 27.282680047834344
0.3653688209986076 27.287343536410035
0.3654736022569271 27.292937825864684
0.3655783864443806 27.299338603904463
0.36568317415812357 27.30537028852951
0.36578796598698043 27.31172442411954
0.36589273349652945 27.318353828848633
0.3659975056624829 27.32527469353002
0.36610228116615123 27.33264353307299
0.3662070592739172 27.339766937088342
0.3663118410382923 27.346200761124358
0.3664166261338178 27.351962331674844
0.3665214147036489 27.35764779058156
0.3666262068314122 27.36318813151594
0.3667309749216458 27.36827087376055
0.36683574656430623 27.373163973344568
0.36694052164060076 27.378067196226677
0.36704530026031423 27.382890758924
0.36715008232614166 27.387029868219436
0.36725486791215006 27.39014208936201
0.36735965705487966 27.39278131106456
0.36746444980841014 27.395582066710823
0.3675692187734606 27.39861185935841
0.36767399128515166 27.401582109449937
0.3677787673197828 27.40409801799132
0.3678835467902358 27.40585857251103
0.36798832974218654 27.407201240906105
0.36809311631076747 27.40860995375809
0.36819790639829286 27.41052578906227
0.36830270013345034 27.41298948296035
0.36840747001784785 27.414837339489036
0.36851224349618716 27.41564631009311
0.3686170206244553 27.416117649162025
0.36872180129371024 27.417025697514596
0.3688265855141512 27.417746996935886
0.36893137328874986 27.417835639741632
0.369036164596188 27.417976848733108
0.3691409320430048 27.418452547590782
0.36924570305001597 27.418639936280115
0.3693504776341741 27.418595955138315
0.3694552558082076 27.41894595540687
0.36956003754914296 27.41947414613363
0.36966482289579095 27.419795081041325
0.36976961183778867 27.42030591128534
0.36987440438375685 27.421074941299366
0.3699791730852674 27.421749570560483
0.3700839453854393 27.422421051811646
0.37018872129654157 27.423213818221132
0.3702935008098566 27.42392081989457
0.3703982839156221 27.424539885395546
0.37050307062519594 27.425241341459515
0.37060786092782216 27.426048523896302
0.37071265483899757 27.426729864620913
0.37081742489575314 27.427253950041866
0.370922198568703 27.427716384825395
0.3710269758708682 27.428258559632454
0.37113175679782495 27.428875033098947
0.37123654135365347 27.429390678034324
0.3713413295372459 27.429779341292353
0.3714461213409226 27.429829752051113
0.3715508892906208 27.42849046313586
0.3716556608663966 27.425955465566336
0.3717604360701173 27.42313742000526
0.3718652149110637 27.419269636010526
0.3719699973901464 27.413718575233492
0.3720747835122037 27.407503144928015
0.37217957328196455 27.40012403162782
0.37228436669687487 27.39114481441136
0.37238913627644843 27.381192006311444
0.3724939095004402 27.369783418928442
0.37259868637005855 27.357419249320643
0.3727034668895046 27.34378340668823
0.37280825106259496 27.328566361030035
0.3729130388924845 27.31373218681058
0.3730178303831289 27.299591666571406
0.3731225980468135 27.28635040649869
0.3732273701056047 27.274723531819028
0.3733321526260896 27.26444659867093
0.3734369413923398 27.256151749942934
0.3735417283196928 27.250375364549285
0.3736465143170559 27.246471793402108
0.3737513050856215 27.244047511621893
0.37385609876586606 27.24394648867692
0.3739608684091207 27.247629720425447
0.3740656424941338 27.253040519579596
0.37417041938623485 27.25897759568948
0.37427520052016167 27.2654479426064
0.374379985402008 27.27157675837201
0.37448477375529876 27.27826747578331
0.3745895667562247 27.284913640910307
0.3746943360118516 27.29218764690952
0.3747991081784541 27.299443998773235
0.3749038840540883 27.306217294204167
0.37500866340216654 27.31226103168912
0.37511344648964506 27.31798340823719
0.3752182331747209 27.32363188320046
0.37532302314930704 27.32890553239267
0.37542781651515944 27.333915982378382
0.37553258566737024 27.338818824610456
0.3756373581190888 27.343749947369517
0.3757421339095296 27.34828031780718
0.37584691304596207 27.351845001596274
0.37595169550488927 27.35456283447079
0.37605648141987386 27.357281348736336
0.376161270791473 27.360263920338078
0.3762660635980395 27.36325166110327
0.3763708322926559 27.36604334026957
0.37647560416302556 27.368100805392732
0.376580379428856 27.369563424867437
0.376685158042638 27.37095695323213
0.37678994000950256 27.372622049561727
0.37689472547881275 27.37494639533504
0.37699951432964207 27.377281364578025
0.377104306625234 27.378468353283814
0.37720907488663447 27.3789511672403
0.3773138465101338 27.37973176065292
0.37741862153128325 27.380654804168525
0.37752339991748196 27.380988217937922
0.37762818164751966 27.381033849478936
0.37773296679458535 27.381469341578857
0.37783775532667885 27.381860809383284
0.37794254724919396 27.38185437595971
0.3780473150591983 27.382046257060434
0.3781520862539972 27.3826163298188
0.37825686086246024 27.383027212770866
0.378361638899589 27.38343026527317
0.37846642034692685 27.384167339236804
0.3785712052354996 27.384905650119002
0.3786759935529806 27.385550124983737
0.378780785289014 27.386327988886414
0.37888555291735365 27.38709269855184
0.37899032395446486 27.387733620248227
0.37909509840338823 27.388412687431057
0.3791998762727822 27.3892069559134
0.3793046575546675 27.38998817148828
0.3794094422680083 27.390584728271
0.3795142304196728 27.3910493535935
0.37961902200812914 27.39157303369139
0.37972378949473895 27.392186423938565
0.37982856042313257 27.392780810895616
0.3799333347896125 27.39323979221548
0.38003811259561376 27.393579085151067
0.38014289383327954 27.392888829110422
0.3802476785085561 27.39074871476833
0.38035246662897676 27.38807607350538
0.38045725819329673 27.38486476320336
0.38056202565536945 27.379963178472263
0.3806667965722713 27.37396646620802
0.38077157094256614 27.36725747993927
0.3808763487713727 27.358873703264635
0.3809811300555199 27.34937091241626
0.38108591479482956 27.338600053630294
0.3811907029925592 27.326544406881364
0.3812954946471616 27.313676745460835
0.38140026220072426 27.29885619881937
0.381505033217999 27.283811976548883
0.3816098077017904 27.269389741717802
0.38171458565840577 27.25571427627569
0.38181936715037534 27.243413792343148
0.3819241563369555 27.232505379878898
0.3820289278827659 27.223331766443653
0.3821336992943618 27.216505599825776
0.3822384679709018 27.212002643285402
0.382343240074451 27.208935189378863
0.38244801445105636 27.207642330335737
0.3825527931521938 27.209907722189094
0.38265757516245563 27.214892084591288
0.38276236009666165 27.22060270108922
0.38286714930659793 27.227257479585557
0.3829719416530844 27.233276498934877
0.38307670992221016 27.23981969050079
0.38318148250353934 27.246373414031574
0.3832862588251146 27.253464295917443
0.38339103804905655 27.26079664337327
0.3834958205623971 27.267849465930166
0.3836006063773658 27.274197334873
0.3837053957857896 27.279982076095436
0.383810188560528 27.28569301802955
0.3839149571931062 27.291201005131082
0.38401972939742657 27.296339529239177
0.38412450501653217 27.301307345788917
0.3842292840558756 27.30628182606844
0.3843340666971254 27.3110673518534
0.38443885273481887 27.315087041033824
0.38454364224710524 27.318098021032625
0.3846484353826779 27.320780029945812
0.3847532044738569 27.323644091672893
0.3848579771742952 27.32663382207022
0.38496275345147674 27.329540050287765
0.385067533125333 27.33192819803645
0.38517231630783416 27.333619449162875
0.3852771029492573 27.335033662177725
0.38538189312908533 27.336575854030357
0.38548668691437754 27.338672665996967
0.38559145664422767 27.341212433515206
0.38569622996786035 27.342869759215418
0.3858010069244328 27.343570043252086
0.3859057874278413 27.3441787512542
0.38601057148007983 27.3451772168372
0.38611535905760835 27.345808849007625
0.38622015013232175 27.34588555683134
0.3863249447545606 27.34617398360077
0.3864297153260125 27.346702252757197
0.3865344894319966 27.346856698676188
0.3866392671019803 27.346925040924056
0.3867440483301606 27.347428656869823
0.3868488331085185 27.34796864911992
0.38695362146759865 27.348334257583222
0.3870584134048724 27.34896519583893
0.38716318130279936 27.34976109333714
0.38726795279379556 27.35043068846072
0.3873727278644077 27.35116745734561
0.3874775065084234 27.351970103297628
0.38758228873290623 27.3526613712623
0.3876870745228433 27.353310160828016
0.38779186388022086 27.35408551272313
0.38789665681660995 27.354938803981362
0.3880014257120984 27.355605636639808
0.3881061981956967 27.356117602959078
0.38821097427854195 27.356613362592874
0.3883157539566275 27.357203552573978
0.388420537234352 27.35785531354704
0.38852532411250223 27.3583838397777
0.3886301145830235 27.358796556629905
0.3887349086466259 27.358723959927232
0.38883967867564806 27.357198891873704
0.38894445230176805 27.35466434126331
0.3890492295320738 27.35184837222243
0.38915401037194886 27.347738459370127
0.38925879482248515 27.342059492939974
0.3893635828867634 27.3357886300305
0.3894683745667771 27.32815048167027
0.3895731422259426 27.319033703819628
0.38967791349860276 27.308898502756147
0.389782688385866 27.297299448971383
0.38988746688748904 27.28487405704238
0.38999224901020496 27.27089844009484
0.3900970347569682 27.25570654734021
0.39020182413086124 27.241015143744658
0.39030661713545045 27.227023207844667
0.3904113861298592 27.21401773409893
0.3905161601425393 27.2026033007666
0.39062094488530924 27.192616131079788
0.39072573386994314 27.184758669505257
0.3908305206435911 27.179445234693105
0.3909353081005167 27.175760860826347
0.3910400992125892 27.173705549711165
0.3911448669122981 27.17437698814056
0.39124963750265557 27.178525169128907
0.39135441181800773 27.184181139095042
0.39145919029751347 27.190477215738525
0.39156397196192605 27.19677043168368
0.39166875739459556 27.20313685480267
0.39177354708306134 27.20976286172804
0.3918783406917047 27.21656227770418
0.3919831100808015 27.22384061510765
0.39208788268354483 27.231025864858175
0.3921926588578578 27.237712835123354
0.39229743870012973 27.24372175417207
0.392402222090508 27.24947153429424
0.3925070091003624 27.255161889437144
0.39261179981232275 27.260467956673892
0.3927165941301778 27.26551110880072
0.39282136439164583 27.270494245289942
0.3929261383867459 27.275444484250063
0.39303091594819 27.27988058702747
0.3931356971623811 27.283325637102223
0.3932404821208383 27.28603834886738
0.39334527077633663 27.288767455765846
0.3934500631810852 27.291740252443844
0.39355483167788013 27.29467506187664
0.39365960386581694 27.297360169118974
0.3937643795929559 27.29935039219294
0.3938691589822985 27.300844082296248
0.39397394211453135 27.30235887799531
0.3940787289130964 27.30419659557542
0.39418351934269635 27.30665370135092
0.3942883132678855 27.308842126233078
0.39439308293702696 27.309920167594434
0.3944978560334138 27.310454348010328
0.39460263256044925 27.311339789940913
0.39470741243268376 27.31223504298262
0.39481219563679976 27.312499620234828
0.3949169822354936 27.312651177570807
0.3950217722259457 27.31319884504577
0.39512656558939574 27.313582248107416
0.3952313346753314 27.313630384054044
0.3953361071692872 27.31397981461695
0.39544088304699504 27.314621439292175
0.3955456623374782 27.315043229526616
0.39565044506113145 27.31554806958762
0.39575523120076134 27.31634589791964
0.3958600207694927 27.31707752693523
0.3959648137755745 27.317762028723443
0.39606958250307334 27.31857746221635
0.3961743546420678 27.319321809468846
0.3962791301972679 27.31997115481633
0.39638390916135063 27.320731785158834
0.39648869153107674 27.321606393591466
0.39659347732937006 27.322374390855263
0.3966982665615404 27.32295134663082
0.3968030592264748 27.323425446780686
0.3969078276313781 27.32398843738558
0.39701259948038936 27.324651673282673
0.39711737476509323 27.325256587922272
0.39722215348196543 27.32574015131132
0.39732693563419696 27.326056405182868
0.3974317212174724 27.32519188004603
0.39753651023907455 27.322965966037636
0.39764130270751735 27.320335875768464
0.39774607091700254 27.31697459977132
0.39785084257657766 27.31185192181253
0.3979556176891768 27.30583270068442
0.3980603962569283 27.298933273735805
0.3981651782799774 27.290330977340474
0.3982699637557263 27.280700729552166
0.39837475268680556 27.269698681987194
0.398479545073424 27.257546339765867
0.39858431320469495 27.2444595602588
0.3986890847998803 27.22947864336315
0.3987938598620776 27.21456800666063
0.398898638393732 27.200274850993004
0.39900342039660536 27.186767033582743
0.3991082060289471 27.17472823144577
0.39921300053218306 27.1640444923664
0.39931777572893357 27.15525047918751
0.3994225495375592 27.148926405890087
0.39952732132929386 27.144659175099605
0.3996320971799603 27.14200902738898
0.3997368762523154 27.14125178111487
0.3998416581938459 27.144160252506214
0.3999464439408687 27.149603498237067
0.40005123351250954 27.155520887458305
0.40015602623294827 27.16219748820768
0.40026079466350556 27.16841273563081
0.40036556715421884 27.17501461167315
0.4004703434956007 27.18153577457445
0.40057512352114116 27.18866206551693
0.4006799062534148 27.19594160714441
0.400784692517475 27.20299526745106
0.4008894821559171 27.209306920754294
0.400994275208273 27.215123842182862
0.40109904405362035 27.22087525170463
0.40120381641660596 27.226377849304704
0.40130859222528464 27.2315686961824
0.4014133715397759 27.23658238821666
0.40151815436773186 27.241588451851584
0.4016229406745299 27.246331057979468
0.4017277304845821 27.250249739802364
0.40183252381770207 27.25317611675967
0.4019372929397397 27.25586795162637
0.4020420656908619 27.2587718828186
0.40214684205302986 27.261709259920494
0.4022516219672037 27.264552657916838
0.4023564052941648 27.26686972108852
0.4024611921279415 27.268557835431565
0.4025659824998882 27.27009841538335
0.40267077639300597 27.271799701278468
0.4027755461020887 27.274068041810384
0.40288031943998015 27.276637069510777
0.4029850964179115 27.278080342364284
0.40308987699355225 27.278686574138014
0.40319466114153124 27.279415989262347
0.4032994488458464 27.280456654728248
0.40340424008049874 27.280999990560673
0.40350903484029765 27.281114150169138
0.4036138053906424 27.281582498227465
0.4037185795181046 27.282185175945628
0.40382335721803253 27.28236074575956
0.40392813848470327 27.28259171846863
0.40403292332466106 27.28325032949375
0.40413771174936536 27.28379384941968
0.40424250377061 27.284202992540248
0.40434727162679607 27.28491985432549
0.40445204309043614 27.285698493533936
0.40455681816351247 27.286369271039582
0.40466159683791164 27.287170834147148
0.40476637910416635 27.287987944075944
0.40487116495894826 27.28868359809454
0.4049759544044167 27.289418093465777
0.4050807474437853 27.290312489686386
0.40518551631146693 27.291197321202528
0.40529028879267365 27.29185151158435
0.4053950648948721 27.292350428216196
0.4054998446211985 27.29286663381083
0.4056046279698738 27.29349605704119
0.4057094149374573 27.294170814303733
0.40581420552308584 27.294743744953415
0.4059189997261175 27.29521453870071
0.4060237697648165 27.295002818539864
0.4061285434282555 27.293314820080568
0.40623332072170726 27.290831780004947
0.40633810165174006 27.287997496664545
0.4064428862212593 27.283644227494705
0.4065476744319968 27.277875519863485
0.4066524662828926 27.271509935048723
0.4067572339855767 27.26361449925261
0.40686200532812467 27.254399581275987
0.4069667803127501 27.244067060060697
0.4070715589423801 27.23230659588105
0.4071763412227278 27.219790551863206
0.4072811271570141 27.205485219556166
0.407385916749159 27.190386662293562
0.40749071000037884 27.17584311889578
0.407595479115871 27.161989899870523
0.4077002518971036 27.14923645522108
0.4078050305369496 27.13801964269233
0.4079098197558899 27.12836046505585
0.40801461126286104 27.120980361529437
0.4081194003492508 27.116047630658485
0.4082241923342211 27.11272821735299
0.408328959737538 27.111035370231697
0.4084337305852777 27.112480483366195
0.40853850521009394 27.117306788552305
0.40864328373006115 27.123112137703103
0.4087480659569495 27.12981269227631
0.4088528517801087 27.13606722384085
0.4089576413137832 27.142514943806745
0.4090624352847812 27.149018764967483
0.40916720509044435 27.15589851831883
0.4092719779474342 27.1631157679006
0.40937675447505234 27.170310838569925
0.40948153467197923 27.176991094887626
0.40958631850521304 27.182931956837766
0.4096911059769129 27.188792021309094
0.4097958971098529 27.194539625137487
0.4099006919463595 27.199877750235284
0.4100054626824741 27.20500520551519
0.41011023708286715 27.210078460192133
0.41021501518621883 27.215016273595587
0.4103197969656975 27.21938862052582
0.41042458243662966 27.222725803057212
0.4105293716261748 27.225425848938787
0.4106341646147322 27.228170804348043
0.41073893357977553 27.23107682165095
0.4108437062698484 27.23392262455567
0.41094848265043027 27.236523635865574
0.4110532626950181 27.238518015001905
0.41115804641606124 27.24011584037766
0.41126283385598106 27.241816207533795
0.41136762505412644 27.243851833221015
0.4114724200435612 27.246406475536773
0.4115771910125003 27.24839076791657
0.4116819657965063 27.249334837122362
0.4117867443583778 27.249938497983088
0.41189152665124856 27.25093931686723
0.4119963126548691 27.251773293644476
0.41210110237214315 27.25200010613903
0.412205895822483 27.252344110882426
0.41231066517937426 27.253067842879076
0.4124154382906527 27.25348750599973
0.41252021515972936 27.253665124839923
0.4126249957878364 27.25423219399111
0.41272978017707035 27.254921944970917
0.4128345683414664 27.255333217785967
0.4129393602962762 27.255934276256404
0.4130441281957718 27.256745033023385
0.41314889988331305 27.257431943334254
0.4132536753506897 27.258180061892553
0.41335845459033405 27.259030792940635
0.41346323759942644 27.259755838270436
0.41356802437831286 27.260466502614367
0.4136728149336842 27.26136513079725
0.41377760927758916 27.262333660279072
0.41388237956141355 27.26305465374674
0.4139871536437346 27.26359831873849
0.4140919315257918 27.26408688010401
0.4141967132062809 27.264680207950555
0.4143014986825887 27.265391137737282
0.4144062879537908 27.266053749822103
0.41451108101961054 27.266601299053086
0.4146158500208137 27.266903746630376
0.4147206228256303 27.265887032401842
0.414825399439899 27.2636407807633
0.41493017986706326 27.261081022245335
0.4150349641091286 27.25753677247802
0.41513975216649934 27.25223075531959
0.41524454403875355 27.24617080154182
0.4153493118448083 27.239042851860148
0.4154540832555154 27.230277421007607
0.4155588582011519 27.220518466391447
0.41566363668432155 27.2093016202454
0.4157684187082772 27.19706729799413
0.41587320427718466 27.183721145555076
0.41597799339266867 27.168662754018115
0.4160827860563202 27.15389199586322
0.4161875543877341 27.139715280850574
0.4162923262669657 27.126388230975458
0.4163971021340315 27.114573666701162
0.41650188779123093 27.10414240086309
0.41660668012621793 27.095773649833042
0.41671147012138454 27.089962578928493
0.4168162601013099 27.08591911256068
0.41692105343040353 27.08364026708195
0.4170258223546135 27.08364529844699
0.4171305948565211 27.08734868693181
0.4172353709839338 27.093067858849295
0.4173401507398811 27.099339770043827
0.4174449341154868 27.10608607499959
0.41754972114153505 27.112381634292728
0.4176545119584844 27.118935985889554
0.41775927926066375 27.125445111100014
0.4178640491869032 27.13259493283116
0.4179688226222971 27.139806490717476
0.4180735995629522 27.14686084861874
0.4181783800169511 27.153160966788935
0.4182831640083156 27.159066049376673
0.4183879515464451 27.164862891973925
0.41849274265306907 27.170417416880206
0.4185975373250193 27.175661129294177
0.4187023076628177 27.180710360593707
0.4188070815913827 27.185740030751624
0.41891185907291206 27.190418833924006
0.4190166401254103 27.19423912957584
0.4191214247751917 27.197130757502293
0.41922621304191526 27.199792645570486
0.41933100499799303 27.20267137618272
0.41943577267331333 27.20551882878681
0.41954054397913493 27.20829470587765
0.41964531879356376 27.21062223186238
0.419750097139277 27.21238542537344
0.41985487906588437 27.214119294085762
0.4199596646247555 27.216005725077554
0.4200644538493085 27.21838161677139
0.42016924676308504 27.220831574949955
0.4202740154554253 27.2221465070403
0.4203787878051158 27.22274270867372
0.42048356376417706 27.223583851201465
0.420588343299334 27.224627676420173
0.4206931264076365 27.225110356216668
0.42079791310455716 27.225351174195385
0.4209027034108183 27.22601813517553
0.4210074973379653 27.226667263780786
0.4211122669678626 27.226909730639605
0.4212170402248726 27.227330665990138
0.4213218171099805 27.22808246511336
0.42142659763492446 27.228591686486716
0.421531381815327 27.229071150671466
0.42163616965455997 27.229847745090918
0.4217409611484015 27.230581180080854
0.4218457562867523 27.2312835476066
0.4219505271295129 27.232155159419285
0.42205530159937044 27.232941559194714
0.4221600796977185 27.233657622208234
0.4222648614381486 27.234521579242553
0.4223696468287736 27.235535362654787
0.4224744358752547 27.236379382660928
0.4225792285792927 27.23700001426623
0.42268399700136244 27.237488228060634
0.4227887690766458 27.238036286631043
0.42289354480312824 27.238740114768802
0.42299832417925876 27.2394648642764
0.4231031072062752 27.24010014367959
0.4232078938905431 27.240651257882703
0.4233126842352149 27.240276405850388
0.42341747824366854 27.238466342937674
0.42352224797184473 27.236041225103207
0.42362702136619773 27.233122182987643
0.4237317984254129 27.228504106078283
0.42383657914936573 27.222655549253055
0.4239413635397281 27.216142981374325
0.4240461515975211 27.20799970662238
0.42415094332397973 27.198686438997598
0.42425571076916024 27.18813261825647
0.42436048188820324 27.17623074341077
0.4244652566832762 27.163578617771904
0.42457003515463704 27.149015407540297
0.4246748173033581 27.134039793144325
0.42477960313075713 27.119624355596958
0.4248843926368716 27.105897097367667
0.4249891858576173 27.09338602482148
0.4250939580071642 27.082366990688563
0.4251987400821068 27.073080385698603
0.42530352269701066 27.06620773517602
0.42540830341103786 27.06154100076631
0.425513087495977 27.058609520173704
0.42561787515972427 27.05749002072361
0.4257226664628789 27.059724048468986
0.4258274614335215 27.065010914652014
0.42593223213103576 27.07101767697008
0.42603700654983245 27.077954746614225
0.42614178474376846 27.084229412802866
0.4262465668742947 27.09072153260795
0.4263513532858025 27.097117171817356
0.426456142952822 27.104060415260225
0.4265609360272281 27.111216356784894
0.42666570474755133 27.118503650601017
0.42677047707126864 27.125145981000166
0.4268752530439352 27.131130490535977
0.4269800326818515 27.137045210884825
0.42708481600092085 27.14279422025171
0.4271896030085006 27.148160915810767
0.4272943937254627 27.153293771581964
0.4273991881153743 27.15836069479749
0.4275039582089816 27.163223407107317
0.42760873198550325 27.167511043476665
0.4277135094629385 27.170736934338763
0.4278182906523126 27.173392950982034
0.42792307561704135 27.17614818663644
0.4280278643717193 27.179007606932082
0.42813265688022506 27.181840181463464
0.428237425055674 27.184441779284928
0.42834219688239206 27.186477879425343
0.4284469724036283 27.18820671057619
0.4285517516611955 27.190049945925544
0.42865653468025067 27.192201410747202
0.42876132147047985 27.194780793290505
0.4288661120730329 27.196615062155804
0.42897090646205394 27.1974599838534
0.4290756765821887 27.19812996604586
0.4291804503885585 27.19920211838533
0.4292852278717129 27.199984137921525
0.42939000904851454 27.200224557833756
0.42949479394077766 27.20071558195398
0.42959958256306474 27.201517190623374
0.4297043749232498 27.201950192877437
0.4298091430189867 27.20223028240018
0.4299139148572224 27.202915124748504
0.43001869044191676 27.203583934569714
0.43012346978131866 27.204003814264638
0.43022825288079697 27.204670339997843
0.4303330397421228 27.205467124931083
0.43043783035863753 27.20614396113818
0.4305426247200341 27.206957472779038
0.4306473948056011 27.207809806089138
0.43075216862881816 27.20854302169296
0.43085694619944315 27.209358102938438
0.4309617275250214 27.210370890469186
0.4310665126090528 27.211341981213867
0.4311713014537419 27.212041754862376
0.43127609405936995 27.21256793213765
0.43138086240395723 27.213085105692116
0.4314856345048302 27.213742063229525
0.4315904103593149 27.214507197637438
0.43169518996834055 27.21522286741191
0.4317999733364272 27.215834340849113
0.4319047604679407 27.21605401381236
0.4320095513658914 27.214862558983214
0.4321143460321992 27.212579539867928
0.432219116438793 27.210005655543483
0.4323238906125087 27.206176459573896
0.43242866855188605 27.20067042431645
0.4325334502560652 27.194531833946044
0.432638235727281 27.187128902037145
0.43274302496894645 27.17820897815737
0.43284781798380756 27.168277196501386
0.43295258673808823 27.156852792971538
0.43305735926718075 27.144551806370394
0.433162135571775 27.130890624256264
0.4332669156525773 27.115809414666465
0.4333716995090167 27.101153259175202
0.4334764871423857 27.087098372943114
0.4335812785535494 27.073976071830316
0.43368604660722393 27.06241196642735
0.4337908248021225 27.0523054755212
0.43389560792056003 27.044395369524743
0.434000388922665 27.03902230872641
0.43410517181645264 27.035303607901483
0.43420995836778753 27.03344766787208
0.4343147486284753 27.03412834868967
0.43441954263389165 27.038453937932886
0.4345243123630853 27.044352754207058
0.43462908589870475 27.050920611085292
0.43473386326371166 27.057555869773836
0.434838644587951 27.063931340364483
0.43494343019038295 27.070427664787246
0.4350482196791609 27.07703667091143
0.4351530123786123 27.084132798116244
0.43525778073614896 27.09139947564191
0.43536255278188807 27.098400629639183
0.43546732855625725 27.104662904097594
0.43557210808517016 27.110632661630184
0.43567689138661925 27.11647848052226
0.4357816784741739 27.122009140092903
0.4358864693538289 27.12723286988266
0.43599126399730487 27.132307435547304
0.43609603437239086 27.137318258262752
0.4362008085156032 27.141913304434986
0.43630558644576456 27.14558247674391
0.436410368185399 27.148413615144037
0.4365151537529763 27.151060130373494
0.4366199432060784 27.153943423247195
0.4367247364865642 27.156787898483312
0.4368295055141404 27.159541320964482
0.4369342782777552 27.161868358441094
0.43703905481130184 27.163659735901025
0.4371438351584529 27.16548529242947
0.4372486193491776 27.167469346661846
0.4373534073952235 27.169920173105996
0.4374581993250485 27.17224977503861
0.4375629670630031 27.173470174772785
0.43766773863547603 27.174066979028062
0.43777251399489964 27.174988269030145
0.43787729312393664 27.176016926202834
0.4379820760318206 27.17645914166384
0.4380868627420184 27.17679478341169
0.4381916532694434 27.17756533837192
0.4382964476226538 27.17821515290547
0.43840121771703044 27.178484174113194
0.4385059916420524 27.178999063102527
0.43861076940076243 27.179772414038663
0.43871555099894316 27.180253081167034
0.43882033644404117 27.180787206528883
0.4389251257392808 27.18159047045124
0.4390299188811481 27.18230212103738
0.43913468776449616 27.183040189327812
0.4392394604758505 27.183945997990214
0.43934423701341924 27.184718779289483
0.43944901733160163 27.185490910939272
0.4395538012547834 27.186448069261054
0.4396585887713101 27.18750773016602
0.4397633798823376 27.18830202929235
0.4398681745886174 27.188906472011706
0.4399729447850284 27.189409889587452
0.4400777185697798 27.190008579309023
0.4401824959396215 27.190768766147446
0.4402872768950482 27.1915386299343
0.4403920614404805 27.192212969100275
0.44049684958086066 27.192761638564924
0.4406016413191204 27.19218965555796
0.4407064366561969 27.19022977759443
0.44081120748031405 27.187803134608203
0.44091598190152315 27.184688548767088
0.441020759918011 27.179775847001018
0.4411255415284348 27.173853225838577
0.4412303267348067 27.167138373835627
0.4413351155396074 27.158754931500432
0.44143990794507726 27.14930952140713
0.44154467583504875 27.138504128946938
0.4416494473269008 27.126475486046118
0.4417542224205863 27.113612505046056
0.44185900111674226 27.0988289244475
0.44196378341432196 27.083962170272965
0.44206856931342536 27.069658595385004
0.44217335881594483 27.056115773307774
0.44227815202094656 27.04387189899731
0.44238292508982613 27.033096149219986
0.4424877069092242 27.024222150109814
0.44259248773202375 27.017853641410746
0.44269726762681044 27.013471594642585
0.44280205089394364 27.010922589858094
0.4429068376534196 27.010298327013835
0.44301162796202165 27.013244574593447
0.4431164218626953 27.018861167177146
0.443221191263735 27.025047778308522
0.44332596431707294 27.03200307166464
0.4434307411079391 27.03830994547347
0.44353552186185147 27.044822898911427
0.44364030672540017 27.051203512507616
0.44374509456032096 27.058179916852787
0.44384988588905006 27.065374816981972
0.44395468072407124 27.072667138439506
0.4440594509411006 27.079270647953603
0.4441642247246321 27.085259450778253
0.4442690020944967 27.091157410054134
0.44437378306641007 27.096910849547776
0.4444785676403412 27.102278483951178
0.44458335583386754 27.10737649785265
0.4446881476350534 27.112442918803197
0.444792943028211 27.117254898425237
0.4448977138720992 27.121414977725145
0.4450024883353059 27.12452244856579
0.4451072664221382 27.127155094802237
0.4452120482027886 27.129954393196968
0.4453168336609347 27.13279492476296
0.4454216227844587 27.135636437697737
0.44552641546325766 27.13821043889712
0.44563118356272974 27.140207614169263
0.44573595527344106 27.142007335320503
0.4458407306360242 27.143911176585707
0.44594550967087015 27.14615498331235
0.44605029239240107 27.148730606464763
0.44615507883048605 27.150392574481884
0.44625986894331476 27.15114632670605
0.4463646626734041 27.151892030280376
0.44646943182170146 27.153006418733646
0.44657420455362606 27.15372573562567
0.4466789808884815 27.153994693098056
0.4467837608463179 27.15460598618613
0.4468885444388005 27.15542509134442
0.4469933316728002 27.155838285647985
0.4470981225511838 27.156199063880308
0.44720291707785836 27.156952126286164
0.44730768708377083 27.157576204394392
0.4474124607458182 27.15801545236343
0.44751723806856325 27.15874151101444
0.4476220190506184 27.159520576869184
0.4477268036836698 27.16021510449115
0.4478315919575729 27.16109480662687
0.4479363838676081 27.1619346508511
0.4480411512398511 27.16269743777022
0.4481459222607978 27.163582264313142
0.4482506969351786 27.164650190127972
0.44835547526485725 27.165585156661805
0.44846025725088823 27.16627421358844
0.44856504289318944 27.166792080127816
0.44866983218859197 27.16734256188873
0.4487746251331919 27.168055489781732
0.44887939353970685 27.168859748141536
0.44898416559661186 27.169598326642273
0.44908894130877486 27.170240728389746
0.4491937206801089 27.170284824453404
0.4492985037128675 27.168863319278444
0.4494032904058664 27.166549110336295
0.4495080807599632 27.163891507507977
0.44961287477369694 27.159752134251857
0.4497176442505655 27.154088520059013
0.44982241738390216 27.147840171209992
0.44992719417638255 27.140152644018343
0.45003197463181294 27.13109349704501
0.45013675875257764 27.120944628564004
0.4502415465393449 27.10931701797282
0.45034633799169005 27.096928000703265
0.4504511331102015 27.082892778966034
0.4505559036913836 27.067850269224145
0.4506606779351683 27.053317317037617
0.45076545584265015 27.03941539324437
0.45087023741672616 27.02653189149357
0.450975024341155 27.015218016679835
0.45107979331412906 27.005463869138858
0.4511845651592465 26.998025250023673
0.45128933463149323 26.992997877220233
0.4513941067980238 26.98962233822501
0.4514988825197322 26.98813664058478
0.45160366184557393 26.98951305595592
0.45170844480185335 26.994374202911928
0.45181323142565055 27.000375614402135
0.45191802174492735 27.007228348958876
0.45202281580068204 27.01368445673534
0.45212758551891946 27.02012522022017
0.4522323594703869 27.02656006402752
0.45233713677525517 27.033294858192672
0.4524419174559954 27.040411049914184
0.4525467017166855 27.04775351955961
0.45265148955608425 27.054655967568113
0.4527562810128736 27.0608255255174
0.4528610761106661 27.066836131723765
0.45296584664491485 27.072708911112365
0.45307062084592015 27.078200761744636
0.4531753987269251 27.083403789134483
0.45328018025013855 27.088498059418377
0.453384965453155 27.09347844069888
0.4534897543125798 27.097991243158592
0.45359454684506295 27.101495542972337
0.45369931483844755 27.10425668674381
0.4538040865478083 27.106926162908714
0.45390886201718955 27.109804197304054
0.4540136411967418 27.112657138512926
0.4541184240547145 27.115381086651375
0.45422321053523235 27.117664476543816
0.4543280006706938 27.11947290981327
0.4544327945051499 27.12135606556273
0.45453756382671295 27.12342509528273
0.4546423368828129 27.12595091744391
0.45474711370893706 27.12811903380367
0.45485189429051626 27.12921578533118
0.4549566785691678 27.12983992885201
0.4550614665007989 27.130844230826174
0.45516625807610006 27.131820671698307
0.45527105331141743 27.132212321511503
0.45537582397999143 27.132646652911895
0.4554805983412973 27.13348994455587
0.4555853764042047 27.134108910113383
0.45569015817252867 27.13440447571318
0.4557949436494499 27.135012834889547
0.455899732837682 27.135776863763425
0.45600452574207695 27.136239953848502
0.45610929411294776 27.136838964019447
0.4562140662047531 27.13766463872127
0.4563188420114475 27.138372038611337
0.45642362152284305 27.13916130920128
0.4565284047319755 27.14007705225029
0.45663319163993565 27.14085387560277
0.45673798225546275 27.141681284175398
0.4568427765858611 27.14270549956894
0.4569475463713375 27.143764708618665
0.4570523198747218 27.14452655848025
0.45715709709726376 27.14510877546869
0.45726187803678797 27.14563186659266
0.45736666268910114 27.146280495297624
0.45747145105234377 27.147088097213484
0.4575762431286656 27.147883045369138
0.4576810106524854 27.148575709204195
0.4577857818956579 27.149051214470255
0.4578905568609247 27.14825417088039
0.45799533554879573 27.1461626185557
0.45810011796040695 27.14371285085729
0.45820490409405773 27.14034677250491
0.45830969394698184 27.13516979967379
0.4584144875188882 27.129185016263925
0.4585192565334049 27.122227188446395
0.4586240292698773 27.11362804415692
0.458728805731069 27.104024017086097
0.45883358591900836 27.09296157981193
0.4589383698337185 27.08082491177608
0.45904315747613816 27.06768669343092
0.4591479488460472 27.05275013412064
0.45925274394382615 27.037992314733643
0.45935751448423356 27.023809664304757
0.45946228875244477 27.010459127430096
0.4595670669989061 26.99850826462081
0.45967185421212214 26.988004113538167
0.45977664854605776 26.97955682579117
0.4598814414446221 26.9736766701776
0.45998623498024116 26.969580362077288
0.46009100378887147 26.96740025799964
0.4601957762591974 26.96732133400488
0.4603005524307759 26.970934916672398
0.46040533233784736 26.976763123400495
0.460510116007365 26.983128055205455
0.4606149034529557 26.990022554122497
0.4607196947818008 26.99637065191547
0.4608244902501983 27.00292224942863
0.46092926127524636 27.009326057535596
0.46103403554897693 27.01634549537063
0.4611388134612813 27.02358696672234
0.4612435950073056 27.030841192631616
0.4613483802181818 27.03735784435102
0.4614531691301383 27.043376415491615
0.46155796176026465 27.049287879452017
0.46166272981485096 27.055003034173154
0.4617675015967574 27.060338629921993
0.46187227710489853 27.065424765713043
0.4619770563459655 27.070491122204803
0.46208183929868824 27.075240011594428
0.4621866259789378 27.079227767896704
0.4622914164076789 27.082238093165827
0.4623962105894759 27.084856929893874
0.46250098027369124 27.087696805490463
0.46260575373628327 27.09052946407941
0.4627105309763483 27.0933603770534
0.462815311895471 27.095894271496505
0.4629200965236197 27.09785129319935
0.4630248848968539 27.099717407417742
0.4631296770489473 27.10168231369143
0.46323444466971075 27.104012471224745
0.46333921610349643 27.106557717145254
0.4634439913649593 27.10804127506772
0.46354877040507747 27.108726796985962
0.4636535531746349 27.109554414968677
0.46375833965344704 27.110682660510715
0.463863129847656 27.111323227775998
0.4639679237775666 27.111637103085766
0.4640726931279089 27.112353730012533
0.46417746623864575 27.11315788289704
0.46428224311572114 27.113542996933123
0.46438702376206814 27.113988140554444
0.4644918081793864 27.114786404372673
0.46459659637079986 27.11537107377365
0.46470138834258945 27.115850438926955
0.46480615575901646 27.116634798068212
0.4649109269540576 27.11739418110485
0.46501570191836733 27.118117644943673
0.4651204806436866 27.11904870261437
0.4652252631284677 27.119876957515466
0.4653300493794832 27.12067340483226
0.46543483940468305 27.121621875370902
0.4655396332087357 27.122726198827145
0.4656444024461756 27.12361280387219
0.4657491754635378 27.124283912861706
0.4658539522607885 27.124801983539584
0.46595873283008016 27.1253957957192
0.4660635170183837 27.126164290159565
0.46616830474895904 27.12699931877267
0.46627309602595746 27.12775238645914
0.4663778908533179 27.128419510649135
0.4664826608791985 27.12823408618847
0.4665874344570213 27.126586890550996
0.46669221158708923 27.124254437345506
0.46679699226926125 27.12145838802307
0.4669017765006506 27.117001787708105
0.46700656427961074 27.111224347665367
0.4671113556068349 27.10482772562589
0.4672161504850544 27.096859239914984
0.4673209205540957 27.08766862514546
0.46742569417673324 27.07727128138819
0.46753047135288234 27.06547010426638
0.46763525208305856 27.052940861313132
0.4677400363668504 27.038563999118647
0.4678448242034605 27.02360633857782
0.4679496155933895 27.009192901797306
0.46805441053912117 26.995452916169505
0.4681591806872083 26.982833521956316
0.46826395707824053 26.971757446395802
0.4683687433183248 26.96237982268746
0.4684735304350862 26.955425663269658
0.46857831558138424 26.95069174044331
0.46868310382913464 26.94771051937579
0.46878789546934485 26.94661869098397
0.4688926905613478 26.94872246240979
0.4689974607918672 26.954023026419048
0.46910223459804873 26.96012075013862
0.4692070120189975 26.967108776952983
0.4693117931298637 26.973474599735667
0.46941657811002974 26.97997808121559
0.46952136711945525 26.986337700054236
0.46962615917551276 26.99319163126765
0.4697309546252029 27.00035086811239
0.4698357251466912 27.00773617028377
0.46994049913265273 27.014568336805997
0.47004527662455586 27.020670344922376
0.4701500576482111 27.026671076254043
0.47025484222509406 27.032543975982286
0.4703596303567323 27.03800810997896
0.4704644220585764 27.043181469006512
0.47056921730350837 27.048270228038728
0.47067398771319235 27.0532058818681
0.4707787616634674 27.05762458847687
0.47088353916691167 27.060970945383026
0.4709883202411948 27.063671700224283
0.4710931049280846 27.06639599560652
0.4711978932547929 27.06926062052705
0.4713026851910021 27.072131610074162
0.4714074806643151 27.074831046017614
0.47151225124739415 27.07705022139951
0.4716170253739159 27.078890521848074
0.47172180308712824 27.08081689122298
0.4718265844119389 27.082969763770336
0.47193136936068597 27.085548473438536
0.4720361579658442 27.087521795348955
0.47214095019521846 27.08849319641342
0.47224571758081163 27.089171111979176
0.4723504884918503 27.09024977048027
0.47245526292283785 27.091154651088804
0.4725600408966475 27.091514874467308
0.47266482243582053 27.092054463741484
0.4727696075508749 27.092942741547887
0.47287439624936445 27.093517389105656
0.472979188533744 27.09385578022441
0.47308395599030184 27.09455038589509
0.4731887270361192 27.09527894077749
0.4732935016777723 27.095734074481832
0.47339827991973854 27.096397441845568
0.4735030617612221 27.097228403344573
0.4736078471936821 27.097937199790902
0.47371263620793136 27.098794727460405
0.47381742879973515 27.09970514492379
0.4739221965476125 27.100499268239005
0.47402696788097903 27.10137923102393
0.4741317428050897 27.102455931038364
0.47423652132183064 27.103491449806043
0.4743413034323597 27.10423331904523
0.4744460891361084 27.104798019519123
0.4745508784296683 27.105346319754933
0.4746556713094707 27.10604772168619
0.47476043934407336 27.10689711035323
0.47486521096717016 27.10770582955741
0.47496998618349434 27.10841060564553
0.4750747649971146 27.108761413816293
0.47517954740854107 27.107725671828092
0.4752843334173238 27.105538093897845
0.4753891230234555 27.103046582745634
0.47549391622442055 27.099383289841136
0.47559868457944876 27.093985686462
0.47570345652652546 27.087930094997027
0.475808232068621 27.08069642922281
0.47591301120891827 27.071907587232694
0.47601779394973054 27.062114388429503
0.47612258029205856 27.050810199740937
0.47622737023593364 27.038581075283307
0.47633216378041054 27.025111850451434
0.4764369324763834 27.010102643235832
0.4765417047684065 26.995462923676357
0.47664648065741644 26.981409087697465
0.4767512601457819 26.96825121233416
0.4768560439001119 26.956599592621984
0.476960837317898 26.946402534046072
0.4770656075611751 26.938404033919298
0.47717037545078456 26.932951980509372
0.4772751448728367 26.92914779238601
0.4773799178188601 26.9273083722841
0.4774846943321732 26.927849171347525
0.47758947440139526 26.93209407611912
0.4776942580408412 26.938068642848705
0.4777990452857387 26.944657850302143
0.4779038361844507 26.95142951883351
0.4780086309077294 26.957821877220198
0.47811340126757673 26.964331971209504
0.47821817506563075 26.970850174399583
0.4783229521115359 26.977907871481637
0.47842773267581384 26.985217004326614
0.47853251675026665 26.99238979374956
0.478637304367566 26.99880322621787
0.4787420955539476 27.00484390054293
0.47884689032991723 27.01078229258719
0.4789516602385749 27.01643709660946
0.4790564337507904 27.021725210551836
0.47916121084254754 27.026815677733694
0.4792659915398096 27.031874755739402
0.4793707758221173 27.036558188349115
0.4794755637048908 27.040361334951164
0.47958035520862985 27.04328594352838
0.4796851503399479 27.045912007308914
0.47978992068107973 27.048783835767964
0.4798946946565153 27.051633691022957
0.47999947226995726 27.05444247349263
0.4801042534386071 27.05692253182074
0.48020903818880506 27.058847275920183
0.4803138265555898 27.060762694089544
0.4804186185698715 27.062787975046028
0.48052341424386746 27.065204070665246
0.4806281851245433 27.067631662314806
0.48073295969490665 27.068979353751438
0.48083773789512213 27.069629261449276
0.4809425196797022 27.070541464331605
0.48104730503213794 27.07165024219524
0.48115209396671066 27.072217527937546
0.4812568865038982 27.072606890061408
0.48136165416467314 27.07341773539644
0.4814664254494545 27.074189937715794
0.48157120036244233 27.07455845177529
0.48167597890547825 27.075088265418845
0.4817807610815485 27.075900591232465
0.48188554689604085 27.076445435176524
0.4819903363549545 27.07697827106172
0.48209512946031174 27.07780039781074
0.4821998977056843 27.078550660358015
0.4823046695798409 27.079316299196172
0.48240944507803146 27.080277782077392
0.4825142242003254 27.081103947444316
0.4826190069535822 27.081936333874275
0.4827237933440545 27.08294525248518
0.4828285833745403 27.084063637120526
0.4829333770462406 27.084907969083382
0.4830381458504207 27.085554406852314
0.48314291829216666 27.086083301799096
0.48324769436737564 27.08672262925615
0.4833524740747044 27.087541460330208
0.4834572574175249 27.088398205957382
0.48356204439961725 27.089161185784803
0.4836668350231692 27.089803581553866
0.48377162928931217 27.089382361923583
0.4838763986814977 27.087540811690626
0.4839811717147001 27.08518572246135
0.4840859483868262 27.08220130561897
0.4841907286958388 27.07743314409774
0.4842955126421759 27.07157798104663
0.484400300228699 27.06499137955197
0.4845050914587372 27.05676145574987
0.4846098863351228 27.04742869137306
0.4847146563341987 27.03676397217157
0.4848194299792118 27.024818455901922
0.48492420727155033 27.012088985639764
0.48502898821016466 26.99744372400844
0.4851337727935992 26.98259264386375
0.4852385610225831 26.968297500764308
0.48534335289925296 26.954741575991854
0.48544814848286977 26.942401160649677
0.48555292281585966 26.93155909292998
0.48565770593323615 26.922587812659884
0.4857624888175064 26.916126069034664
0.48586727115242795 26.911685724679238
0.4859720568331004 26.909104995412985
0.48607684603121626 26.908427172595264
0.4861816388591876 26.91122775006413
0.4862864068219042 26.916847559802434
0.48639117845781615 26.923074002875033
0.48649595375475085 26.930114147261172
0.48660073280729554 26.93646223377295
0.4867055158665129 26.94298852397843
0.48681030280841076 26.949338575022725
0.4869150929308371 26.956257399233742
0.48701988659575185 26.963468857168763
0.48712465526650367 26.97087417704504
0.48722942751503234 26.97762735573184
0.48733420337307054 26.983694439121955
0.4874389828610381 26.98967355001368
0.4875437659908473 26.995538563782674
0.48764855276175434 27.000983451025967
0.48775334319344443 27.00611717081477
0.4878581372699554 27.011209192661987
0.4879629064220871 27.0160829054499
0.48806767920782046 27.020372935005806
0.4881724556502261 27.023583817501486
0.4882772357582348 27.02623784246201
0.4883820195778348 27.029013940642663
0.4884868071087383 27.031862887019955
0.4885915983349055 27.034745345057686
0.4886963931701325 27.037418293010578
0.4888011630578991 27.039569064154044
0.48890593659632237 27.041453774200384
0.4890107138191489 27.04341966602182
0.48911549474030336 27.045655971901105
0.4892202793773217 27.04824149342373
0.4893250677543434 27.05003924744163
0.48942985983288895 27.050895573690134
0.48953465555892245 27.051640531655266
0.48963942633197327 27.052774050045024
0.4897442007237607 27.05360423972259
0.4898489787591754 27.05395663593834
0.4899537604555991 27.05459825525229
0.49005854582251174 27.055502095347506
0.490163334866062 27.05603130025525
0.4902681275879518 27.056428092665193
0.4903728954118007 27.05719603785611
0.4904776669181386 27.057879616546757
0.49058244211330815 27.0583431306717
0.49068722100058587 27.059069430262053
0.49079200357735137 27.05988925840122
0.49089678983464563 27.06061587249053
0.4910015797647231 27.061538132336416
0.4911063733657498 27.062434606447916
0.49121114205542954 27.063250893158266
0.4913159144252782 27.064183966632363
0.4914206904791599 27.065300992828575
0.49152547021828225 27.06629182211372
0.4916302536432246 27.067020212403932
0.4917350407532783 27.067571061536185
0.4918398315446979 27.068154471093543
0.4919446260150096 27.068910880296187
0.49204939557110694 27.069792818490285
0.4921541688105583 27.070610966981324
0.4922589457373413 27.071325218558712
0.49236372635434633 27.07150352536361
0.49246851066289365 27.070222646497967
0.49257329866300353 27.067978495479757
0.4926780903531726 27.06540871163955
0.4927828857312031 27.061427208477397
0.49288765619375785 27.055853926800246
0.49299243034350665 27.04969673346958
0.49309720818324815 27.04217112038677
0.4932019897157997 27.033219757279873
0.49330677494257197 27.023205226406855
0.4934115638637198 27.011682436870117
0.4935163564797848 26.999369691838048
0.49362112418067117 26.98552747263595
0.49372589557310204 26.970519867932126
0.49383067065671377 26.955997460761512
0.49393544943262113 26.94208900982497
0.4940402319032585 26.92914974402835
0.49414501932762017 26.917766947835275
0.4942497879103096 26.907914390327818
0.4943545600283072 26.900380678191333
0.4944593303388417 26.895273719406283
0.4945641034096387 26.89181296981902
0.4946688800588966 26.890338824932474
0.49477366026167036 26.891576098789976
0.4948784440662665 26.896374032438523
0.4949832314372283 26.90242428654024
0.4950880223779348 26.909257139063563
0.4951928169064676 26.915844049727347
0.4952975865194394 26.92229232784363
0.49540236009709476 26.928738400042167
0.49550713677548464 26.93538454526759
0.49561191675909627 26.942494507738793
0.49571670011594543 26.94989525177294
0.495821486862955 26.95695512490607
0.4959262770458851 26.9632482502197
0.49603107069567653 26.969319916546546
0.4961358391975094 26.97527465475258
0.4962406111797115 26.980867330674407
0.4963453866543542 26.986113842707564
0.49645016559111893 26.991217610488874
0.4965549480290721 26.996246279463104
0.4966597339355297 27.000851356912776
0.496764523314193 27.004473364593355
0.49686931619063524 27.00731578720966
0.4969740839470125 27.009965889840245
0.4970788552757405 27.012846602817778
0.4971836301279944 27.01572191711201
0.49728840847844596 27.01850306648244
0.49739319026094725 27.020931050100117
0.49749797550762476 27.022846143317103
0.49760276426309397 27.024799825777002
0.4977075565578002 27.026890117652357
0.49781235240060195 27.029385233019973
0.49791712317140024 27.03166091893865
0.4980218975005289 27.032871348277524
0.4981266753286991 27.033522286737366
0.49823145661801094 27.034516717477178
0.49833624135431664 27.035577020122687
0.49844102955333325 27.036081948874262
0.4985458212403256 27.036556414880643
0.49865061642895125 27.03744074355344
0.4987553864690662 27.03817028700733
0.49886016001834843 27.038537754290942
0.4989649370775266 27.03915142430292
0.49906971764886054 27.039957908050283
0.49917450173800126 27.040469362457664
0.4992792893499761 27.04106704598366
0.49938408048474897 27.04191318821207
0.4994888751346058 27.04266219591433
0.4995936446234446 27.04348118684635
0.4996984176094559 27.044453554968463
0.49980319409684854 27.045282852127585
0.49990797409427057 27.046156894893706
0.5000127576075712 27.04722191516055
0.5001175446390488 27.048336646152762
0.5002223351901933 27.04914113135758
0.500327129259981 27.049762473579477
0.5004318981719228 27.050310369415765
0.500536670592489 27.050995633198085
0.5006414465211686 27.051862143921177
0.500746225961292 27.052731764719198
0.5008510089170982 27.053500193024966
0.5009557953915461 27.054070176621174
0.5010605853852345 27.05341069435518
0.5011653788984859 27.051415036572532
0.5012701472502845 27.049029540568135
0.5013749191172242 27.04580559132438
0.5014796944971194 27.040755571652277
0.5015844733900631 27.034836762457424
0.5016892557983543 27.028017701355687
0.5017940417247211 27.01955023266951
0.5018988311703413 27.01005742973453
0.5020036241350903 26.999122125696
0.5021083919311802 26.987059679705666
0.5022131632441065 26.974072634798635
0.5023179380730203 26.959239368199338
0.5024227164182937 26.944498431032155
0.5025274982819329 26.93032089478727
0.5026322836663946 26.916953645399325
0.5027370727394445 26.90490939647429
0.5028418414780828 26.894326479946166
0.5029466175828295 26.885781131499364
0.503051392073627 26.879804943831665
0.5031561667140025 26.87563579985074
0.5032609447213091 26.873412192421185
0.5033657262575733 26.8732259357095
0.5034705112823735 26.876720841507503
0.5035752997602614 26.882586970935144
0.5036800917652212 26.8889726455145
0.5037848873762223 26.89595648615077
0.5038896580062526 26.902332149556585
0.503994432557827 26.908882431068754
0.5040992105888201 26.915238008053667
0.5042039917881137 26.922213814460143
0.5043087764192283 26.929485343455227
0.5044135644761449 26.9368705925014
0.5045183559855413 26.943528056250436
0.5046231509777473 26.94960278252985
0.504727920765928 26.95558053550507
0.5048326940762432 26.961406963185656
0.5049374708983728 26.96680908202293
0.5050422512393172 26.97191574779586
0.5051470350957201 26.9770057812467
0.505251822457607 26.981810759395813
0.5053566133389357 26.985931622603186
0.5054614077522782 26.98903515043584
0.5055661769735437 26.991665790330664
0.5056709497891492 26.994488372948442
0.505775726173397 26.99733226853132
0.5058805061220074 27.00021223200507
0.5059852895400201 27.0028546374654
0.5060900764538762 27.004947802548898
0.506194866894456 27.00688725351016
0.5062996608921887 27.008895441337742
0.5064044297355249 27.01120554621878
0.5065092021809332 27.01377015673644
0.5066139782348418 27.015385891690396
0.5067187578400565 27.016155752524458
0.5068235409500694 27.01697118206467
0.5069283275468566 27.018130966515173
0.5070331176333409 27.018881838352485
0.5071379112306086 27.01925873395131
0.5072426796199857 27.0199977065451
0.5073474515456476 27.020891128096164
0.5074522270139323 27.021379035055148
0.5075570060268738 27.02184324805031
0.5076617885872904 27.02265646105944
0.5077665746996417 27.02329740443728
0.5078713643703132 27.02378733478271
0.5079761576017645 27.024572031909038
0.5080809256461639 27.025377300270073
0.508185697234428 27.026130122636395
0.5082904723576804 27.0271063092396
0.5083952510160497 27.0279924338123
0.5085000332172112 27.02883605104519
0.5086048189675945 27.029824172049608
0.5087096082699593 27.030971330842604
0.5088144011251174 27.031911565149443
0.5089191687820076 27.032618986520767
0.5090239399876699 27.033163223370465
0.5091287147382139 27.03378815131822
0.509233493032202 27.034599475404917
0.5093382748712432 27.035505020394698
0.5094430602586726 27.036329982657698
0.5095478491971585 27.037054951513568
0.5096526416877624 27.037011507094356
0.5097574089717251 27.035487836451317
0.509862179805987 27.033215623805475
0.5099669541880134 27.030519672298528
0.5100717321163011 27.02621650945781
0.5101765135919331 27.020512986385476
0.5102812986179475 27.014216868032726
0.5103860871976637 27.006400217785586
0.5104908793335545 26.997305698284066
0.5105956750260067 26.98704130316029
0.5107004455086084 26.975332589059903
0.5108052195467735 26.962900916146783
0.5109099971387628 26.948691066997274
0.5110147782838463 26.93375332507074
0.5111195629829016 26.91934876320014
0.5112243512380649 26.90559978097714
0.511329143056918 26.8929064181606
0.5114339118197111 26.881768398512357
0.5115386901858171 26.872287812644096
0.5116434701018874 26.86523304139374
0.5117482483900393 26.860429111674073
0.5118530296940995 26.857372288095227
0.5119578143135185 26.856257434927134
0.5120626024505248 26.858185334949304
0.5121673941889727 26.863434944116356
0.5122721894795934 26.86957892135424
0.5123769595307798 26.87659842181577
0.5124817332614882 26.88304198462238
0.5125865108692649 26.889542766376906
0.5126912923097224 26.89590860489554
0.512796076886311 26.902681758493102
0.5129008648967655 26.90985144552309
0.5130056563657694 26.91730889611199
0.5131104513188023 26.92428585140307
0.513215220988092 26.930480397412076
0.5133199941899829 26.93654777874017
0.5134247709452648 26.942508572349862
0.5135295512524388 26.948051321896084
0.5136343351247797 26.95325913299346
0.5137391225383345 26.958358327105138
0.5138439135113665 26.963349667401193
0.51394870801831 26.967866778986117
0.5140534772804544 26.971316389478332
0.5141582501187192 26.97407782678721
0.5142630265485348 26.976776597541345
0.5143678066024187 26.979651108248838
0.5144725902579602 26.98255329218526
0.5145773774585575 26.985312952859054
0.5146821681664648 26.9876792949293
0.5147869624201746 26.989605485945084
0.5148917314538107 26.991589713739685
0.5149965040869448 26.993745701100416
0.51510128033341 26.99630621569438
0.5152060602250093 26.998395323576716
0.5153108437313308 26.99947307323938
0.5154156307913966 27.000159192821748
0.5155204213755702 27.00122812364556
0.5156252154816204 27.00222310159814
0.5157299843159207 27.002682723155946
0.5158347567107697 27.003247452042295
0.5159395326765674 27.004183436352008
0.5160443122211958 27.004865459057804
0.5161490953467487 27.00525411867155
0.5162538820548463 27.00594932556197
0.5163586723490234 27.006725364044392
0.516463466234319 27.007219631878517
0.5165682348921552 27.007878422451466
0.5166730071412604 27.008738945274377
0.5167777829724538 27.00948443360358
0.5168825623770062 27.010373145732146
0.5169873453526851 27.011338641572863
0.5170921319043336 27.012179026131285
0.5171969220383458 27.013099519643244
0.5173017157581862 27.014211981491012
0.5174064842346245 27.01530410282865
0.5175112562965042 27.016077900990492
0.5176160319427475 27.016675082723335
0.5177208111693833 27.017249469332505
0.517825593973933 27.017986022021674
0.5179303803580209 27.018895361124088
0.5180351703263846 27.019773106717924
0.518139963882901 27.020543658229293
0.5182447321917198 27.020996909682182
0.5183495040895815 27.020093200283295
0.5184542795777689 27.017983642372766
0.518559058654479 27.01555666948215
0.5186638413173109 27.012045338341977
0.5187686275659098 27.006755107871797
0.5188734174019289 27.000767804718976
0.5189782108284728 26.993677223847744
0.5190829790013516 26.98500288559942
0.5191877507656992 26.975325390466736
0.5192925261219058 26.96413847802284
0.5193973050697411 26.951976438142545
0.5195020876084944 26.938675193047217
0.5196068737379141 26.923732998514563
0.5197116634572747 26.909102290125738
0.5198164567683893 26.89504558006864
0.5199212248186 26.881865285947825
0.5200259969094313 26.870126849439046
0.5201307780795159 26.859837705361123
0.5202355649467714 26.85173633728084
0.5203403499631345 26.84619254015037
0.5204451365359444 26.842295777153595
0.5205499266967468 26.840442207663735
0.5206547203013605 26.84086776260896
0.5207594885289296 26.84500067189339
0.5208642603961392 26.850998297005134
0.5209690359010202 26.85758342033334
0.5210738150198224 26.864460993437767
0.5211785979262431 26.870863337258562
0.5212833848460655 26.877389565233763
0.5213881750896626 26.88382433302514
0.5214929687383645 26.89086598606837
0.5215977369960327 26.89820930391116
0.5217025087574036 26.905528528368762
0.521807284059769 26.912066867015326
0.5219120629245027 26.918156007153804
0.522016845371419 26.92415730938341
0.5221216314128976 26.92991308224081
0.5222264210473417 26.935255440799835
0.522331214259054 26.940351807242358
0.5224359821873431 26.94543849732053
0.5225407536965574 26.950184396630643
0.522645528784676 26.954108321310198
0.5227503074686607 26.95712195600634
0.5228550897636395 26.959748844564274
0.5229598757283807 26.96261282689013
0.5230646653122242 26.96547533336473
0.5231694585272662 26.968338926577502
0.5232742264055807 26.970937187823196
0.5233789978520785 26.97298217523832
0.5234837728998125 26.974962527859173
0.5235885515851926 26.977014469135845
0.5236933339149851 26.979397111968524
0.5237981199149806 26.98188872753554
0.5239029095854525 26.983339060763885
0.5240077028691577 26.984048173179836
0.5241124708338822 26.984941471494388
0.5242172423577954 26.986100622531804
0.5243220174518235 26.986776773437025
0.5244267961375274 26.98721077088864
0.5245315784288586 26.988041135871633
0.5246363643340853 26.988906032656026
0.5247411538560488 26.989361629369007
0.5248459469957054 26.989898267366392
0.5249507148531541 26.99072963068459
0.5250554863326493 26.991330961756525
0.5251602614393465 26.991861779090986
0.52526504017419 26.992694984541412
0.5253698225311858 26.99348720760276
0.5254746084999088 26.994278587386454
0.5255793980753158 26.995291180174817
0.5256841912618355 26.99617087668244
0.525788959157138 26.997043354268747
0.5258937306744979 26.998084357683673
0.5259985058161313 26.99924653431631
0.526103284583342 27.000136443300846
0.5262080669758784 27.000819241888763
0.5263128529910335 27.00136988709448
0.5264176426249271 27.002040354265464
0.5265224358768607 27.002904032773422
0.5266272038328346 27.003826771311545
0.5267319754124813 27.004655603958174
0.5268367506180512 27.005368533320112
0.5269415294505532 27.005077206143625
0.5270463118142525 27.003341116140586
0.5271510976160158 27.001043617362637
0.5272558868527805 26.99817368745439
0.527360679522903 26.99354971648159
0.5274654756274416 26.98775550643274
0.5275702462416438 26.981279503170857
0.5276750202928704 26.973188717537717
0.5277797977819053 26.96395318384791
0.5278845787086941 26.95342022676253
0.5279893630736505 26.94155184952035
0.5280941508756374 26.928937015351444
0.528198942113567 26.914422983375
0.5283037367881721 26.899586411203423
0.5284085059676157 26.88530052843912
0.5285132785865164 26.87173209239409
0.5286180546848905 26.859312766479857
0.5287228374599287 26.848402526755553
0.5288276291184333 26.839322994819295
0.5289324205267957 26.832755359080956
0.5290372108693675 26.8282472209201
0.5291420042225398 26.82557736967418
0.5292467720724967 26.824837517540274
0.5293515433468626 26.827498329540113
0.5294563179586224 26.83311316612365
0.5295610960568922 26.839358623636564
0.5296658776784445 26.84644854677009
0.529770662867072 26.852837084906668
0.5298754518803538 26.859369372617188
0.5299802443831695 26.865693492473948
0.5300850399705562 26.872557983405986
0.5301898099560673 26.879784093654592
0.5302945832838137 26.887287803089386
0.5303993599761382 26.89417546018325
0.5305041400689041 26.900309768142648
0.5306089235837116 26.90635536570725
0.530713710533531 26.912310793012363
0.5308185009190564 26.917820786221235
0.5309232947570591 26.9229808194523
0.5310280630684888 26.928075662605483
0.5311328348033012 26.93300428161403
0.5312376099676887 26.93739906112455
0.5313423885750435 26.94070708101995
0.5314471706272474 26.943404384788295
0.5315519561698686 26.946158627944676
0.5316567452219912 26.94902155262755
0.5317615377544728 26.951944579387117
0.531866333688623 26.9546873950875
0.5319711040657459 26.956982816468788
0.5320758778760155 26.95894077019478
0.5321806551500055 26.96095451657751
0.532285435910837 26.963177066635758
0.5323902201805424 26.965753773068407
0.5324950079723278 26.96766586915153
0.5325997992473055 26.968622644797108
0.5327045939489061 26.969360908531833
0.5328093630765958 26.970491874432867
0.5329141356041898 26.971417886108085
0.5330189115533908 26.971855645481575
0.5331236909427711 26.97251374972899
0.5332284737842606 26.97347847454146
0.5333332600857005 26.974109977987027
0.5334380498497404 26.974536215503974
0.5335428430775565 26.97530014585677
0.5336476107906025 26.976034423643803
0.5337523819739669 26.976523016994925
0.5338571566307339 26.97724192246418
0.5339619347563835 26.978101826806892
0.5340667163400514 26.9788599266436
0.5341715013727105 26.979817147905766
0.534276289854399 26.98077274842268
0.5343810817933259 26.98163167378946
0.5344858771962254 26.98259995886127
0.5345906470746254 26.98375025620149
0.5346954204172927 26.984794928787352
0.5348001972235915 26.985551720696307
0.5349049774909106 26.986132292082587
0.5350097612148703 26.98674135521462
0.5351145483928816 26.98753191022888
0.5352193390275006 26.98847515496816
0.5353241331235674 26.989356541231622
0.5354289016860294 26.990128045520883
0.5355336737124577 26.99041905585873
0.5356384492032265 26.98926486506989
0.5357432281578018 26.987082006551102
0.5358480105738316 26.984587420523553
0.5359527964507976 26.980759333004134
0.5360575857905507 26.975274306028773
0.5361623785956348 26.969192032080315
0.5362671748678914 26.96180818076876
0.5363719456015639 26.95295519018588
0.5364767198017825 26.943062434039188
0.5365814974692295 26.93164454158474
0.5366862786027069 26.919396985659816
0.5367910632010632 26.90573135329325
0.5368958512637575 26.890763026676854
0.5370006427928463 26.87624762148446
0.5371054377903053 26.862327337570377
0.5372102072423226 26.8493528477167
0.5373149811829759 26.837894729956638
0.5374197646333343 26.827939681956277
0.5375245518598706 26.820301803284416
0.5376293367394164 26.81511088951258
0.537734123988548 26.81156496278588
0.5378389144271041 26.810080027141154
0.5379437082432238 26.81114891504746
0.5380484765619176 26.815860122924903
0.5381532482880981 26.821960655241565
0.5382580235177956 26.82877718288482
0.5383628023502088 26.83547219044414
0.5384675848723621 26.841917513259105
0.5385723712108356 26.848376247161376
0.5386771606429529 26.854930063950444
0.5387819534060839 26.862045038940835
0.5388867495348759 26.869487859429405
0.5389915200284736 26.876698127997855
0.5390962939303489 26.88309966349418
0.5392010712791054 26.889221219335425
0.5393058520922646 26.89524335844127
0.5394106363663247 26.900923942443388
0.5395154241197252 26.906208450112246
0.5396202153163161 26.911311607885594
0.53972500999375 26.916376697475833
0.5398297790760297 26.92105383009097
0.5399345516094262 26.924782516249763
0.5400393276269998 26.92770931896414
0.5401441071310563 26.930347824087555
0.5402488901721685 26.933231681854526
0.5403536767205857 26.9361257319486
0.5404584667536888 26.93896303730734
0.5405632601989571 26.941514672663224
0.5406680280507585 26.943532270425983
0.5407727993881867 26.945545378944324
0.5408775742331526 26.947651099985848
0.5409823526007875 26.950102815218358
0.5410871345195353 26.95245644237953
0.5411919199691292 26.953775036102535
0.5412967088906275 26.954458648725183
0.5414015012507271 26.955433065244865
0.5415062970396786 26.95656079709126
0.5416110672208921 26.957171296396766
0.5417158408668649 26.957677589294
0.5418206179886228 26.958585225775213
0.5419253985944308 26.959410926335547
0.5420301826870184 26.95984924980678
0.5421349702678182 26.9604604739975
0.5422397613394314 26.961293135079387
0.5423445559070458 26.96185363924491
0.5424493249124975 26.96244059589888
0.5425540974161852 26.963303452853978
0.5426588734084444 26.964092928118042
0.5427636528793547 26.96493899688563
0.5428684358265211 26.965965233836016
0.542973222256834 26.96684486425994
0.543078012177941 26.96775529888613
0.5431828055928382 26.968848369189367
0.5432875734322187 26.97000757574682
0.5433923447645768 26.970849831697073
0.5434971195893699 26.971504980098633
0.5436018979024564 26.97207412164942
0.5437066797004713 26.972793248891783
0.5438114649846795 26.97370777308742
0.543916253760392 26.974641778856046
0.5440210460303019 26.975472573739935
0.5441258417947015 26.976121455274942
0.5442306119746337 26.97558546528103
0.5443353856475129 26.973677634267858
0.544440162810386 26.97134723020925
0.5445449434611789 26.968251296306725
0.5446497276002582 26.963326774684255
0.544754515230118 26.9574637399068
0.5448593063542718 26.9507625040345
0.5449641009743491 26.94241644301996
0.5450688700043712 26.933023388197945
0.5451736425294574 26.922214519941747
0.5452784185497729 26.910219545698972
0.5453831980649176 26.897364915633986
0.5454879810746884 26.88263203311238
0.5455927675798833 26.867904241787016
0.5456975575817541 26.853730117339726
0.5458023510825879 26.84034633264814
0.5459071190938383 26.8282207149157
0.5460118948300249 26.817558797121258
0.5461166781414919 26.808907734641473
0.5462214603133098 26.802827155637203
0.54632624264529 26.79857952059111
0.5464310284336866 26.796291697322275
0.546535817606022 26.79604859746358
0.5466406101536332 26.799406232913974
0.546745406265986 26.805273870424998
0.546850176748969 26.8116768271059
0.546954950785802 26.818731887321714
0.5470597285123953 26.82512908412181
0.5471645101064272 26.831674722202795
0.5472692950033801 26.837975505951583
0.5473740832076279 26.84491994391442
0.5474788747963697 26.85221273196916
0.5475836697954881 26.859725684627513
0.5476884391215417 26.86651124404053
0.5477932119085878 26.872630599442516
0.547897988184445 26.878666281782174
0.5480027679578119 26.884589421724183
0.5481075512208332 26.890049218107052
0.5482123379898627 26.895165754193158
0.5483171282468294 26.900264762645712
0.5484219219913421 26.905122084582956
0.548526690104627 26.909360883759106
0.5486314617123254 26.912551267246528
0.5487362368264256 26.91520618510871
0.5488410154977609 26.918013139252103
0.5489457977071874 26.92087325814156
0.5490505834591626 26.92380182928789
0.549155372666325 26.92652808844932
0.5492601653400417 26.92875518837895
0.5493649615167233 26.930755690792743
0.5494697320984369 26.932797230418302
0.5495745062231032 26.93508636785814
0.5496792839208362 26.937647840577867
0.5497840651925977 26.939382073953958
0.5498888499890546 26.940235905029795
0.5499936382605117 26.94103821563712
0.5500984299958694 26.94221111624462
0.5502032252004477 26.943063509755994
0.5503079947611251 26.94350883428275
0.5504127678251599 26.944261763146017
0.5505175444013406 26.945228431106695
0.550622324494645 26.94581253777475
0.5507271081065096 26.9462935840412
0.5508318952387953 26.94710599456815
0.5509366858948332 26.947797735975037
0.5510414800809872 26.94829829852592
0.5511462486552543 26.94907577791133
0.5512510207526814 26.94992604053516
0.5513557963622838 26.950708054534083
0.551460575478148 26.95172275461857
0.551565358104942 26.95266808944855
0.5516701442507342 26.953549726296412
0.5517749339204314 26.954566919194583
0.551879727116022 26.955744731902687
0.5519844946860014 26.95673615427356
0.552089265779959 26.957472979302608
0.5521940403944465 26.958044235252615
0.552298818525739 26.9586967997964
0.5524036001739372 26.95954524364228
0.5525083853435033 26.960514058058028
0.5526131740368975 26.96140097779649
0.5527179662560412 26.962177205109313
0.5528227620007756 26.96225522800755
0.5529275321119224 26.96084638862863
0.553032305745689 26.958626163484837
0.5531370828991719 26.95601987623467
0.5532418635725403 26.951863963329398
0.5533466477680271 26.946231151962476
0.553451435488778 26.94001842979584
0.553556226737259 26.932336828456073
0.5536610215140501 26.923329277423463
0.5537657906518368 26.913190881504647
0.553870563317201 26.901569778990243
0.553975339509249 26.889219770804516
0.5540801192271859 26.875170570566908
0.5541849024715525 26.860255155719184
0.5542896892442232 26.84585850118176
0.5543944795475794 26.83209764325236
0.5544992733838738 26.819352184675836
0.5546040433271501 26.808144901756073
0.5547088226284328 26.79856077316873
0.5548136040204089 26.791402976561486
0.5549183839842265 26.786526715410353
0.555023166788931 26.783379723048817
0.5551279530191202 26.78222560524033
0.5552327427501899 26.78402552783428
0.5553375359123724 26.78923004651068
0.5554423034897739 26.79540393012559
0.5555470745796445 26.80244132541594
0.5556518493491506 26.808956219023116
0.5557566279240039 26.815444565505853
0.555861410146655 26.821809957995995
0.5559661955762861 26.82849667484663
0.5560709844547604 26.835678341569277
0.5561757767543014 26.84321621771163
0.556280572521386 26.850329339472673
0.5563853425826382 26.85660885630967
0.5564901161553254 26.86273778766158
0.5565948932551172 26.868773015901922
0.5566996738790222 26.874386087578504
0.556804458040351 26.879618180690308
0.5569092457180427 26.884716917096725
0.5570140369255938 26.88975105719478
0.5571188316412269 26.894346424916673
0.5572236006845326 26.897896138769752
0.5573283732674439 26.90073584121056
0.557433149408059 26.903412023991272
0.5575379291455288 26.90629823878591
0.5576427124545066 26.90923072808966
0.5577474992851439 26.9120421974558
0.5578522896098118 26.91454251801457
0.557957083453802 26.916556693804043
0.5580618516466167 26.918594298867085
0.5581666234084327 26.920754582721464
0.5582713987589573 26.923272481018074
0.5583761777181909 26.925463029651475
0.558480960255652 26.926639089035433
0.5585857463163737 26.927334207400904
0.5586905358803446 26.928387933179902
0.5587953289413563 26.929466589266006
0.5589000963000037 26.930028313157553
0.559004867189756 26.93062070720995
0.5591096416202995 26.931591991249743
0.5592144196006892 26.93237281469112
0.5593192011333424 26.932811558481937
0.5594239862211843 26.933496702729094
0.5595287748665627 26.934305679574575
0.5596335670747976 26.934834808713646
0.5597383628491646 26.935483441648522
0.5598431329612636 26.93636811910688
0.5599479066244966 26.937155555546326
0.5600526838292953 26.938074405368848
0.5601574645782711 26.939100011051373
0.5602622488762974 26.93998610284845
0.5603670367295241 26.940939426210907
0.5604718281399932 26.942077509499597
0.5605766231085888 26.943219804047196
0.5606813924023512 26.944021400891874
0.5607861652502827 26.94465048677842
0.5608909416485564 26.945249078793736
0.5609957215956453 26.946020867504743
0.561100505095541 26.946982992239995
0.5612052921525755 26.947925621634965
0.5613100827693162 26.94875650151507
0.5614148769468384 26.949297357517306
0.5615196454449484 26.94851194818336
0.5616244175018712 26.946475290394723
0.5617291931149533 26.944107330898124
0.5618339722835589 26.940737540619907
0.5619387550095016 26.935554671386598
0.5620435412960988 26.92962353476746
0.5621483311438923 26.922658833523194
0.5622531245210018 26.91408835576723
0.5623578920565321 26.904513599148757
0.5624626629852614 26.893439466544514
0.5625674373061832 26.88133972982626
0.5626722150181775 26.868190396012032
0.5627769961215852 26.853325002603277
0.5628817806188791 26.838709513106856
0.5629865685121145 26.82465563255382
0.5630913598027545 26.811458918416882
0.563196154818085 26.799628833009415
0.5633009292435641 26.789252985123504
0.5634057096211255 26.78104919417791
0.5635104877389813 26.7754085001212
0.5636152670390839 26.771427598416537
0.5637200495549691 26.76955476565422
0.5638248353592941 26.769854836355893
0.5639296245442275 26.773892480939065
0.5640344170988314 26.77992840003213
0.5641392131129224 26.786523826779835
0.5642439833189085 26.793476583848935
0.5643487571714255 26.79987953507627
0.5644535347678532 26.806414805677328
0.5645583154087885 26.812747188337788
0.5646630993245331 26.81977564910405
0.564767886542972 26.827155626800707
0.564872677072183 26.834629280106647
0.5649774709493807 26.841288294804812
0.5650822389214848 26.84742982617572
0.56518701029158 26.853488469085782
0.5652917850582715 26.859339712034767
0.5653965632275041 26.864729129717375
0.5655013447799687 26.869825820185945
0.5656061297391096 26.874924785333228
0.5657109180775621 26.879716999837807
0.5658157098000881 26.883762578726525
0.5659205049291456 26.886863281387978
0.5660252741863442 26.889499850217288
0.5661300469101423 26.89234946486176
0.5662348230660256 26.895222852678422
0.5663396026645557 26.898142416786964
0.5664443856057122 26.900846704453414
0.5665491719237412 26.903021810261997
0.5666539616474633 26.905067093228077
0.5667587548086248 26.907144783019334
0.5668635221254438 26.909492360066036
0.5669682929196906 26.912012562797486
0.5670730671784538 26.91356938614954
0.5671778448457645 26.91434628945585
0.567282625882745 26.915218033975783
0.5673874102774819 26.916411609061146
0.5674921980407046 26.91719587155171
0.5675969891935148 26.91768268467017
0.5677017837507047 26.91853063055473
0.5678065524236026 26.919479719056948
0.5679113245145393 26.92002409195925
0.5680161000243948 26.920564816213492
0.5681208789555949 26.921401389933955
0.568225661312494 26.922051095082487
0.5683304470999782 26.92257989331501
0.5684352363171561 26.92341539007949
0.5685400289555168 26.924255758555397
0.5686448250028848 26.9250773679014
0.5687495951481706 26.926139958619586
0.5688543687023141 26.927078395049744
0.5689591456732351 26.927987463058386
0.56906392606512 26.929055604923835
0.5691687098788764 26.93025244496301
0.5692734971145288 26.93118462573942
0.5693782877708887 26.931898115462445
0.5694830818428234 26.932473019879403
0.5695878500145015 26.933176408894884
0.5696926216010904 26.934085423456743
0.5697973966072992 26.935074734858315
0.5699021750357036 26.935965895530472
0.5700069568872139 26.936742065502305
0.5701117421630039 26.93656748848249
0.5702165308617139 26.93493227091249
0.5703213229802039 26.93268872787209
0.570426118516009 26.929923951939166
0.570530888147469 26.925440702521467
0.5706356611986413 26.91970408999419
0.5707404376728379 26.91332119773552
0.5708452175706886 26.905354540701957
0.5709500008929956 26.896204220988366
0.5710547876394244 26.885794683756124
0.5711595778095726 26.87400238301595
0.5712643714027532 26.86149153053343
0.5713691390888039 26.84711702612892
0.5714739101979309 26.832304033475033
0.5715786847329479 26.818026550815954
0.5716834626944188 26.804444646074902
0.5717882441025122 26.791955677559557
0.5718930316858252 26.7809818776361
0.5719978281261285 26.771798003168655
0.5721025954547997 26.76512921441029
0.5722073911024447 26.760547423110516
0.5723121605086611 26.75777122818829
0.5724169332244962 26.757040529654816
0.572521709327151 26.759560981438906
0.5726264888010864 26.765165998289973
0.5727312717600268 26.77145064830575
0.5728360581638868 26.778573306608337
0.5729408481892464 26.785008990529782
0.5730456420045028 26.791532038057436
0.5731504097238648 26.79779809084326
0.5732551807019819 26.80461066287839
0.5733599549916909 26.811851146058196
0.5734647326262229 26.819472769185356
0.5735695136294333 26.82650018921268
0.573674298021601 26.83270820882884
0.5737790858317855 26.838818988216314
0.5738838770704006 26.844858215013545
0.5739886717360468 26.850427965315685
0.5740934404926049 26.855599330384994
0.5741982126608931 26.86068135982567
0.5743029882578572 26.865662432393954
0.5744077672674219 26.870150754135157
0.5745125497015152 26.873551437734182
0.5746173355740808 26.87631511218557
0.5747221249138116 26.879045449979344
0.5748269177448624 26.881925948304552
0.5749317140487861 26.884893893132247
0.5750364843939122 26.887693592259485
0.5751412581259465 26.890145153204337
0.5752460352861601 26.89218329874201
0.5753508159018199 26.894243568511108
0.5754555999888794 26.896452709531367
0.5755603875733076 26.898999261243855
0.5756651786648114 26.90101572389981
0.5757699732217522 26.902069329845997
0.5758747418149845 26.902802706432364
0.5759795138021906 26.903925172768016
0.5760842891858603 26.904947144732816
0.5761890679832128 26.905483918613935
0.5762938502120791 26.906167724313022
0.5763986358815363 26.907183376426474
0.5765034249994435 26.907918647758457
0.5766082175680752 26.908381701426315
0.576713013589395 26.909127902298344
0.5768177836868744 26.90990313679825
0.5769225572444775 26.91041622665562
0.577027334264131 26.91112302261047
0.5771321147388967 26.912020063045933
0.5772368986574485 26.912816646563115
0.5773416860135386 26.913815868902546
0.5774464768101565 26.914838056183605
0.5775512710552848 26.91574070592469
0.5776560393651059 26.916738967028405
0.5777608111281958 26.917914846488642
0.577865586344352 26.919014801105423
0.5779703650133298 26.919793716894738
0.5780751471308587 26.92040569732338
0.5781799326934193 26.921043780999263
0.5782847217025894 26.92187623394887
0.5783895141642805 26.922882856013008
0.5784943100810364 26.923833655009673
0.578599080057202 26.924664344515172
0.5787038534887472 26.925052515868913
0.5788086303761277 26.924014901494928
0.5789134107158191 26.921892320179808
0.5790181945052423 26.919471924393537
0.5791229817448174 26.915790822244592
0.5792277724376446 26.910395687512118
0.5793325665867713 26.904377118300758
0.5794373347888949 26.897122919497875
0.5795421064473194 26.888363996207964
0.579646881562162 26.87858032101208
0.5797516601324442 26.867264231162117
0.5798564421581891 26.855076911958797
0.5799612276394303 26.84158096538625
0.5800660165781644 26.82666846386152
0.5801708089762295 26.812169694279383
0.5802756048347905 26.798248131767483
0.5803803747396024 26.785255341735187
0.5804851488723997 26.77371163571887
0.5805899321387171 26.763661989548616
0.5806947196298042 26.755922322607972
0.580799505025358 26.750639162462193
0.5809042926528203 26.747021869566346
0.5810090835694949 26.7455034375309
0.5811138778112926 26.746471870009692
0.5812186461051937 26.751123045525176
0.5813234178369084 26.757267039150825
0.5814281930571936 26.76409457811166
0.5815329718695953 26.770876479554648
0.5816377544277098 26.77730155180563
0.5817425405333209 26.783752085547142
0.5818473298369483 26.790189450622815
0.5819521225030322 26.79730386349405
0.5820569185405247 26.804820638068463
0.5821616885426442 26.812199286177623
0.5822664619588697 26.81871680081734
0.5823712388172732 26.82489788114211
0.5824760191372349 26.830986404678395
0.5825808029189766 26.83675504906585
0.5826855901736432 26.842069022372335
0.5827903808834906 26.847153225651773
0.5828951750597773 26.85224175471377
0.5829999432420543 26.856972998940748
0.5831047148788411 26.860814746966902
0.5832094899839521 26.86383780106124
0.5833142685648496 26.866478207698442
0.5834190506749625 26.86936102233635
0.5835238362834702 26.87227342717268
0.5836286253779569 26.87517753875308
0.5837334178878669 26.877858856415855
0.5838382138438504 26.880004415757597
0.5839429838353329 26.882083517247516
0.584047757324175 26.884199071533345
0.5841525343259852 26.886594551573168
0.5842573148668284 26.88901028440931
0.5843620989226823 26.89042821504234
0.5844668864393362 26.89115692508175
0.5845716773893969 26.892106479773716
0.584676471767962 26.893296069545546
0.5847812401330351 26.89402504627885
0.5848860119568667 26.894578845829074
0.5849907872508513 26.895514250914037
0.585095566024222 26.89643530832252
0.5852003482814824 26.896954318531414
0.5853051340241033 26.89755900271364
0.5854099232546854 26.898398491228654
0.5855147159776567 26.899004744327847
0.5856195121970548 26.899576630261144
0.5857242824457422 26.9004561570274
0.5858290561738878 26.901291070306094
0.5859338333723562 26.9021781007573
0.5860386140411931 26.90326997142403
0.5861433981884727 26.904208799924824
0.5862481858206721 26.90515188512821
0.5863529769401187 26.906268327263838
0.5864577715475233 26.907467335353935
0.5865625401713749 26.90834707958015
0.5866673122772792 26.909036336878295
0.586772087861942 26.90963236108074
0.5868768669258061 26.910393455412937
0.5869816494738052 26.911364090680518
0.5870864355089425 26.912372174791223
0.5871912250332151 26.91326806601861
0.5872960180467919 26.913989899789396
0.5874008145500316 26.91356582998884
0.5875055850600593 26.91174509432799
0.5876103590522238 26.90947504850065
0.587715136526732 26.906503164758853
0.5878199174863997 26.901708198182874
0.5879247019347368 26.895894463914722
0.5880294898732189 26.8892973830707
0.5881342813021955 26.881066235732433
0.5882390762220902 26.871760748887827
0.5883438451443065 26.861073329750752
0.5884486175544595 26.849146358013023
0.5885533934524952 26.836421538881126
0.5886581728404248 26.821803716631837
0.5887629557196471 26.807100913633825
0.5888677420911274 26.792939138587045
0.5889725319547094 26.779546991162135
0.5890773253794542 26.767341564608156
0.5891820965095181 26.756610674344437
0.5892868753833091 26.747857929258537
0.5893916534706796 26.74167142683468
0.5894964318202587 26.737333407892876
0.589601213510783 26.734995903377467
0.5897059986118722 26.73472176472871
0.5898107871138399 26.737980464530068
0.5899155790880443 26.743878657242416
0.59002037459294 26.750313184425814
0.590125144152395 26.757430415682464
0.5902299173987817 26.76382999585037
0.5903346944622786 26.77036623304407
0.5904394746943822 26.77655538391358
0.590544258341749 26.783484660290007
0.5906490453738146 26.790812974249814
0.5907538358296243 26.79848266441021
0.5908586297276643 26.805408937896953
0.5909633975808248 26.811593237615416
0.5910681689206916 26.817687829797965
0.5911729437600072 26.82369954005918
0.5912777220896118 26.82921231977197
0.5913825039255156 26.834330406515527
0.5914872892539009 26.8394108930009
0.5915920780684227 26.844317629822513
0.5916968703602474 26.848666344654337
0.5918016661509694 26.851953480568138
0.5919064359241467 26.854661665981958
0.5920112092350214 26.857452343979666
0.592115986084323 26.860333531276908
0.5922207664770293 26.863326130164204
0.5923255503256772 26.866123679132258
0.5924303376403632 26.868516391272593
0.5925351284562015 26.870589865025636
0.5926399227971236 26.87266422087042
0.5927446911447445 26.87491683241169
0.5928494630526288 26.877454692764715
0.5929542385199472 26.879309500986743
0.5930590175010261 26.88025228845362
0.5931637999499033 26.881041281819275
0.5932685858613563 26.882222598625127
0.5933733752413506 26.8831888002315
0.5934781681069026 26.88372682397047
0.5935829644724654 26.884506169308352
0.5936877348085273 26.885543470542906
0.5937925086576483 26.886228673821353
0.5938972860218077 26.886727799500434
0.5940020669030126 26.88751706846611
0.5941068513054537 26.88825273650621
0.5942116392331956 26.888762415528383
0.5943164306858681 26.88953051837253
0.594421225654614 26.890432249368786
0.5945259945826573 26.891254077670133
0.5946307670130913 26.89232342197989
0.5947355429522035 26.8933422147784
0.5948403224056706 26.89426406951265
0.5949451053759914 26.895307265551057
0.595049891863886 26.896510825120124
0.5951546818700689 26.89755374428468
0.595259475392314 26.89831646715764
0.5953642428717518 26.898921994866697
0.5954690138593055 26.899610212274535
0.5955737883590252 26.900507442975037
0.5956785663753044 26.90155036654277
0.5957833479104897 26.902506448895558
0.5958881329648951 26.903337421505633
0.5959929215403736 26.903522796058382
0.5960977136347771 26.902227974221162
0.5962025092455868 26.900060572753056
0.5963072788102493 26.89754598764454
0.5964120518907268 26.893538420357167
0.596516828489231 26.88797698311079
0.5966216086073168 26.88183728594835
0.5967263922459939 26.874278885632634
0.5968311794057057 26.86535532666575
0.5969359700858422 26.855329050842478
0.5970407642848987 26.843795779172375
0.5971455324320641 26.831524963767308
0.5972503040975763 26.817647637437833
0.5973550792838606 26.802770583262657
0.5974598579927816 26.788392281434987
0.5975646402252088 26.77462612927878
0.5976694259819961 26.76184908327371
0.597774216683002 26.750565983471844
0.5978789869554284 26.740885268307984
0.5979837597668265 26.733627472900245
0.5980885312618909 26.72867628089764
0.5981933055654918 26.725417509788443
0.5982980832362033 26.724285163013995
0.5984028643610236 26.72596812651308
0.5985076489889907 26.7311502769848
0.598612437150486 26.737380266035885
0.598717228868718 26.744444060826563
0.5988220242556512 26.751018358947388
0.598926793921395 26.757481369828618
0.5990315669447732 26.76378084498146
0.5991363433493353 26.770389790113054
0.5992411231823789 26.77757685760239
0.5993459064514601 26.785238345427437
0.5994506931887283 26.792509602280727
0.5995554834187989 26.798896855747863
0.5996602771620526 26.8050872863085
0.5997650448360631 26.811190550962444
0.5998698160346667 26.816883380352362
0.5999745907673907 26.822123952849317
0.6000793690088201 26.827193209908184
0.6001841507810545 26.832258924664625
0.6002889360611997 26.836925631872447
0.6003937248572742 26.84057921386039
0.600498517191722 26.843525568376627
0.6006033130687134 26.84619198130882
0.6007080829265882 26.849092983571555
0.6008128563454124 26.852058558601044
0.6009176332911742 26.85494000812066
0.6010224137250847 26.857582316445942
0.6011271976771748 26.85970738689863
0.6012319851737837 26.861799493038397
0.6013367762272407 26.863953297866356
0.6014415708564261 26.866401771853127
0.6015463394615325 26.8686835990952
0.6016511116287178 26.869964730449524
0.601755887311509 26.870678400838923
0.6018606664071262 26.871715534594433
0.6019654488466059 26.87288126979381
0.6020702346490583 26.87356388382408
0.6021750238354575 26.874194633521206
0.602279816416768 26.875201991525095
0.6023846124007091 26.87608221320434
0.6024893821691292 26.87658298010545
0.6025941553421803 26.877246435520412
0.6026989319218412 26.87807516804981
0.6028037119116529 26.878639827911158
0.602908495313489 26.879269142478304
0.6030132821211058 26.88017935281212
0.6031180723214352 26.88101412850743
0.6032228659078476 26.881980179983383
0.6033276332565763 26.883077045227573
0.6034324040030912 26.884016843774724
0.6035371781520523 26.884996843665327
0.6036419557046522 26.8861533770056
0.6037467366605191 26.88733770944055
0.6038515210194898 26.888172000828344
0.6039563087760197 26.888839651517877
0.6040610999278787 26.88947010592658
0.6041658944781575 26.890291341089657
0.6042706627931475 26.8913164927828
0.6043754345116408 26.89233385750503
0.6044802096337949 26.893228244228645
0.6045849881593441 26.893849122732497
0.6046897700875468 26.893176675192564
0.6047945554140772 26.891214239110987
0.6048993441377997 26.888910427188478
0.6050041362603404 26.885677484110758
0.6051089317851511 26.880605315807426
0.6052137010682486 26.87472248461308
0.6053184737551013 26.867868797611095
0.6054232498457421 26.85940097711518
0.6055280293402003 26.849917937307936
0.6056328122365371 26.83895597105878
0.605737598534345 26.82691854127714
0.6058423882353486 26.813916448126495
0.605947181341461 26.79914032150968
0.6060519778540898 26.784544487888923
0.6061567481192566 26.770501229767227
0.6062615217892099 26.75729881202446
0.6063662990734038 26.74538471624257
0.6064710845634274 26.734929656640347
0.6065758763172094 26.72662462080516
0.6066806660728563 26.720875049771003
0.6067854570141086 26.716832012580884
0.6068902511441597 26.71490039689076
0.6069950189029774 26.715166698890624
0.6070997900260688 26.719120081584506
0.6072045645655691 26.725209826734012
0.6073093425528339 26.731828860409582
0.6074141240625092 26.738846298193927
0.6075189092757536 26.745242157628137
0.6076236980085608 26.751746477753294
0.6077284898991686 26.757960003020077
0.6078332851062103 26.764977843783853
0.6079380539429129 26.772436654025704
0.6080428261229085 26.7800773320465
0.608147601668087 26.78686876800267
0.6082523806009651 26.79306209149926
0.6083571629419392 26.799165557414327
0.6084619486955671 26.805109404222947
0.6085667378650099 26.810538279401054
0.6086715304402502 26.81562151292543
0.608776326421468 26.820712049880598
0.6088810961188766 26.825545500010296
0.6089858692131811 26.82971525865867
0.609090645720062 26.832909639079652
0.6091954256444435 26.835588899343442
0.6093002090281604 26.838434347497262
0.6094049958566198 26.841334931533627
0.609509786136543 26.844331433086722
0.609614579779092 26.84712433315955
0.6097193471182273 26.849445577801358
0.6098241178744173 26.85154910491842
0.6099288920662459 26.853631977492753
0.6100336697066309 26.855931664223686
0.6101384508186585 26.858450170250947
0.6102432353911255 26.86013537552725
0.6103480233778662 26.860986083507388
0.610452814737742 26.86184152965557
0.6105576094635555 26.863066414850174
0.61066237787114 26.863974955652935
0.610767149678241 26.864531728668908
0.6108719248983464 26.86540322534668
0.6109767035396654 26.866433179053246
0.6110814856063246 26.867065523811938
0.6111862710988645 26.867609497570243
0.6112910600187078 26.868428343465915
0.6113958523690747 26.869118668332288
0.6115006481532084 26.86964476860888
0.6116054176624169 26.870475838790817
0.6117101905890713 26.871373110752074
0.611814966923406 26.872236016679373
0.6119197466674652 26.873355639273253
0.6120245298299736 26.874362575314837
0.6121293164163532 26.875302063462243
0.6122341064282601 26.876388491756405
0.6123388998666421 26.87760833096248
0.6124436967307667 26.87858836596879
0.612548467302551 26.879333983088763
0.6126532412906737 26.879943933436994
0.6127580186967307 26.880690492799864
0.6128627995247243 26.881653180329238
0.6129675837780473 26.882716780035494
0.6130723714566166 26.883672223465382
0.6131771625609078 26.884503506054394
0.6132819570901399 26.88443756477063
0.6133867253190531 26.882902020876823
0.6134914969658367 26.880712782966683
0.6135962720314269 26.878051160373555
0.6137010505191418 26.873710046047826
0.6138058324319577 26.86802667851056
0.613910617770895 26.861723373158124
0.6140154065366134 26.853867899327867
0.614120198728357 26.844792904491634
0.6142249943451151 26.834498327360834
0.6143297636553333 26.822786347111048
0.6144345363886303 26.810378516049894
0.6145393125472997 26.79615001165519
0.6146440921330181 26.781361196079683
0.6147488751466614 26.767093608325652
0.6148536615875001 26.75350114555764
0.6149584514652092 26.740955195957934
0.6150632471073629 26.729917581076688
0.6151680218290579 26.720638365662364
0.6152727971686254 26.71386473246732
0.6153775715045415 26.709192944784554
0.615482348912513 26.70634555858595
0.6155871296011971 26.705617259967294
0.6156919136552486 26.70803938346398
0.6157967011321124 26.713642708794865
0.615901492072017 26.719977141819683
0.6160062865085248 26.72712557279034
0.6161110548297611 26.733595264020565
0.6162158269308715 26.740100564833636
0.6163206021474145 26.746266660342524
0.616425380716612 26.753039340709236
0.61653016260194 26.760314712369155
0.6166349478393007 26.76807116594194
0.6167397364617287 26.775243658225676
0.616844528487271 26.781533989997712
0.6169493239364251 26.787692460748207
0.6170540930657523 26.793792457132096
0.6171588656247848 26.799418439269445
0.6172636416313267 26.80459329111968
0.6173684210522172 26.809643357913068
0.6174732039000415 26.814673411592413
0.6175779901616931 26.819247804879097
0.6176827798487188 26.822741575748786
0.617787572979049 26.825605936603562
0.6178923695630576 26.82832812624325
0.617997139867179 26.83123570111156
0.6181019136421834 26.83425591591886
0.6182066908293996 26.837114229118555
0.6183114714100852 26.839701598339893
0.6184162554186434 26.84181639394658
0.6185210428792733 26.84390532595413
0.6186258338023678 26.846093751378717
0.6187306282082052 26.848595263360046
0.6188353963303794 26.850720436079563
0.6189401679065714 26.85186508609633
0.6190449428894667 26.8526012381544
0.6191497212610306 26.853721950667314
0.619254503025316 26.854845470050375
0.6193592882033757 26.85549136495637
0.6194640768130968 26.85620350789409
0.6195688688637406 26.85726387889147
0.6196736643617162 26.858089237943652
0.6197784335268016 26.858585204994036
0.6198832061389771 26.859298869021252
0.6199879822008586 26.860104635972505
0.620092761715306 26.860639952359737
0.6201975446821588 26.861334571248307
0.6203023310927662 26.862268057908437
0.620407120935824 26.863108239545657
0.6205119142092662 26.864156736923377
0.6206167109204626 26.865244821156786
0.6207214812863548 26.866187158333368
0.620826255097922 26.867204699844073
0.6209310323560676 26.868392113798407
0.6210358130603025 26.869539043014647
0.6211405972082154 26.870343014576676
0.6212453847948544 26.87099422943315
0.6213501758204618 26.871670681019758
0.6214549702894346 26.87255323985299
0.6215597384071794 26.873622802130416
0.621664509971644 26.874639427727423
0.6217692849822705 26.875525078479477
0.6218740634388279 26.875998534315322
0.6219788453383776 26.8750716543252
0.6220836306784576 26.873008642513188
0.6221884194592529 26.870655629291754
0.6222932116836253 26.867112718996847
0.6223980073550759 26.86180597358057
0.6225027766678686 26.85583991575418
0.6226075494279483 26.848693587160056
0.6227123256347646 26.84001700109833
0.6228171052870211 26.830327239700622
0.6229218883837774 26.819112102105272
0.6230266749254149 26.806985953220178
0.6231314649140591 26.793650929589976
0.6232362583521319 26.778798459181957
0.6233410552401696 26.76431128405803
0.6234458257630071 26.750391781707826
0.6235505997346513 26.73738862842039
0.6236553777255179 26.72575432868492
0.623760164507798 26.71562138915283
0.6238649558810376 26.707783584291086
0.6239697453060475 26.702403588884284
0.6240745368021688 26.69869865992745
0.6241793315466968 26.69717317679263
0.6242840998294349 26.698063201278913
0.6243888715444081 26.702653238300783
0.6244936467370381 26.708859241194478
0.6245984254298877 26.715697374184742
0.6247032077204974 26.72254441992308
0.6248079938192711 26.72895205360519
0.6249127832339795 26.73534614860195
0.625017575956157 26.74169693113974
0.6251223720292282 26.748808128876526
0.6252271416287035 26.756417272935167
0.625331914627081 26.763956874485125
0.6254366910444423 26.770591206358475
0.6255414709005132 26.77680625140119
0.6256462542121467 26.782933570979885
0.6257510409804884 26.78878141919042
0.6258558312086947 26.79411587485957
0.625960624882965 26.799175755986706
0.6260653921719713 26.80427640591843
0.6261701628926004 26.80905468795272
0.6262749370546307 26.81301306897188
0.62637971467578 26.816127592834164
0.6264844957590162 26.81880527738224
0.6265892803459068 26.821696391404878
0.6266940684182553 26.824637223069868
0.6267988599691636 26.827617296273008
0.6269036549291479 26.830387362558064
0.6270084234777811 26.832642653760427
0.6271131954907607 26.834763366014343
0.6272179709804709 26.836864141704027
0.6273227499613914 26.839214225719687
0.6274275324493813 26.841688778273735
0.6275323184280358 26.84319709861702
0.627637107854414 26.843979513749737
0.6277419006975011 26.844917390353146
0.6278466969530315 26.846162877955834
0.6279514667793052 26.84701019841853
0.6280562400519643 26.847610820922448
0.6281610167831682 26.848570097785625
0.6282657969800873 26.849569136393235
0.6283705806468468 26.850152070130534
0.6284753677838002 26.850742591744755
0.6285801583923475 26.851575350726232
0.6286849524740179 26.852217445783786
0.6287897201650174 26.852779457338873
0.6288944913235076 26.853671341227816
0.6289992659385369 26.854552378014617
0.6291040440039579 26.855487305462646
0.6292088255249365 26.856633165106942
0.6293136105095551 26.857626738516075
0.6294183989618184 26.8585881036569
0.6295231908829141 26.85971474516169
0.6296279862728609 26.860939046263848
0.6297327552550268 26.861856295029057
0.6298375276977536 26.862582851780978
0.6299423035990706 26.863214557189224
0.6300470829625628 26.86402245361824
0.6301518657927884 26.865045166741012
0.630256652091839 26.866116560634186
0.6303614418602571 26.867065620334976
0.6304662350982285 26.867848967289284
0.630571031802575 26.867531189720754
0.6306758020871299 26.86579502175148
0.6307805758329581 26.8635794025747
0.6308853530423071 26.86071675892574
0.6309901337187842 26.856046913003027
0.6310949178642768 26.850276303813658
0.6311997054792804 26.843764138462305
0.6313044965638903 26.835629636630905
0.6314092911171054 26.826397032235644
0.6315140592459317 26.815823413931213
0.6316188308399293 26.803967005609888
0.6317236059011405 26.791360138582043
0.6318283844317415 26.776858179223026
0.6319331664330318 26.762169674717242
0.632037951905137 26.748008593549166
0.6321427408494661 26.73460204990733
0.6322475333095459 26.722321694166332
0.6323523026049455 26.711531764068248
0.6324570797742692 26.702682070061115
0.6325618564016985 26.696384870071924
0.63266663323029 26.691980556152252
0.632771413275367 26.689550971632002
0.6328761966880009 26.68927594725662
0.6329809835397311 26.69243863244261
0.633085773874835 26.69835567580494
0.6331905677268133 26.70482315454271
0.6332953352390268 26.71198436060513
0.6334001064881996 26.718383805094447
0.6335048813715927 26.72490489912522
0.6336096594703532 26.73099674457289
0.6337144409579786 26.737897263961372
0.6338192258165767 26.745278490568953
0.6339240140845173 26.753084974166633
0.6340288057921765 26.760143201654856
0.6341336009555694 26.766376928115356
0.6342383696760034 26.772502004815337
0.63434314187775 26.778579582472915
0.6344479175515164 26.78413727189418
0.6345526967130507 26.78924891949992
0.6346574793350954 26.794298986627005
0.6347622654237361 26.799269357831253
0.6348670549716925 26.803713138625042
0.6349718479922873 26.80708223048031
0.6350766444969547 26.809874174313777
0.6351814145807585 26.81266509477651
0.6352861881795718 26.815576098621367
0.6353909652952386 26.81863326564404
0.6354957458518106 26.821474523297404
0.6356005298565109 26.823989453373986
0.6357053173387911 26.826110494281814
0.635810108315869 26.82819329486805
0.6359149027973596 26.830419330348754
0.6360196708670439 26.83294337737405
0.6361244424583042 26.834907123507314
0.6362292175356259 26.835932966922
0.6363339960585996 26.836719432064655
0.6364387780159504 26.83791598134014
0.6365435634164422 26.83898330325441
0.6366483522801338 26.839607634585885
0.6367531446219235 26.840409275553906
0.6368579404503384 26.84149865736967
0.6369627098274309 26.842258256310593
0.6370674826949757 26.84276987286802
0.6371722590540903 26.843528143604384
0.6372770389064343 26.84429521339289
0.6373818222544702 26.844818010341825
0.6374866090952271 26.84558060812349
0.6375913994190515 26.846525275745456
0.6376961932169194 26.847391253824856
0.6378009605401995 26.848506629315644
0.6379057313457945 26.849580753047462
0.6380105056393419 26.85052698276317
0.6381152834226227 26.85158109088269
0.6382200646954869 26.852794169547586
0.638324849456968 26.853880459410497
0.638429637703134 26.85467084932626
0.638534429430882 26.855317502265766
0.6386392246425647 26.856048730082648
0.6387439933830696 26.856993525721258
0.6388487656131093 26.85809447265811
0.6389535413330852 26.859103485848365
0.6390583205427196 26.859978883275858
0.6391631032409767 26.860261509059633
0.6392678894250624 26.859077433669295
0.6393726790940573 26.856958472807676
0.6394774722494548 26.8545193499111
0.6395822688947179 26.850644387601598
0.6396870390631253 26.845151376483493
0.6397918127223867 26.83906962594765
0.6398965898724555 26.83161595764958
0.6400013705126975 26.822761475963638
0.6401061546414205 26.812836689235553
0.6402109422585129 26.801397266214188
0.640315733365668 26.78919425479667
0.6404205279649168 26.775477120384377
0.640525296081089 26.76063084279454
0.6406300676900636 26.746253858984836
0.640734842790726 26.732475009070384
0.6408396213827947 26.71966778134794
0.6409444046139351 26.708308881028074
0.6410491967913605 26.698537695719473
0.6411539918536364 26.691177456665482
0.6412587855114384 26.686133424320687
0.6413635818932124 26.682795371372354
0.6414683516212244 26.681668539044495
0.6415731247824875 26.683248090931976
0.6416779014534955 26.68839110988383
0.6417826816552751 26.69468060751349
0.64188746541531 26.701752489484566
0.6419922528471416 26.70837722288255
0.6420970441308228 26.714824346311246
0.6422018386227706 26.721053560699325
0.6423066065366977 26.72759718333387
0.6424113778438958 26.734805509703754
0.6425161525703968 26.742565165383567
0.642620930754273 26.749977692226658
0.642725712410214 26.756456316119298
0.6428304975559074 26.762673361786764
0.6429352862056498 26.76881918366162
0.6430400783571165 26.774579314505747
0.6431448740195279 26.779821889216578
0.6432496431587932 26.784858851401474
0.643354415798975 26.789958776555082
0.6434591919160488 26.794687156183333
0.6435639715209911 26.798434362533037
0.6436687546300869 26.80147381154145
0.6437735412463503 26.804172360225486
0.6438783314078602 26.8070971851999
0.6439831250996941 26.810095568498088
0.6440879222956226 26.813050534399935
0.644192692936953 26.81577537555735
0.6442974670664164 26.81798023922265
0.6444022447066826 26.82009931557061
0.6445070258670755 26.82222771612322
0.6446118105617701 26.824636983646606
0.644716598803381 26.826999612532717
0.6448213905689278 26.8283676907466
0.6449261858165587 26.829114543075193
0.6450309545028049 26.8301471584318
0.6451357266498238 26.831385778499417
0.6452405022770514 26.83217451226385
0.6453452814019224 26.832838838033712
0.6454500640316249 26.833874418866824
0.6455548501723601 26.834826911045877
0.6456596398268173 26.835372552895294
0.6457644329958403 26.836009595468962
0.6458692296818115 26.8368468725604
0.6459739998566435 26.8374383328342
0.6460787735471083 26.83805583956643
0.6461835507445063 26.838989811344202
0.6462883314386688 26.839867588655622
0.6463931156289691 26.840882515102678
0.6464979033240981 26.84203444546365
0.6466026945299189 26.84301465890798
0.6467074892484812 26.84400302321042
0.6468122574426959 26.845164480907002
0.6469170291474362 26.846377731863484
0.6470218043106044 26.847244490963845
0.6471265828594986 26.847954760048992
0.6472313647924437 26.848627225427308
0.6473361501143476 26.849496589679532
0.6474409388294353 26.850570989221364
0.6475457309381554 26.851641563644453
0.6476505264413254 26.852580377875668
0.6477552952920557 26.853268382557303
0.6478600675297097 26.85270009816845
0.6479648431529121 26.85080911981573
0.6480696221631802 26.848558854510514
0.648174404564317 26.845444231123317
0.6482791903586961 26.840478481974117
0.6483839795465378 26.834633358992654
0.6484887721279439 26.827869664591283
0.6485935681024841 26.819483437800603
0.6486983374154247 26.810078072138843
0.6488031101174337 26.799226390833493
0.6489078862093791 26.78725748350476
0.6490126656941108 26.77439008324754
0.6491174485733922 26.759699319755963
0.6492222348474863 26.745110155341422
0.6493270245165024 26.73105900832332
0.6494318175799559 26.717836849552157
0.6495366141671169 26.705843174776497
0.6496413884627795 26.695323129451566
0.6497461692491838 26.68692297201821
0.6498509481816024 26.681062439371864
0.6499557281553364 26.676945455054355
0.6500605112652137 26.674954326809292
0.6501652977294128 26.675201603182316
0.6502700875902034 26.679073758005472
0.6503748808998318 26.685205354405404
0.6504796776700806 26.691850880243486
0.6505844479084489 26.69891308419315
0.6506892219218264 26.70530723657339
0.6507939992456072 26.71176114894174
0.6508987797862436 26.71789558184488
0.6510035636228011 26.724898675292703
0.6511083507779039 26.73242235911917
0.6512131412780056 26.740209451348502
0.6513179351496231 26.7471281677166
0.6514227324116866 26.753344617780808
0.6515275030037199 26.75946687955885
0.6516322770073671 26.765481451166725
0.6517370544196567 26.770940721848085
0.651841835235823 26.776006081977123
0.6519466194474988 26.781083966599333
0.6520514070473855 26.785980315579124
0.652156198033092 26.790253017396484
0.6522609924187236 26.793526087591513
0.652365760126243 26.79627555869927
0.6524705312736667 26.79913364060065
0.652575305856895 26.802066221205813
0.6526800838833795 26.805134592178295
0.6527848652593634 26.80796450892202
0.6528896500146434 26.810391342148684
0.6529944381803644 26.812524302820343
0.6530992297679459 26.814601340482632
0.6532040247868889 26.816875707920108
0.6533087931574669 26.819397917064727
0.6534135649702518 26.82119143110206
0.653518340181518 26.82211156520954
0.6536231187606372 26.822968760101944
0.6537279007010172 26.82422726515479
0.6538326860143941 26.825237387262348
0.6539374747199229 26.825862824432107
0.654042266830894 26.826759990461724
0.6541470623545308 26.827849690040033
0.6542518311886787 26.82854328756143
0.6543566034394243 26.829081184188574
0.6544613791085427 26.82987668006641
0.654566158197011 26.83059074455816
0.6546709407054729 26.831122072646732
0.6547757266282493 26.83195486024311
0.6548805159535441 26.832899609311422
0.6549853086760474 26.833819485651834
0.6550901048021358 26.834985711385045
0.6551948742247168 26.83604133346981
0.6552996470605311 26.836994230988225
0.6554044233099495 26.838085818808146
0.6555092029726404 26.839317997200798
0.6556139860452724 26.840339889489407
0.6557187725227106 26.84111860005607
0.6558235624050458 26.841775299222967
0.6559283556976641 26.842569216227595
0.6560331524040292 26.843577242991362
0.6561379224016277 26.844691567156033
0.6562426958138258 26.845690738285636
0.6563474726402866 26.846559426739937
0.6564522528768489 26.84660303455976
0.6565570365213749 26.845167940341383
0.6566618235748078 26.843024431625462
0.6567666140399255 26.840447133531974
0.6568714079201632 26.836229992996735
0.6569762052161469 26.830594828778608
0.6570809757957597 26.82435628306216
0.6571857497883408 26.81659690319018
0.6572905271924303 26.807587636032714
0.657395308007593 26.797402893251927
0.6575000922352704 26.785775900191748
0.6576048798778898 26.773457421470116
0.6577096709377789 26.7593666845113
0.6578144654139575 26.744588373538495
0.6579192331662165 26.73031788219032
0.6580240043334323 26.716712163694773
0.6581287789193646 26.704119179451844
0.6582335589093206 26.69302193529804
0.6583383476372398 26.683652740124412
0.6584431372451105 26.676772981906858
0.6585479257453711 26.672020713128376
0.658652717206376 26.66909197783218
0.6587575120123996 26.66838381457928
0.6588622801047115 26.670708928386276
0.6589670516628915 26.676304377981566
0.6590718267055306 26.682692187247316
0.6591766052626851 26.689857005105388
0.6592813874964552 26.696350209467695
0.6593861733952756 26.702838546522443
0.6594909624037049 26.70892861710804
0.6595957547468149 26.715652350894587
0.6597005504234681 26.722966118427635
0.6598053193061824 26.730834854153866
0.6599100915805789 26.738146210941636
0.6600148672620467 26.744498258146265
0.660119646368491 26.750680781073832
0.6602244289112053 26.75682792323216
0.6603292148846843 26.762505508120743
0.6604340042970087 26.76766629273586
0.6605387971167233 26.772685230674913
0.6606435933603486 26.777772948667998
0.660748362842049 26.782424603739248
0.660853135736924 26.785997776461542
0.6609579120661554 26.788964621280947
0.6610626918358579 26.791710853008468
0.6611674750788483 26.79465516724955
0.6612722617860094 26.797717150068202
0.6613770518994421 26.800636718756323
0.6614818453985751 26.803299242667613
0.6615866423210627 26.805469335508434
0.6616914125081309 26.80757234170794
0.6617961861420808 26.80974049005837
0.6619009632365919 26.812219266119598
0.6620057438015271 26.814436973335933
0.6621105278075965 26.815658203957856
0.6622153152149198 26.816412434553392
0.6623201060084972 26.81754355246806
0.6624249001939094 26.8187554596832
0.6625296676064215 26.819501531950362
0.6626344384441247 26.820249481063588
0.6627392127152372 26.82134692253517
0.662843990424822 26.82223820418291
0.662948771576031 26.82276056863065
0.6630535561698941 26.823438602480735
0.6631583442069734 26.824257145661857
0.6632631356880662 26.824810903772182
0.6633679306078433 26.82549935264025
0.6634726987624406 26.82646979657503
0.6635774703358529 26.827361210970096
0.6636822453329188 26.82845883345113
0.663787023762773 26.82959916430126
0.6638918056298763 26.8305678421643
0.6639965909353704 26.83159051469125
0.6641013796783709 26.832784948742287
0.6642061718568321 26.83397267616504
0.6643109674660115 26.83480596083976
0.6644157363034044 26.835505872760912
0.6645205085745272 26.83623068890889
0.6646252842815887 26.837160802181266
0.6647300634261769 26.83827565317016
0.6648348460087798 26.839336730563506
0.6649396320301936 26.840262107459555
0.6650444214869942 26.840815117328887
0.6651492143761198 26.839995809477912
0.6652540106981489 26.837994678162104
0.6653587802459026 26.835697705407583
0.6654635532317971 26.832276194365534
0.6655683296562551 26.82705493019796
0.6656731095198082 26.82112980998275
0.6657778928221841 26.814079042981334
0.6658826795627005 26.80547540717297
0.6659874697407032 26.79587244128517
0.6660922633556328 26.78476311864326
0.666197060409746 26.77270506070782
0.6663018306861781 26.759518412370205
0.6664066044238107 26.744723516754142
0.666511381648964 26.73023829201272
0.6666161623684215 26.716309168134526
0.6667209465825052 26.70329105386742
0.6668257347004589 26.691573871013908
0.666930531234488 26.681369093322445
0.6670353022647135 26.673437046174865
0.667140071296968 26.667956304204083
0.6672448426078844 26.664176199017422
0.6673496174512965 26.662630987571635
0.6674543958214161 26.663477663377886
0.6675591777250942 26.66801208744602
0.6676639631749056 26.674281266431354
0.6677687521786543 26.68113486243526
0.6678735448224556 26.68803379663737
0.6679783412769246 26.694434200354568
0.6680831106738134 26.700752866864118
0.6681878835548098 26.707026481742222
0.6682926599026972 26.714141059032805
0.6683974397175704 26.72184089570171
0.6685022230277009 26.729532919762164
0.668607009844101 26.736277950280424
0.6687118001763971 26.74250436557655
0.6688165940327876 26.748651825619262
0.6689213914106948 26.75457187160832
0.6690261620650416 26.759914891948796
0.6691309362262514 26.764953423880627
0.6692357139010381 26.77006956004213
0.6693404950779741 26.77490723972145
0.669445279766002 26.778978771848173
0.6695500679765131 26.78217570860256
0.6696548597135218 26.78492187213157
0.6697596550060367 26.78783641833318
0.6698644235829521 26.7908129111518
0.6699691956966172 26.793864966596583
0.6700739712949559 26.796670803334926
0.6701787504101834 26.799011882201583
0.6702835330551559 26.80115336896312
0.6703883192342346 26.803242686435457
0.6704931089547413 26.8055779280305
0.6705979022283624 26.80808048636604
0.67070269904064 26.809684270134635
0.6708074690981876 26.810527084964612
0.6709122426545757 26.811475997445832
0.6710170197194854 26.812777663204695
0.6711218003044563 26.813728866491335
0.6712265844181964 26.81438749095666
0.6713313720635915 26.815378702149545
0.6714361632415533 26.816441369310663
0.671540957954599 26.817075986803275
0.6716457259331979 26.817645384173936
0.671750497447335 26.81846890988505
0.6718552724983822 26.819128559123442
0.6719600510821466 26.819694022675648
0.6720648331925317 26.820600196186955
0.6721696188301088 26.821533536666735
0.6722744079957297 26.82252773056087
0.6723792006988597 26.82372046529599
0.6724839969427889 26.824752400133562
0.6725887664471475 26.825721917918436
0.6726935394899336 26.826853637332185
0.6727983160696396 26.82810418732724
0.6729030961813719 26.82906596982257
0.6730078798239569 26.829840162649155
0.6731126670015242 26.830524202688153
0.6732174577179418 26.831383603636986
0.67332225198972 26.83245144213663
0.6734270195375037 26.833573784819933
0.6735317906539399 26.834574981829398
0.6736365653537173 26.835432953937453
0.6737413436353763 26.835247860733812
0.6738461254998118 26.833628256137274
0.6739509109492182 26.831482896007316
0.6740556999887832 26.828729633165707
0.6741604926216886 26.824186180711628
0.6742652888479179 26.818470498878224
0.6743700583705062 26.81205811943051
0.67447483148677 26.804043658107766
0.6745796081944112 26.794913797691557
0.674684388493907 26.784480357268322
0.6747891723873212 26.772724830713592
0.6748939598763423 26.760240396656314
0.6749987509617413 26.74586025305393
0.675103545643566 26.731192317746014
0.6752083136150971 26.717050578845374
0.6753130851775233 26.703662537119175
0.6754178603679487 26.691309042055284
0.6755226414876572 26.68047572839599
0.6756274289707042 26.671542352105803
0.6757322159893987 26.665118860040472
0.675837005142941 26.660658379277518
0.6759417981578559 26.658239179196784
0.676046594810107 26.65812764970072
0.6761513647770029 26.661270798647507
0.6762561383925898 26.66724558632974
0.6763609156661035 26.67379886824812
0.6764656966390656 26.68096655376955
0.6765704812910283 26.687367648187838
0.6766752695259146 26.69373726911104
0.6767800613032613 26.699747740099887
0.6768848566236974 26.706699273360357
0.6769896251750797 26.714245743781014
0.6770943972969495 26.722249065505917
0.677199173000052 26.72944198278652
0.6773039522881602 26.73567388444956
0.6774087351726911 26.741812771672926
0.6775135216567744 26.74793955493257
0.6776183117276992 26.753492077730428
0.6777231054119385 26.75854789847729
0.6778279026660061 26.76359318584683
0.6779326731906452 26.76872763925414
0.6780374473026289 26.773299258196573
0.6781422250137766 26.776783949024775
0.6782470063358569 26.779755261358126
0.6783517912746309 26.78263449805825
0.6784565798369887 26.785655528524458
0.6785613720217862 26.78881502058141
0.6786661677737286 26.791713857441717
0.6787709367593726 26.794281209781847
0.6788757093412734 26.796418569994092
0.6789804855268841 26.79848560168422
0.6790852653172752 26.800708377295276
0.6791900487247 26.803243880516465
0.6792948357641394 26.805308131663175
0.67939962639215 26.806413616193442
0.6795044205779853 26.807250205806348
0.6796091879927025 26.808512413226033
0.6797139589914345 26.809724856437363
0.6798187335816488 26.81047804467318
0.6799235117701758 26.81135413897242
0.6800282935572717 26.812512310222072
0.680133078946456 26.81333609857901
0.6802378679388478 26.813851110223244
0.6803426605321135 26.814572683061634
0.6804474567223859 26.815358435885877
0.6805522261451686 26.815909079019068
0.6806569991500625 26.816701071602793
0.680761775734127 26.817721757143296
0.6808665559049751 26.818680511404423
0.6809713396715784 26.819860629876324
0.6810761270375378 26.82100443210866
0.6811809180065154 26.82197075068314
0.681285712577072 26.8230234493413
0.681390480378245 26.824263330243276
0.6814952517745209 26.8254580440533
0.6816000267664722 26.826321387284906
0.6817048053619806 26.82706315919969
0.6818095875577577 26.82786929712629
0.6819143733514905 26.828866817142504
0.6820191627427992 26.830018832234078
0.682123955733404 26.83108370163056
0.6822287523192874 26.832014962438276
0.6823335221198025 26.83240874657547
0.6824382955111583 26.83135004724125
0.6825430724953585 26.829302086323192
0.6826478530719235 26.826944461692257
0.6827526372409817 26.823199663185825
0.6828574250017059 26.81777960618955
0.6829622163544351 26.811752661323936
0.6830670113011733 26.804407567791184
0.6831717794555023 26.79564114790523
0.6832765512016045 26.785840563379068
0.6833813265397997 26.774527266274397
0.6834861054706567 26.762415579924678
0.6835908879943099 26.748871656858086
0.6836956741124333 26.7340668668556
0.6838004638243564 26.71970174373103
0.6839052571299898 26.70593220162514
0.6840100540279214 26.693128206748302
0.6841148249123147 26.68168399084245
0.6842196025432643 26.671854986270002
0.6843243823099563 26.66437850188369
0.6844291629437187 26.65924663689382
0.6845339474207042 26.655880209510507
0.6846387355519902 26.65485695481896
0.6847435272991247 26.656466491929386
0.6848483226732187 26.66162703766764
0.6849530912756152 26.668050070851862
0.6850578635385113 26.675104054637323
0.6851626395385684 26.68175162755388
0.68526741917428 26.688117109252893
0.685372202326386 26.694236897346876
0.685476989033768 26.700764326444535
0.6855817792672748 26.708084951059572
0.6856865730403832 26.71603860524656
0.6857913703992998 26.72358957556542
0.685896140944692 26.73009549446614
0.6860009150887776 26.736288792204483
0.6861056928172252 26.74246581204385
0.6862104741152111 26.748265213642284
0.6863152589826536 26.75346260806668
0.6864200474050502 26.758510087843906
0.6865248393803653 26.76374785853719
0.6866296349050256 26.768603667751655
0.6867344035743158 26.772498636886816
0.6868391758400851 26.77567444522734
0.6869439517091755 26.778530954349016
0.68704873119599 26.78154067173518
0.6871535142953938 26.784620333646252
0.6872583009911604 26.787627504200195
0.6873630912582659 26.79031885916936
0.6874678850610492 26.79253668459939
0.687572682409403 26.794631208079057
0.6876774528974129 26.796773945659417
0.6877822269692947 26.79921833417297
0.6878870046532887 26.801650990424186
0.687991785925046 26.803057792712714
0.6880965707260608 26.803874247142808
0.6882013590181967 26.805001021493876
0.6883061508058527 26.806372489016475
0.6884109461100624 26.80730215373404
0.6885157145146092 26.808080163991082
0.6886204864700508 26.809199895244376
0.6887252619841923 26.81019962997081
0.6888300410660206 26.810743674720115
0.6889348237255776 26.81133870925447
0.6890396099603371 26.812149705790745
0.6891443997560247 26.812750700854835
0.6892491930958041 26.813403264503812
0.6893539899744654 26.814405577396634
0.6894587599508335 26.81537676536388
0.6895635334842481 26.816473827130277
0.6896683105890938 26.817684182770446
0.6897730912711523 26.818676896105227
0.6898778755290503 26.819673013004717
0.689982663360454 26.82085716065704
0.6900874547579265 26.82215106140673
0.6901922497214577 26.823092091680422
0.6902970178021769 26.82388966702392
0.6904017894633825 26.82464408942879
0.690506564710138 26.82557232654532
0.6906113435439603 26.82669302619994
0.6907161259641896 26.82781255240712
0.6908209119691774 26.82880827059882
0.6909257015591347 26.82959095696946
0.6910304947361391 26.82915763369707
0.6911352915065193 26.827368975071124
0.6912400614086058 26.825178892040043
0.6913448349068395 26.822168552157116
0.6914496120002701 26.817297976213055
0.6915543926874985 26.811497904508208
0.6916591769671587 26.8048388006646
0.6917639648415846 26.796564714700356
0.6918687563221025 26.7872715252169
0.6919735514104891 26.77656291939778
0.6920783196283431 26.764700606364308
0.6921830914482278 26.751975805539704
0.6922878668560811 26.73738038181728
0.6923926458387077 26.722808290873424
0.6924974283933573 26.708769926643456
0.6926022145220884 26.69557070170078
0.6927070043250255 26.683493307699244
0.6928118014986806 26.67292814595821
0.692916572835255 26.664431073544687
0.6930213448378403 26.658446906814227
0.693126118821292 26.654269970424544
0.6932308960294673 26.652280715170285
0.6933356767279958 26.65265741729899
0.6934404610076524 26.656523132522196
0.6935452489183178 26.66275984299185
0.693650040498042 26.669454457442697
0.6937548358986306 26.676514034974282
0.6938596049245027 26.682888264529637
0.6939643771549933 26.689205465948753
0.6940691528034927 26.695252814305714
0.694173931885851 26.702315709494336
0.6942787144263395 26.710000603649686
0.694383500469835 26.71797345054657
0.6944882900486519 26.72499830721886
0.6945930831739621 26.731203380975497
0.6946978798665564 26.737344200575016
0.6948026496356999 26.743415405736815
0.6949074229710674 26.748864755420193
0.6950121998852402 26.753893497530967
0.6951169803356799 26.758978377703933
0.6952217643433514 26.76402648912879
0.695326551896087 26.768428471923066
0.6954313430187811 26.77181250404304
0.6955361377433718 26.774727173906946
0.6956409055731834 26.777650677938063
0.6957456770411166 26.7806616404647
0.6958504521532216 26.783801331588084
0.6959552308095108 26.786622147369492
0.696060013000292 26.789096264765604
0.6961647987628957 26.791236229696167
0.6962695881212863 26.793314003165065
0.6963743810827432 26.795616042294448
0.6964791776844291 26.7981693223078
0.6965839474136893 26.800041764980953
0.6966887207283038 26.80103851532541
0.6967934975773507 26.80195772649576
0.69689827795856 26.80330771289193
0.6970030618943052 26.80445489971547
0.697107849407572 26.805213050091904
0.6972126405187514 26.806193656693644
0.6973174352376775 26.807343522855692
0.6974222030420261 26.808081567778345
0.6975269744604983 26.808591141345737
0.6976317494891513 26.809349506596284
0.6977365281250698 26.810065536498485
0.6978413103498481 26.810618179188886
0.6979460961547508 26.811488575893677
0.6980508855461405 26.812507962632502
0.6981556785329672 26.813517303063648
0.698260475122806 26.814730240975432
0.6983652447825358 26.815816104178843
0.6984700180368363 26.816774074875358
0.6985747948804538 26.817879602174454
0.6986795753039908 26.819167912405586
0.6987843592917746 26.82028723055562
0.698889146846588 26.821143013122654
0.698993937976079 26.821886539331956
0.6990987326823573 26.822743806478528
0.6992035004203314 26.82379106928376
0.6993082717311062 26.824941207930976
0.6994130466035835 26.825982068376515
0.6995178250319709 26.826901237390672
0.6996226070177763 26.827079074360583
0.699727392564872 26.825774727658125
0.6998321816757987 26.82369109962469
0.6999369743508793 26.82118823523018
0.7000417705891692 26.81707106863847
0.700146539834571 26.811480567435254
0.7002513126381699 26.80530447056466
0.7003560890006151 26.797655904810373
0.7004608689251928 26.78873761365955
0.7005656524145848 26.77868435378458
0.700670439470235 26.767170845581788
0.7007752300934271 26.75494912681224
0.7008800242851533 26.7410005231201
0.7009848220444979 26.726235186196366
0.7010895928085471 26.71196981822048
0.7011943671419504 26.69836789532599
0.7012991450495303 26.685749286722462
0.7014039288792536 26.674591344807943
0.7015087209815015 26.665154580397193
0.7016135148132495 26.65814520544411
0.7017183081117347 26.65332863263145
0.7018231040307061 26.650358586650928
0.7019278728522885 26.649783603268602
0.7020326452576238 26.652092746952057
0.7021374213027731 26.657724659992194
0.7022422010157033 26.664221524316986
0.7023469845058069 26.67134463401623
0.7024517720671755 26.677839610802582
0.7025565632049315 26.68421483218837
0.7026613576569173 26.690228726358264
0.7027661249621413 26.696955483147494
0.7028708957149682 26.70437745427707
0.7029756699662615 26.71241176653824
0.7030804477672613 26.71983990720032
0.70318522914074 26.72621025479375
0.7032900141021752 26.73239666868567
0.7033948026687356 26.738601885642844
0.7034995948357006 26.74432110345831
0.7036043906099932 26.74942862354064
0.7037091593629149 26.754439663700378
0.703813931706457 26.759658255422284
0.7039187076203105 26.764421601310772
0.7040234871209151 26.768115796369973
0.704128270233628 26.771219630233304
0.7042330569724264 26.77407407436808
0.704337847361793 26.77708137142583
0.7044426414087843 26.78020389519611
0.7045474390623008 26.783157633033397
0.704652209662282 26.785818245998087
0.7047569838336112 26.78800563090002
0.7048617616051033 26.790098167287823
0.7049665429831333 26.792288877293878
0.7050713279796784 26.794784918530667
0.7051761166289371 26.79707889143146
0.7052809088885603 26.798362347315916
0.7053857046954531 26.79918207795624
0.7054904734106014 26.800382001655034
0.7055952456505341 26.80171490755826
0.7057000214343745 26.80259155679198
0.7058048007757368 26.803430591598868
0.7059095836853989 26.8045827470404
0.7060143701716322 26.805514941177822
0.7061191602396231 26.806030736940414
0.7062239538903784 26.806664519904146
0.7063287511204689 26.807463508630825
0.7064335212939857 26.808030767080837
0.706538295009272 26.808742429193146
0.7066430722666115 26.809761088564866
0.7067478530753946 26.81074040322976
0.7068526374472001 26.81187949522751
0.7069574253880734 26.81305300138676
0.7070622168996642 26.814019522583255
0.7071670119557354 26.815051913145552
0.7072717798900289 26.816276774580146
0.7073765513238967 26.817549691114536
0.7074813262577359 26.818446664682092
0.7075861046938828 26.819226090218223
0.7076908866334914 26.820014710127445
0.7077956720768288 26.820983215510104
0.7079004610049542 26.822124869757296
0.7080052532970383 26.823221497627046
0.708110048759839 26.82419402222474
0.7082148166054808 26.824847866619795
0.7083195873441892 26.82416115840783
0.7084243608250537 26.822247385800132
0.7085291369221406 26.820005453222592
0.7086339155199398 26.816684873820567
0.708738696504249 26.81153797024954
0.7088434797684475 26.80565715665141
0.7089482652148966 26.798719090621653
0.7090530527550354 26.790221475636844
0.7091578423088205 26.780738914771867
0.7092626338033916 26.769764966566058
0.7093674271721964 26.757799445842238
0.7094722223546408 26.744757125538296
0.7095770192945613 26.730027408829415
0.7096817872972245 26.7155620936597
0.7097865569588947 26.70165666924005
0.7098913282393569 26.68866944583388
0.7099961014066299 26.676876150889242
0.7101008794028252 26.666628093206178
0.7102056606979209 26.65858493051367
0.7103104429189352 26.653014839462912
0.7104152269519396 26.64921255635976
0.7105200121190807 26.647722151236955
0.710624798364474 26.648659410000512
0.7107295856998863 26.653186154521997
0.7108343741734293 26.65958220296851
0.7109391638568293 26.66644047857606
0.7110439550090387 26.673342245448737
0.7111487478290178 26.67973309280069
0.7112535421129141 26.685980373081765
0.7113583373532584 26.69224071197658
0.7114631333781973 26.69942859547441
0.7115679301329487 26.707270886568786
0.7116727275923127 26.71507939884752
0.7117774951096645 26.721885983523567
0.7118822633372934 26.728120592860574
0.7119870322916547 26.734323490600445
0.712091801984894 26.740324604829425
0.7121965724178712 26.74568646940282
0.7123013435993457 26.750760722862267
0.7124061154938224 26.75596680286228
0.7125108881160965 26.760939918948466
0.7126156614623873 26.765159216998526
0.7127204355765645 26.768487390282573
0.7128252105237254 26.771376924937385
0.7129299861454336 26.774351754001234
0.713034761783242 26.777391802441358
0.7131395374504957 26.780485793086285
0.7132443131269964 26.78326106661347
0.7133490888070447 26.7856461212858
0.713453864504524 26.787795237097093
0.7135586402491896 26.789929906501513
0.7136634160815596 26.792336275410726
0.7137681920646038 26.794926066324305
0.7138729682638227 26.796619503932828
0.7139777447134172 26.797558676557976
0.7140825214331882 26.798603010098233
0.7141872984240778 26.800018486630385
0.7142920756973443 26.801092843792894
0.7143968532700012 26.80186078078376
0.714501631176384 26.802931308357273
0.7146064094583663 26.80405534546853
0.7147111881568391 26.80472554694368
0.7148159673167973 26.805296160406606
0.7149207469846881 26.80612509273267
0.7150255271999902 26.80682284412785
0.7151303079927935 26.807437669918396
0.715235089291492 26.80840949735012
0.7153398705812041 26.809425671905217
0.7154446518189832 26.81048786337341
0.7155494330530326 26.81172167326553
0.7156542143270964 26.812772789033282
0.7157589956854215 26.813771379712453
0.715863777164228 26.814951444063734
0.7159685587951424 26.816290035107457
0.716073340329583 26.81734116107244
0.7161781211887667 26.81820428115446
0.716282901384315 26.81897571112587
0.7163876809512069 26.819903669223827
0.7164924599265312 26.82102453793061
0.7165972383481697 26.822191799162667
0.7167020162551552 26.82323841723239
0.7168067937048733 26.824162660770057
0.716911570742129 26.824105778368555
0.7170163474085337 26.822600185447293
0.7171211237541081 26.820507518675637
0.7172258998246142 26.817835224540353
0.7173306756567414 26.813391647118852
0.7174354512916457 26.8077204589263
0.7175402267723133 26.80138796387675
0.7176450021410087 26.793472629627168
0.717749777438887 26.78441980839681
0.7178545527112097 26.774103161422357
0.7179593280053248 26.762440384823595
0.7180641033699375 26.750066014991773
0.7181688788551428 26.73580606830006
0.7182736545106766 26.721145704379087
0.7183784299437923 26.707000478005448
0.7184832048558557 26.693601174488343
0.7185879793210244 26.68121091201257
0.7186927568898898 26.670303693117418
0.718797539162691 26.66128131112465
0.7189023228663407 26.654723133109364
0.7190071055265453 26.650256938752165
0.7191118868665537 26.647778484056747
0.719216667151122 26.647687824456742
0.7193214457713072 26.65077099932084
0.7194262228238673 26.656768672426644
0.7195309984630723 26.663426278345135
0.7196357729536289 26.670501345632584
0.7197405468265233 26.676915449833217
0.719845320104026 26.683287332490167
0.7199500925751735 26.689365225049887
0.7200548641238875 26.696313491241987
0.7201596346944127 26.703866475226192
0.7202644042812872 26.711843964992788
0.7203691729163094 26.719044149341308
0.7204739406459666 26.725270872389046
0.7205787381836393 26.73147238042756
0.7206835349514529 26.73771443910512
0.7207883310218042 26.743368329745117
0.7208931264814836 26.748499773845175
0.7209979213860563 26.75363532702955
0.7211027158136646 26.75887419690342
0.7212075096009793 26.76353889240104
0.7213123021771626 26.767118324413808
0.7214170936152531 26.770171961498246
0.7215218840213122 26.773058014474568
0.7216266729134323 26.77606233556594
0.7217314599452713 26.779173906678505
0.721836245187148 26.782015795642685
0.7219410286593106 26.784581082698388
0.7220458103964332 26.78675012512435
0.7221505904641226 26.788842323376837
0.7222553689269818 26.791159766551132
0.7223601458702805 26.79377556596034
0.7224649214037464 26.79593954226994
0.7225696956144754 26.797131555320483
0.7226744685496094 26.798043917426817
0.7227792402428286 26.799379668456538
0.7228840107286254 26.800648078344537
0.7229887800640405 26.801460288378156
0.7230935483231933 26.802384209513512
0.7231983462336438 26.80357200648225
0.723303143246536 26.80441743418281
0.7234079394616536 26.804944012744066
0.7235127349828214 26.805698388243897
0.7236175297279436 26.80650974821638
0.723722323052992 26.807106592003045
0.7238271148707389 26.807948816987818
0.7239319045304924 26.808999235082062
0.724036691873652 26.810001086525375
0.724141476965432 26.811185806543868
0.7242462598819849 26.812301433017673
0.7243510406912642 26.81327196079544
0.7244558194667303 26.814386118814802
0.7245605962762852 26.815685776591263
0.7246653711860338 26.816891763101747
0.7247701442673157 26.81778415869056
0.7248749155942584 26.818559893079378
0.7249796852436428 26.81941438043115
0.7250844532982385 26.820464051749994
0.7251892504768211 26.821649301362203
0.7252940462324182 26.822739446224737
0.725398840653205 26.82370711002421
0.7255036338317952 26.82421951417015
0.7256084258673641 26.823307263564732
0.7257132168651023 26.821330446934013
0.7258180068244898 26.819023871102424
0.7259227950240703 26.81537425115685
0.7260275807936943 26.810028159772326
0.726132363787363 26.804077486208172
0.7262371440758016 26.796856649178928
0.7263419217241271 26.788170198460904
0.7264466968055859 26.778463748161933
0.7265514693950714 26.767250353731267
0.7266562395688453 26.75520612587657
0.7267610074068441 26.741805412385464
0.726865803618646 26.7270265632118
0.726970597663276 26.712647238710986
0.7270753896272119 26.698858411351857
0.7271801796031394 26.686028883065227
0.7272849683654129 26.674460791719913
0.7273897594645256 26.66455679333557
0.7274945534761291 26.656964824441047
0.727599348042023 26.65176889707843
0.7277041412032829 26.648408438737622
0.7278089325020645 26.647403364610646
0.7279137220542177 26.649064556003133
0.728018509898139 26.6541693301945
0.7281232954046496 26.66072845181981
0.7282280780701271 26.66768816962211
0.7283328577908337 26.67426991156463
0.7284376349389148 26.6806144464418
0.7285424094054462 26.68680515792194
0.728647180911163 26.69338878870348
0.7287519493592298 26.700726941810117
0.7288567453585054 26.708638292596838
0.7289615383442088 26.716080823127363
0.7290663283975005 26.722545741098543
0.7291711156168708 26.728766868439706
0.7292759001181331 26.73505188560756
0.7293806820271661 26.740961385643978
0.7294854614809044 26.746261287558564
0.7295902386339518 26.751405026533906
0.7296950136246206 26.756747798694356
0.7297997865921206 26.761664677398507
0.7299045576585097 26.76567213296031
0.7300093256013689 26.768928068439948
0.7301141200905413 26.771804299147824
0.7302189106391834 26.774773833485497
0.7303236973907181 26.77780763060384
0.7304284804733797 26.780747286304262
0.7305332599589105 26.783407183065627
0.7306380359205367 26.785663387912336
0.7307428084550097 26.78777225412387
0.7308475776844061 26.789976118292152
0.7309523743454851 26.79249007623712
0.7310571680058126 26.79503801584866
0.731161958853583 26.796543955388394
0.7312667470403 26.797454541378926
0.7313715326810312 26.798649779589603
0.7314763159052844 26.80006537686499
0.731581096857536 26.801011525126356
0.7316858749310451 26.801799362368165
0.7317906485080863 26.802921263380487
0.7318954176320487 26.80392671599723
0.7320002130089771 26.804501378838715
0.7321050041749522 26.80515404971574
0.7322097912563773 26.806025991780988
0.7323145743729202 26.80669179091665
0.7324193536457858 26.80739946711966
0.732524129194662 26.8084337887519
0.7326289011685319 26.809419907871415
0.7327336697199471 26.810513651625417
0.7328384655855762 26.811672868490053
0.7329432583578097 26.81264052797674
0.7330480482152659 26.813680868897123
0.7331528353384705 26.814918065168968
0.7332576196511077 26.816224774462405
0.733362399292374 26.817172569224336
0.7334671739464036 26.817983257151578
0.7335719437244494 26.8187723599916
0.7336767393165681 26.819749243939462
0.7337815302765129 26.82090346946417
0.7338863167376044 26.822038244888315
0.7339910988569242 26.823045677526274
0.7340958767918044 26.823892323204447
0.7342006506961009 26.823589939758833
0.7343054207393154 26.82190340429475
0.7344102176638769 26.81975729433806
0.7345150110879946 26.816826560542047
0.734619801206213 26.81205321454196
0.7347245882201531 26.806311798871626
0.7348293708493328 26.799758190552453
0.7349341478632776 26.791566913579942
0.7350389193832811 26.78232875211494
0.7351437160899421 26.77170561018073
0.7352485075757246 26.75989566743678
0.7353532940023356 26.747266512461955
0.7354580755242306 26.732742584168687
0.7355628523114169 26.718149540819375
0.7356676245450865 26.704083824744647
0.7357723924070415 26.690843330791658
0.7358771867339553 26.67864698475411
0.7359819794877231 26.667930985605594
0.7360867743865911 26.6593501895284
0.7361915704927787 26.653205667276254
0.7362963641201355 26.649174241905854
0.7364011537729999 26.64722889379468
0.7365059371242987 26.647737203907518
0.7366107139255891 26.65164243763191
0.7367154844051448 26.65792846326341
0.7368202793434921 26.664728121424073
0.7369250687503356 26.671372083104913
0.7370298533593119 26.677619443234754
0.7371346334420222 26.683846540383115
0.7372394089847183 26.690281841781328
0.7373441797931672 26.697569451478017
0.73744897632336 26.70528633889346
0.7375537682117949 26.712852905431347
0.7376585556821125 26.719560414211728
0.7377633380679286 26.725563337510017
0.7378681133367554 26.73174091269378
0.7379728815505016 26.737947798657608
0.7380776734033125 26.743543774156223
0.7381824585695616 26.748750429615807
0.7382872372341431 26.75406797553259
0.7383920096054788 26.759320931201838
0.738496806407335 26.76383211011708
0.7386015973713984 26.767334881741014
0.7387063827854207 26.770340685577985
0.7388111629669283 26.773239134820052
0.7389159382234902 26.776212858907403
0.7390207068131702 26.779180639466524
0.7391254980767082 26.781843004986143
0.7392302816293436 26.78418475642294
0.7393350576332985 26.786252955441505
0.7394398263021961 26.78834578506035
0.7395446183675771 26.790775965678606
0.7396494036155583 26.79344709153642
0.7397541823471729 26.795340336077913
0.7398589548659563 26.796421140956685
0.739963751937862 26.79753009078398
0.7400685432922571 26.798982075971264
0.7401733267622346 26.800099498017342
0.7402781013926253 26.800841791716014
0.7403828978616498 26.80184152042645
0.740487685931823 26.802931043799987
0.740592465875949 26.8035867489875
0.7406972379883823 26.804147124580446
0.7408020330363354 26.805004822764595
0.7409068208707272 26.80576499950171
0.7410116018307233 26.806422539433377
0.7411163762785438 26.80739473110485
0.7412211443515954 26.808400834182205
0.7413259339654406 26.809401833636855
0.7414307140930657 26.810541144623024
0.7415354849991949 26.811511347543174
0.7416402774157708 26.812456478245824
0.7417450612040108 26.813612784418837
0.741849836699307 26.814919840338664
0.7419546042652743 26.815954907264395
0.7420593947322416 26.816791740199584
0.7421641780935548 26.81752888534122
0.7422689548179388 26.818415813509322
0.7423737254077353 26.81950440312152
0.7424785196144517 26.82065963793475
0.742583306206043 26.821695761550593
0.7426880856641124 26.822626284797558
0.7427928585131329 26.822903498359477
0.7428976557423002 26.82171189365213
0.7430024475412732 26.81966321940616
0.7431072345700831 26.817206746840142
0.7432120175373724 26.813196359982427
0.7433167971971877 26.80768963840262
0.7434215743563773 26.801613784030508
0.7435263498752794 26.794073323537837
0.7436311246724593 26.785194710605133
0.7437358997176639 26.77520166853532
0.743840676035744 26.763738937195036
0.7439454547053593 26.75155955697113
0.74405023685669 26.737720615294673
0.7441550236712614 26.722932399719653
0.744259816375186 26.708609795452315
0.7443645858183086 26.69493984285517
0.7444693637258594 26.682217955977425
0.7445741565850407 26.670688951682795
0.7446789317023248 26.661068138992952
0.7447837105989975 26.65388877139515
0.7448884921851971 26.64912710699
0.7449932761139278 26.646574033497597
0.7450980637237623 26.646220601789395
0.7452028565868277 26.649036696762114
0.7453076256958446 26.65484212527106
0.7454124028379159 26.661697708950165
0.7455171893567285 26.66813835155844
0.7456219844329649 26.67367562851806
0.7457267565577927 26.67953800082235
0.7458315368580465 26.685830332735684
0.7459363260413084 26.693552740351514
0.7460410943467546 26.701603107770367
0.7461458731823261 26.709437649680773
0.7462506638293867 26.715846604121452
0.746355437081012 26.721572714176467
0.7464602245846049 26.727385895683284
0.7465649973655222 26.733638533852623
0.7466697869704026 26.73937163567659
0.7467745637947018 26.744352459258568
0.7468793591078692 26.749516542705422
0.7469841431246061 26.755275335881628
0.7470889164118021 26.76032482358241
0.7471937099778625 26.764179970894013
0.7472984937059077 26.76747675515542
0.7474032679654167 26.77070065144332
0.7475080632125505 26.773905127473945
0.7476128488503029 26.77717179435567
0.7477176241365807 26.780095929365697
0.7478224200195651 26.782322148741848
0.7479272057954457 26.784282885601606
0.7480319810939898 26.786185581747084
0.7481367760133171 26.788475920431623
0.7482415594441838 26.791087197943494
0.7483463307570329 26.793221590442833
0.7484511199906015 26.794456585461766
0.7485558955231274 26.795544591628083
0.7486606871038524 26.796891058713236
0.7487654635861298 26.79812911345217
0.7488702547768397 26.79894252851677
0.7489750292802434 26.799870847989773
0.7490798168826888 26.800939562903277
0.7491845861693539 26.801716345857514
0.7492893669454659 26.80227110775668
0.7493941584223236 26.80305891854855
0.749498929222797 26.803911943398617
0.7496037092408686 26.804634268565398
0.7497084977916125 26.805567696996825
0.7498132942189881 26.806673123638422
0.7499180672686205 26.807705539036107
0.7500228469678897 26.808871788217722
0.7501276327519459 26.81004509447391
0.7502324240301963 26.81103648837619
0.7503372191858586 26.81199039226332
0.7504419867823474 26.81316444463384
0.7505467571330481 26.81442174805774
0.7506515299473572 26.815412294885633
0.7507563049602608 26.816243639959918
0.7508610819305878 26.81701756331681
0.750965860639142 26.81795434914553
0.7510706408870388 26.819083529202373
0.7511754224949388 26.820216506496195
0.7512802053015907 26.821217220945215
0.7513849891625121 26.821901628041147
0.7514897739479495 26.821255491968294
0.7515945595417262 26.81937208052257
0.751699345839882 26.817194341988504
0.7518041327496652 26.814030006645254
0.7519089201884507 26.809011188297447
0.7520137080834244 26.80320725337623
0.7521184963704871 26.79640008715569
0.7522232849930683 26.788020750026227
0.7523280739015635 26.778643228416634
0.7524328630522406 26.767753174212885
0.7525376524066282 26.75581036813051
0.7526424419314068 26.742848907397253
0.752747231598034 26.728154283334113
0.7528520213821993 26.713689351716724
0.752956811262957 26.69977823704949
0.7530616012224011 26.686723656710388
0.7531663915497032 26.674659783839317
0.7532711841933392 26.664124834766746
0.7533759798403836 26.655919486337908
0.7534807770175125 26.650226149967327
0.7535855737887491 26.646840598301395
0.753690369480051 26.6456447263132
0.7537951648800819 26.64711769442357
0.7538999600468217 26.651976822752296
0.7540047551344156 26.658645270370023
0.7541095502753865 26.66554956692447
0.7542143457817263 26.671070560297153
0.754319141808433 26.676666072695447
0.7544239383851282 26.682675922695328
0.7545287354671243 26.689965728014286
0.7546335329701332 26.698075971562137
0.7547383307349144 26.706241110458194
0.7548431286064529 26.713107003960378
0.7549479264814639 26.718956340934206
0.7550527242745683 26.72462391004204
0.7551575219071932 26.73092922339552
0.7552623194261099 26.73689253548843
0.7553671168876259 26.74214184922847
0.7554719143287627 26.74716373980244
0.7555767117689757 26.75271012930368
0.7556815092330259 26.758296391831543
0.7557863067343662 26.762641172222306
0.7558911042892926 26.7660584957978
0.755995901920733 26.769429081547074
0.7561006997012222 26.77257709559368
0.7562054669819767 26.77589359677434
0.7563102343712381 26.779073828366116
0.7564150016999281 26.78144357655269
0.7565197996166905 26.7835274778303
0.756624597487973 26.78541448687861
0.7567293953248246 26.78746095681272
0.7568341931373899 26.790008733955453
0.7569389909317136 26.792489954044292
0.7570437887149195 26.79394013202695
0.7571485865279349 26.794974722397214
0.7572533842925266 26.79623531051213
0.7573581819805487 26.79759893192577
0.7574629795920668 26.798558633668584
0.7575677771330539 26.79940486792671
0.7576725746102858 26.800479745459874
0.7577773720277036 26.801420174366196
0.7578821693849196 26.80202927197105
0.7579869666746992 26.802718404450253
0.7580917638828427 26.803588941653057
0.7581965609972466 26.804337713182193
0.7583013580115081 26.805158332092724
0.75840615492381 26.806239382788103
0.7585109517344006 26.807298516839847
0.7586157484433282 26.808386724549102
0.7587205450493373 26.80961719520966
0.7588253415490601 26.810672487581034
0.7589301379364687 26.811622656515006
0.7590349342047744 26.81268359645496
0.7591397303497204 26.813945829479977
0.7592445263695539 26.815096955414695
0.759349322263116 26.815999382623946
0.7594541180291355 26.816766768022397
0.7595589136659238 26.81760410393695
0.7596637091717352 26.818646944988004
0.7597685045444791 26.819805197209874
0.7598732997830878 26.820878127797698
0.7599780948876363 26.821805806549612
0.7600828898583216 26.821732822820255
0.7601876846955403 26.820205147810306
0.7602924793998587 26.81812391467472
0.7603972739717471 26.81555398740593
0.7605020684117907 26.81123685741528
0.7606068627214139 26.805613054520535
0.7607116569026022 26.799340776646236
0.7608164509576533 26.791525183302795
0.760921244889054 26.782570784438736
0.7610260386993194 26.772345429095758
0.7611308323909248 26.76069908159426
0.7612356259665792 26.74832791427886
0.7613404194294114 26.73410040733245
0.7614452127832071 26.719439546831005
0.7615500060318507 26.705316236115138
0.7616547991794278 26.691896619599234
0.7617595922564332 26.679412328418252
0.761864386641797 26.668171940619445
0.7619691839058214 26.65899061631972
0.7620739527196149 26.652297863226572
0.7621787218334931 26.647998209046776
0.762283489185336 26.64592844765398
0.7623882870829903 26.646140529766882
0.7624930847346543 26.649720731954716
0.7625978821849893 26.655930771615978
0.762702679543677 26.66282616125877
0.7628074770789331 26.66895318345022
0.7629122443793815 26.674425583583997
0.7630170121680858 26.68033331644081
0.7631217804225755 26.686914829465984
0.7632265490856263 26.69488776330141
0.763331318019811 26.703033174673983
0.763436087049765 26.710577033685496
0.7635408560525238 26.716746314708082
0.7636456249381831 26.722394263169754
0.763750393647053 26.728350248658913
0.763855162233423 26.73452137301232
0.7639599307505174 26.74019532881846
0.7640646992333842 26.7451959879912
0.7641694677068221 26.750483798057992
0.7642742361897986 26.756313397668762
0.7643790046992534 26.761156166224406
0.7644837732515009 26.764861209885417
0.7645885418619781 26.76821945173678
0.7646933105930719 26.771404375139543
0.7647980794759272 26.77465434137072
0.7649028484670422 26.777890285571555
0.7650076174428974 26.780564523080443
0.7651123863681007 26.782698939497706
0.765217155246294 26.784590291274682
0.7653219240881798 26.786532846645983
0.7654266929049923 26.78893579996943
0.7655314617046514 26.791543724932573
0.7656362304895393 26.79341373616367
0.7657409993016693 26.79452713930597
0.7658457681007801 26.79568771516449
0.7659505368324098 26.797108505920296
0.766055305489352 26.798248816933892
0.7661600740753101 26.799080514578755
0.7662648425977215 26.80011559295525
0.766369611062016 26.801209842029067
0.7664743794710143 26.801902060411404
0.7665791478211891 26.802479393417865
0.7666839161010495 26.8033269250055
0.7667886842968616 26.804118316260176
0.7668934523998525 26.80485097086617
0.7669982204066477 26.8058534585009
0.767102988316957 26.806953284702526
0.7672077561312315 26.80797725463616
0.7673125238489759 26.80919167713682
0.7674172914676499 26.810310044078236
0.7675220589817501 26.811261595481476
0.7676268263843912 26.812223027855936
0.7677315936701807 26.813429195440243
0.7678363914796303 26.81467420296454
0.7679411891689872 26.81562557882192
0.7680459867367989 26.816422685230137
0.7681507841812214 26.81719590898119
0.7682555815006799 26.818149360344556
0.7683603786927307 26.819296863947006
0.7684651757558661 26.820428265017746
0.7685699726899389 26.821423246002322
0.7686747694950251 26.821926480021208
0.7687795661716127 26.82099256983753
0.7688843627203221 26.81900981869537
0.7689891591412349 26.816784138790872
0.7690939554344925 26.813288138545055
0.7691987516010269 26.808026074943818
0.7693035476423715 26.802115225586725
0.7694083435603987 26.794993555131732
0.7695131393570385 26.786425172692812
0.7696179350344502 26.776835502075233
0.7697227305945393 26.765679099136587
0.7698275260392282 26.753623854203294
0.7699323213709173 26.740276910293456
0.7700371165925433 26.72551017077568
0.7701419117070092 26.71115786427376
0.7702467067175609 26.69738439423932
0.7703515016277103 26.68450790643547
0.7704562969653168 26.67268870218764
0.7705610947156228 26.66255136176288
0.7706658645673784 26.654822089206984
0.7707706355054156 26.64957794283504
0.7708754055952871 26.646589484746876
0.7709801749938535 26.645752173104505
0.771084943967267 26.647837305885908
0.7711897126759484 26.65318348531236
0.7712944812477758 26.659947653577373
0.7713992498391891 26.666670079355494
0.7715040187595559 26.67218361928567
0.7716087881381127 26.677960411439393
0.7717135579839886 26.684101323227722
0.7718183282484731 26.691631006390516
0.7719230988284019 26.69967703786771
0.7720278695439684 26.7076810362677
0.7721326402391805 26.71432113749028
0.7722374108067818 26.72013349212238
0.7723421811947694 26.72581966554592
0.7724469514607375 26.732095326673914
0.7725517216534477 26.737970102601768
0.7726564918071581 26.743169816996062
0.7727612619497817 26.748359615732053
0.7728660320943521 26.754057882587
0.7729708022609842 26.7594079621862
0.7730755724640601 26.7635377392532
0.7731803427189341 26.766889575797133
0.7732851130558196 26.7702167035544
0.7733898835420716 26.773363382944282
0.7734946541358183 26.776600678807334
0.7735994247668548 26.779569430940434
0.7737041953568612 26.781790887920604
0.7738089659036133 26.783811423169418
0.7739137364144584 26.785701493490173
0.7740185069002578 26.787857780427256
0.7741232773703298 26.790463727485594
0.7742280478276758 26.792802651483804
0.7743328182943041 26.794111080625253
0.774437588765077 26.795153388055812
0.7745423591875419 26.79653264030452
0.7746471295424666 26.79789045298535
0.77475189982647 26.798807679126057
0.7748566700460943 26.79974397537923
0.7749614402077949 26.80089866931378
0.7750662103160673 26.80174298931896
0.7751709803707497 26.802287671302786
0.7752757503631423 26.803038514601724
0.7753805202800399 26.803890824606743
0.7754852901107632 26.804593527926396
0.7755900598499222 26.805471970071533
0.7756948294961836 26.80658900718866
0.7757995990502016 26.80760741439272
0.7759043685121002 26.808743431755033
0.7760091378806937 26.80993625716289
0.7761139071517125 26.81091423288227
0.7762186763187682 26.811823211114735
0.7763234453756227 26.812945747095966
0.7764282143189837 26.81422057915327
0.7765329831475186 26.81526672714881
0.7766377518599328 26.81611669143111
0.7767425204544381 26.816859082877684
0.776847288928936 26.817731423609537
0.7769520572811915 26.81882475745567
0.777056825509276 26.819991958537088
0.777161593612448 26.82104731250189
0.7772663615905185 26.82190016652602
0.7773711294434398 26.821585186968743
0.7774758971714785 26.819890851112156
0.7775806647747305 26.81779599584159
0.7776854322531609 26.81501667168261
0.7777901996072337 26.810380070216755
0.777894997480844 26.80467844583422
0.777999795232964 26.79820842050854
0.7781045928653895 26.790153566208765
0.7782093903802103 26.7810499674809
0.7783141877792964 26.770539222245475
0.7784189850644947 26.758752563829624
0.7785237822379648 26.746170905233726
0.7786285793024559 26.731703813269668
0.7787333762610014 26.717133871578923
0.7788381731167148 26.70309332464528
0.7789429698729042 26.68981766895924
0.7790477666203184 26.677507449378616
0.7791525343126902 26.666555609703874
0.7792573048730234 26.657799874535318
0.779362077321467 26.65153586593761
0.7794668497913808 26.647606622580685
0.7795716213315408 26.645854607816503
0.7796763923113104 26.64652482643917
0.7797811629623649 26.65063370630723
0.7798859334360003 26.657059360287136
0.7799907038335547 26.66396479889484
0.780095474443822 26.66991832416381
0.7802002454663673 26.675558530277762
0.7803050169606305 26.681573199141965
0.7804097888813222 26.688408213630186
0.7805145611548906 26.696337166357214
0.7806193336192195 26.704436483589028
0.7807241060894958 26.711744710094848
0.7808288784352553 26.71784699075352
0.7809336505999128 26.72344921747993
0.7810384226402384 26.729478449142615
0.7811431946029684 26.735544794547394
0.7812479665228824 26.741148239976773
0.7813527384241047 26.746272613440425
0.7814575103212924 26.751696007829977
0.7815622822329512 26.757426926660298
0.7816670541723467 26.76203354867317
0.7817718261539905 26.765597999912956
0.7818765981923166 26.76897396231764
0.7819813703469074 26.772091397883077
0.7820861426222924 26.775299896645393
0.7821909149515793 26.77840226068824
0.7822956872605339 26.780862176550823
0.7824004595293047 26.783001550850802
0.7825052317574998 26.784887357973137
0.7826100039550649 26.786864743550197
0.782714776132402 26.789387221919434
0.7828195482958016 26.79198533047392
0.7829243204544694 26.793630892994045
0.7830290926216084 26.79469695762425
0.7831338647580007 26.795964928144024
0.7832386368339593 26.797432198907142
0.7833434088402693 26.798513827708597
0.7834481807801621 26.799375346012205
0.7835529526622849 26.80048761241997
0.7836577244940658 26.80152494306746
0.7837624962805833 26.802134051965798
0.7838672680183922 26.8027644484874
0.7839720396936918 26.80362209792022
0.7840768112914827 26.804365901624575
0.7841815828018587 26.805128208546677
0.784286354220591 26.806191421356772
0.7843911255472157 26.807250635359246
0.7844958967824865 26.808289183172207
0.7846006679264897 26.809521636804106
0.7847054389767234 26.810559244913403
0.78481020992726 26.811461974759066
0.784914980771027 26.812487125218595
0.7850197515030282 26.81374324382639
0.7851245221212613 26.81490869806964
0.7852292926243919 26.81581231994053
0.7853340630107657 26.81656852901962
0.7854388332787963 26.817364088937083
0.7855436034261767 26.818373205269143
0.7856483734501074 26.819549440484582
0.785753143348982 26.82066313059262
0.7858579131224075 26.821630641532686
0.7859626827701072 26.821932650361838
0.7860674522920607 26.82076315859986
0.7861722216883926 26.818746201363567
0.7862769909588782 26.816420415681257
0.7863817601033493 26.812588440584896
0.7864865291224129 26.807148596816177
0.7865912980171365 26.8011270133374
0.7866960667890123 26.793730208482128
0.7868008354395953 26.78500954914673
0.7869056039704957 26.77518065521609
0.787010372383213 26.763807097415587
0.7871151406793231 26.75166979196061
0.7872199088609668 26.737961306995288
0.7873246769308232 26.723210463317056
0.787429444891713 26.708942891985792
0.7875342127466464 26.695292838324278
0.7876389804986852 26.682555283819223
0.7877437489012341 26.670965591143073
0.7878485198476108 26.661208027363436
0.7879532933311757 26.65389459929959
0.7880580675960849 26.64901997593691
0.7881628411355851 26.646354110071393
0.7882676139564166 26.645867644690323
0.7883723863620407 26.648512333162856
0.7884771585289299 26.65422643795812
0.7885819305636329 26.661061304790017
0.7886867026498765 26.66758534400862
0.7887914750794578 26.67318238746578
0.7888962479604682 26.679097615629473
0.789001021275849 26.685386057486703
0.7891057949664149 26.693040129041243
0.7892105689031637 26.701043129341937
0.7893153428916434 26.708906006738445
0.7894201167720207 26.71537379962784
0.7895248904722245 26.721114308450375
0.7896296640454644 26.726861353087685
0.7897344375385889 26.733126433098395
0.789839210987637 26.738992139868266
0.7899439844158338 26.744181685555695
0.7900487578416626 26.749443844563178
0.7901535312791973 26.75521999666121
0.7902583047445001 26.760344667510658
0.7903630782497792 26.764300732361022
0.7904678518074001 26.767630484538447
0.7905726254489193 26.770856289156885
0.7906773992233354 26.773978863645183
0.7907821730726871 26.777131308885643
0.7908869469340156 26.77991484544261
0.7909917207706568 26.782114550592784
0.7910964945733762 26.784113408749267
0.7912012683487203 26.78601273212966
0.7913060421092437 26.78829784191388
0.7914108158674746 26.790903278058686
0.791515589628096 26.793066865041332
0.7916203634022594 26.794311321546143
0.7917251371657718 26.79542305517686
0.7918299108824486 26.79686757223587
0.7919346845357577 26.798161254754824
0.792039458123909 26.799065417163927
0.7921442316535003 26.80007451888779
0.7922490051322042 26.801214636242452
0.7923537785664584 26.801978712514703
0.7924585519572654 26.802525933979478
0.7925633252943571 26.803311794601278
0.7926680985624949 26.80413159492302
0.7927728717496936 26.80483594873978
0.7928776448496191 26.805776414083827
0.7929824178604368 26.806888892295
0.7930871907825254 26.807881321109548
0.7931919636163225 26.80907204695275
0.7932967363605555 26.810193254511006
0.7934015090108771 26.811114682018804
0.7935062815609772 26.81205726194591
0.7936110540049808 26.8132523018244
0.7937158263399533 26.81451689506546
0.7938205985645963 26.815473241903547
0.7939253706774817 26.816278580312762
0.7940301426766302 26.81702192379923
0.7941349145600854 26.817947469273133
0.7942396863252943 26.81908341668608
0.7943444579702159 26.820245935557946
0.7944492294938923 26.821273865284745
0.794554000895904 26.82201955689834
0.7946587721760114 26.82147547516979
0.794763543333971 26.819656040114914
0.7948683143695364 26.817525056500976
0.7949730852823131 26.814477979031693
0.7950778560725751 26.809555663354857
0.7951826267410781 26.803784357305616
0.7952873972890581 26.79708503284706
0.7953921677178266 26.78881364005792
0.7954969380289858 26.779532965183016
0.7956017082240282 26.76874988655495
0.7957064783043098 26.756849689810377
0.7958112482715458 26.74401197937885
0.795916018128092 26.729377957085475
0.7960207878765672 26.7148874201734
0.7961255575196907 26.70093321370146
0.7962303270602845 26.687808851755708
0.7963350966821043 26.675681095250965
0.7964398681336582 26.66503473029908
0.7965446424057253 26.656686018010554
0.7966494182620699 26.650824385102332
0.7967541938971323 26.647241820893413
0.7968589687153721 26.645804933382273
0.7969637430359012 26.64695953630079
0.7970685170611964 26.651555179841793
0.7971732909176578 26.658139798589488
0.7972780647128369 26.66503123253795
0.797382838748324 26.670863413224208
0.7974876131978309 26.676656949025933
0.7975923880955166 26.682742072340144
0.7976971633857617 26.68980864772911
0.7978019389718487 26.697684298896714
0.7979067146717764 26.705747949499504
0.7980114902962216 26.712806643168037
0.7981162657443679 26.7188233882818
0.798221041059643 26.724424317678903
0.7983258162892349 26.730577114405815
0.7984305914693255 26.736632093472885
0.7985353666252407 26.74211664572048
0.7986401417744223 26.74730954470923
0.7987449169290363 26.7528668104795
0.798849692106409 26.75844330284282
0.798954467316424 26.762844284664173
0.7990592425708923 26.766298705663772
0.7991640178856617 26.76963942355455
0.7992687933099162 26.77267866056925
0.7993735688347687 26.77583498014144
0.7994783443908001 26.77882469193263
0.79958311993502 26.7811759063124
0.7996878954472428 26.783315002352154
0.7997926709276305 26.785206619189402
0.7998974463866041 26.787250915088624
0.8000022218368744 26.789828827582774
0.800106997286636 26.79236122924168
0.8002117727427878 26.79387616794495
0.8003165481980361 26.794949236196956
0.8004213236173358 26.79628235763884
0.8005260989761338 26.797741695052547
0.800630874267373 26.798789183142556
0.8007356494945599 26.799681438930026
0.8008404246649871 26.800812536612483
0.8009451997854298 26.80177235405869
0.8010499748602036 26.80234600350337
0.8011547498843519 26.803016276863083
0.8012595248435923 26.80387328088485
0.8013642997246141 26.804603293560767
0.801469074519098 26.805407456033908
0.8015738492234121 26.80649713224731
0.8016786238373633 26.80752075148919
0.8017833983617559 26.808603669349218
0.8018881727960577 26.809800771553032
0.8019929471374788 26.810769785470722
0.802097721380686 26.811662172352346
0.8022024955199911 26.812765395352024
0.802307269551702 26.814047131047708
0.8024120434740949 26.81512032909088
0.8025168172857501 26.815979057616506
0.8026215909852542 26.81671344098424
0.8027263645711894 26.81755610922101
0.8028311380414568 26.81862571511614
0.8029359113939238 26.81981142046391
0.8030406846275215 26.82089572049996
0.8031454577419356 26.821844776052476
0.8032502307369898 26.821919886607986
0.8033550036127131 26.820539623045946
0.803459776369236 26.818502921041016
0.8035645490065751 26.816021526198785
0.8036693215248041 26.811851301558633
0.8037740939246206 26.806285431693034
0.8038788662071991 26.800124823133718
0.8039836383738191 26.79245826319837
0.804088410426075 26.783585213992566
0.8041931823654102 26.77348620674335
0.8042979541931229 26.761924888088828
0.8044027259107663 26.749657914851966
0.8045074975203984 26.735602917399376
0.8046122690245046 26.720908978421406
0.8047170404256329 26.706713938693262
0.804821811726473 26.693197904875227
0.8049265829332856 26.68060863863681
0.8050313550754464 26.66925809844903
0.8051361298741363 26.65989790745091
0.8052409069791281 26.653001522528427
0.8053456845761239 26.648491292812068
0.8054504614082916 26.64615133212576
0.8055552376505386 26.64606281295797
0.805660013535591 26.649271594452486
0.8057647892096801 26.65529929022548
0.8058695647657864 26.66217840294
0.8059743404216477 26.668520400022516
0.8060791164402706 26.674227469653008
0.8061838929049804 26.680244991779848
0.8062886697801535 26.686710018571972
0.8063934469890937 26.694417987104828
0.8064982243778928 26.70239999150038
0.8066030017418373 26.710082077956187
0.8067077789404967 26.716423646519154
0.8068125559990122 26.722084412022383
0.8069173329656762 26.727965946618667
0.8070221098771271 26.73422493641998
0.8071268867605562 26.74001693200791
0.8072316636329601 26.745200674225487
0.8073364405079348 26.75053628361561
0.8074412173997166 26.756331866215668
0.8075459943187616 26.761232716553906
0.8076507712751069 26.76500541913142
0.8077555482798341 26.7683133087859
0.8078603253647325 26.771423291680534
0.8079651025651633 26.77452344102078
0.8080698798195757 26.77760140905935
0.8081746570790816 26.78025522365533
0.8082794343126106 26.782456193841774
0.8083842115125989 26.784424503404246
0.8084889886855542 26.78635223521128
0.808593765842917 26.788751155734353
0.8086985429955654 26.791367969665636
0.8088033201477217 26.79336512785118
0.8089080973036465 26.79455425037083
0.8090128744363947 26.795735337979583
0.8091176515146153 26.79721955777083
0.8092224285249582 26.798452697445075
0.8093272054668619 26.799338742441495
0.809431982346154 26.80038144205685
0.8095367591692815 26.80148865549858
0.8096415359421436 26.802193020506973
0.80974631266418 26.802753570260457
0.8098510893248843 26.803571439808625
0.8099558659102005 26.804369104245183
0.8100606424096454 26.805086134593857
0.8101654188176041 26.806074231230095
0.810270195132525 26.80716533015228
0.8103749713549471 26.808161084970916
0.810479747485279 26.809363022482053
0.810584523521615 26.810410523130273
0.8106892994599153 26.811299751530974
0.810794075294892 26.812305681192758
0.8108988510221043 26.813551506743362
0.8110036266392691 26.814753172415763
0.8111084021452272 26.815660267743397
0.8112131775385908 26.816426859796902
0.8113179528182032 26.817198978788834
0.8114227279828468 26.81818559174386
0.8115275030306891 26.81935634139361
0.8116322779604361 26.820498378751612
0.8117370527718393 26.82149682753968
0.8118418274649274 26.822106403934093
0.8119466020398364 26.821338087649153
0.8120513764970521 26.819423801979823
0.8121561508367825 26.817235142963526
0.8122609250591513 26.813872775105473
0.812365699164726 26.808708479531656
0.8124704731546207 26.802865509920725
0.8125752470301962 26.795901145834605
0.8126800207929752 26.78742293791884
0.8127847944446353 26.77792843082296
0.8128895679865681 26.766884463021782
0.8129943414202087 26.7548855751362
0.8130991147473312 26.741731404852867
0.813203887970215 26.72699558908854
0.8133086610912885 26.71257699880424
0.8134134341130664 26.698715790198424
0.8135182070379907 26.68573904865555
0.8136229801930077 26.673818479245753
0.8137277554298092 26.66351949948502
0.8138325334114492 26.655592845076008
0.8139373126726497 26.650133954431187
0.8140420915168952 26.64689723222341
0.8141468696629659 26.645812069808134
0.8142516473828816 26.647507401880567
0.8143564248439232 26.65257181638392
0.8144612021539112 26.659275714757506
0.8145659794370682 26.66611490779577
0.8146707569992665 26.671871025075834
0.8147755349833685 26.67778406936751
0.8148803133983833 26.683932994747003
0.814985092175579 26.69120101690717
0.8150898711934881 26.699054890908435
0.8151946502535079 26.707057343750765
0.8152994291745557 26.713883212103834
0.8154042079493771 26.7197789680135
0.8155089866268951 26.72546522496979
0.8156137652443648 26.73176536865013
0.8157185438301267 26.73776208560234
0.8158233224022207 26.74312029811802
0.8159281009785693 26.748382014308078
0.8160328795660272 26.754059181463195
0.8161376581785339 26.759418165969528
0.8162424368234079 26.763613273355396
0.8163472155104484 26.76697762220736
0.8164519942587348 26.770221478207066
0.8165567731093466 26.773232792586924
0.816661552044377 26.776343448985827
0.8167663310040206 26.779231674146235
0.816871109948906 26.781532214313266
0.8169758888620618 26.78364280250703
0.8170806677447003 26.785546016093672
0.817185446606091 26.787687644755877
0.8172902254574762 26.790300291954438
0.8173950043045051 26.79273637229197
0.817499783153966 26.794161792296194
0.8176045619918384 26.79524160792307
0.8177093407840988 26.79662464532528
0.8178141195106138 26.79805593309479
0.8179188981657084 26.79905417124074
0.8180236767525818 26.79996897546588
0.8181284552775365 26.801111596498245
0.8182332337462856 26.801997122762423
0.8183380121622128 26.80254550453521
0.8184427905190752 26.803252241005918
0.8185475688036733 26.804112187025723
0.8186523470037934 26.80482728122829
0.818757125111802 26.805678021564443
0.8188619031245127 26.80678231759697
0.8189666810415763 26.807776153947938
0.8190714588635493 26.80890065692641
0.8191762365898632 26.81003878694801
0.819281014217685 26.81095737239894
0.8193857917423406 26.8118853184301
0.8194905691591515 26.81305409338556
0.819595346465079 26.814333127892386
0.8197001236587118 26.81532019002405
0.8198049007390668 26.816141149306134
0.8199096777051949 26.81687811473456
0.820014454556202 26.817780284989837
0.820119231291093 26.818896844662056
0.8202240079087257 26.82007822849903
0.8203287844085405 26.821134386937274
0.8204335607908727 26.822039476514036
0.8205383370562117 26.821876200792317
0.8206431132051211 26.820303651355978
0.8207478892381833 26.81823325451998
0.8208526651559733 26.81554223682997
0.820957440959097 26.811038865004832
0.8210622166486868 26.805382567727996
0.8211669922260918 26.799036339199013
0.8212717676928776 26.791100761410895
0.8213765430506965 26.78206199106616
0.8214813183013974 26.7716746405694
0.8215860934465926 26.75995480136674
0.8216908684879176 26.747497410220358
0.8217956434274776 26.73314849499238
0.8219004182675728 26.71852438858042
0.8220051930105737 26.704408050590146
0.8221099676589917 26.69103721123273
0.8222147422489223 26.678628318222593
0.8223195180830472 26.66755312859463
0.8224242966556616 26.65861211471582
0.8225290772731979 26.652143818802493
0.8226338580888805 26.648007482971522
0.8227386381710665 26.646004362647133
0.8228434177529248 26.64636690220042
0.822948197023947 26.65014010908733
0.8230529761087969 26.65642913082299
0.8231577550941955 26.663328052633823
0.8232625342362043 26.669516361832034
0.8233673137569604 26.675328512930044
0.8234720937184582 26.681415986565945
0.8235768740670358 26.688095444552978
0.8236816547061866 26.695800486144883
0.8237864354601334 26.70377626150256
0.8238912161201094 26.71123209063036
0.8239959966292909 26.71746918355039
0.8241007770346961 26.723111624675695
0.8242055573739023 26.729162592793564
0.8243103376759306 26.7353541150392
0.8244151179610124 26.741044969279706
0.8245198982467022 26.7462531480741
0.8246246785418246 26.751693198047406
0.8247294588593557 26.75739231544621
0.8248342392051944 26.762065588380427
0.824939019589934 26.76567870320104
0.8250438000271715 26.768962104611795
0.8251485805428919 26.77197612845903
0.8252533611579558 26.77505705714198
0.8253581418166248 26.77807970435313
0.825462922472971 26.780611181859804
0.8255677030995638 26.782820797493976
0.8256724836905173 26.784767944628555
0.8257772642523072 26.786748833455786
0.825882044795435 26.789241559812627
0.825986825328593 26.791870271043024
0.8260916058558391 26.793689369165314
0.8261963863762518 26.79482268420099
0.8263011668609356 26.796059847141446
0.8264059472826736 26.79756708385462
0.8265107276303177 26.798739695622256
0.826615507903852 26.799596432960442
0.8267202881086263 26.80066560083622
0.8268250682504711 26.80173564228331
0.8269298483344922 26.802380555983056
0.8270346283596572 26.802968449401668
0.8271394083153738 26.80381699792842
0.8272441881886279 26.804596591591256
0.8273489679697612 26.805329275773023
0.8274537476541312 26.806363277301244
0.8275585272401722 26.807420388892083
0.8276633067281833 26.808437665085556
0.8277680861183178 26.80962929301036
0.8278728654088938 26.81061688933888
0.8279776445962876 26.811503691875384
0.8280824236760538 26.81257680650868
0.8281872026442612 26.813852468838864
0.8282919814988001 26.814972887221284
0.8283967602389307 26.815847066663835
0.8285015388638854 26.81659411688013
0.8286063173726784 26.817409070785267
0.8287110957646474 26.818450565259536
0.8288158740387885 26.81963788911098
0.8289206521943644 26.820748962985228
0.829025430231591 26.821724699416677
0.8291302081510692 26.82215483843062
0.8292349859535446 26.821144300222855
0.8293397636400116 26.81916109067244
0.8294445412114793 26.816875564315975
0.8295493186686552 26.813172635112206
0.8296540960126719 26.807809721548388
0.8297588732452205 26.801865679054366
0.8298636503680978 26.794605067687336
0.8299684273831639 26.785939878687266
0.8300732042925182 26.776202378197098
0.8301779810979186 26.764920052243667
0.8302827578010674 26.752831978030308
0.8303875344040303 26.73930315808861
0.8304923109092227 26.724533625509032
0.8305970873191619 26.710194867466413
0.8307018636364181 26.6964548619653
0.8308066398636709 26.683629938633942
0.8309114165288005 26.671949120131195
0.8310161955134668 26.662036278589078
0.8311209771124343 26.65454453335442
0.8312257596727647 26.649486318748057
0.8313305416763428 26.646595430269425
0.8314353230914793 26.64588747131873
0.8315401041373143 26.648178482301418
0.831644884956033 26.65367411269929
0.8317496656431438 26.660465740085357
0.8318544463489692 26.667120718341515
0.8319592273694892 26.672930087599624
0.8320640088166061 26.678935690014935
0.832168790677101 26.68518452955772
0.8322735728667962 26.692604330772692
0.832378355240231 26.70045766714361
0.8324831375837496 26.7083522741326
0.8325879197789021 26.714969735777903
0.8326927018637413 26.720768473142307
0.8327974838758616 26.72661440682075
0.8329022658453277 26.732966556861868
0.8330070477931422 26.738856052131215
0.8331118297365275 26.7441495487666
0.8332166116900533 26.749487560731627
0.8333213936608747 26.755217632415828
0.8334261756576831 26.760336926270536
0.8335309576868869 26.76434161394268
0.833635739760444 26.767636834705726
0.8337405218963848 26.770770200421637
0.8338453041222212 26.7737855586534
0.8339500864150469 26.776852822261354
0.8340548687231065 26.779639943321513
0.834159651009416 26.781925536275203
0.8342644332596013 26.78399604289527
0.8343692154755518 26.785921778705447
0.8344739976661022 26.78817382126256
0.8345787798409745 26.79080180717244
0.8346835620040614 26.79310914615314
0.8347883441610621 26.79445559614139
0.8348931262924885 26.795543149778908
0.8349979083675062 26.796980656111483
0.8351026903690558 26.79836208797082
0.8352074722930464 26.79929065343505
0.8353122541426549 26.800237514544
0.8354170359237232 26.801386514373178
0.8355218176415818 26.802199899687814
0.8356265992990529 26.802732201056777
0.8357313808897789 26.803482790816396
0.8358361624013191 26.80433982698376
0.835940943822427 26.805042117031935
0.8360457251466359 26.805943263852505
0.8361505063711444 26.807052906560052
0.8362552874954868 26.808022469133252
0.8363600685199482 26.809178157116833
0.836464849443946 26.810257272586256
0.8365696302646202 26.811150530454128
0.8366744109782006 26.812132243390444
0.8367791915807226 26.81335280292152
0.836883972069217 26.814603411280636
0.8369887524423627 26.815529295881817
0.8370935326991972 26.816316355520506
0.8371983128387863 26.81707463095208
0.8373030928603087 26.818031232405424
0.8374078727632116 26.81918158468673
0.8375126525468667 26.820345275225876
0.8376174322108094 26.821371783435062
0.8377222117553271 26.822186679856387
0.8378269911811401 26.82178321996124
0.8379317704891809 26.820044344151317
0.8380365496806442 26.81792572319682
0.8381413287569124 26.81497195159156
0.8382461077192924 26.81015790931826
0.83835088656939 26.804428926872482
0.8384556653091673 26.797845847292894
0.838560443940807 26.789652237715664
0.8386652224664347 26.78042539756613
0.838770000888357 26.76974457918878
0.8388747792089105 26.757893558090622
0.8389795574302723 26.74517970219216
0.839084335554861 26.730609697164457
0.8391891135852302 26.716061834774234
0.8392938915239563 26.70203823783801
0.8393986693736917 26.688829327179775
0.8395034472402793 26.67662345045397
0.839608226670282 26.665866888621814
0.8397130088791648 26.657361837564245
0.8398177928382994 26.651329840153775
0.8399225767226507 26.64756198236494
0.8400273599400762 26.645918273420268
0.8401321427240559 26.646791055089494
0.8402369252351697 26.651117837570357
0.8403417075824176 26.657611328657797
0.8404464898597915 26.664497609768045
0.8405512723468693 26.670568796454983
0.8406560552267384 26.676480317506094
0.8407608385381954 26.682611904163885
0.8408656222116329 26.689487610052648
0.8409704061290117 26.697201164701262
0.8410751900933718 26.705179239284902
0.8411799739281585 26.712372968029786
0.8412847576470196 26.718504536352334
0.8413895412874135 26.724219954342786
0.8414943248802782 26.730401843678056
0.8415991084473055 26.736519440664583
0.8417038920068632 26.742084304644173
0.8418086755768978 26.74734776373268
0.8419134591618026 26.752881432594798
0.8420182427725839 26.758404881988447
0.8421230264125266 26.76285657606941
0.8422278100917847 26.766345638921358
0.8423325938235545 26.76957354039206
0.8424373776308809 26.772531266223464
0.8425421615197359 26.775603738548902
0.8426469454452403 26.77855653492692
0.8427517293633559 26.78099654923985
0.8428565132500491 26.783199443101694
0.842961297100815 26.785138719678102
0.8430660809217378 26.787200409852126
0.843170864721945 26.7897556717586
0.8432756485076934 26.792360758910604
0.8433804322837755 26.794018102863355
0.8434852160435213 26.795102744381985
0.8435899997567967 26.796399091232537
0.8436947834005675 26.797908170545586
0.8437995669656134 26.799006253345137
0.8439043504523213 26.799842873603353
0.8440091338656497 26.800945551028626
0.8441139172108777 26.801959641964523
0.8442187004924385 26.80254446473758
0.844323483708441 26.803173339464003
0.8444282668487659 26.80404701876457
0.8445330499011602 26.804805471772493
0.8446378328571799 26.805565158736652
0.8447426157124585 26.80664348145504
0.8448473984654701 26.80765619050581
0.844952181116123 26.80871087602967
0.8450569636641189 26.80987163858599
0.8451617461077607 26.81081348006841
0.8452665284437345 26.81172537309489
0.8453713106682398 26.81286192925168
0.845476092778019 26.81415230182664
0.8455808747712227 26.815190415554802
0.8456856566466873 26.81603656770863
0.8457904384033558 26.81677654738268
0.8458952200403791 26.817644704029277
0.8460000015571205 26.818732679720775
0.8461047829529802 26.819918919857418
0.8462095642274461 26.82099960513572
0.8463143453808003 26.821960218630043
0.8464191264137129 26.8221598164099
0.8465239073270553 26.820895305053746
0.846628688122031 26.81887008825698
0.8467334687999907 26.81643321229969
0.846838249362142 26.812378604267632
0.8469430298098556 26.80686322188542
0.8470478101450689 26.80077539658645
0.8471525903698295 26.79320662607332
0.847257370486234 26.784367653935252
0.8473621504965787 26.774355721096505
0.8474669304029583 26.762862012925133
0.8475717102075325 26.750657359106736
0.8476764899125055 26.736732692174076
0.8477812695203554 26.722000632088438
0.8478860490338053 26.70774773419491
0.84799082845565 26.694158280389285
0.8480956077888974 26.681494614131438
0.8482003878337198 26.67007969325578
0.8483051703963609 26.660587310569753
0.8484099553759198 26.653542066763585
0.84851474098262 26.648884194841045
0.8486195259609177 26.646344355170744
0.8487243104334384 26.646051003692854
0.8488290945778011 26.648970522581955
0.8489338785185087 26.654842711653313
0.8490386623461591 26.661692508268818
0.8491434462405643 26.668177286882404
0.8492482304778178 26.674045187277194
0.8493530151419278 26.68012351791586
0.8494578001983382 26.686517573083076
0.8495625855462925 26.694026882718234
0.8496673710172584 26.70189311373515
0.8497721564018705 26.709622274457097
0.8498769416646029 26.716079697044684
0.8499817268432613 26.72185121102097
0.8500865119695472 26.727843991518576
0.8501912970665556 26.73415106614562
0.8502960821538598 26.73994323440074
0.8504008672484094 26.74522390620369
0.8505056523603653 26.75060443782673
0.8506104374977748 26.75630744315674
0.8507152226643145 26.76121355704212
0.8508200078669733 26.765039136829625
0.8509247931170623 26.768276977550705
0.8510295784321044 26.77131665165326
0.8511343638289584 26.774349629447748
0.8512391492843026 26.777367982591002
0.8513439347515506 26.7800626588134
0.851448720197194 26.782340881623124
0.8515535056085328 26.784366337654877
0.8516582909872206 26.786340216262207
0.8517630763404976 26.788695589358003
0.8518678616759344 26.791333154166722
0.8519726469967852 26.7934879905578
0.8520774323050181 26.79473851331389
0.8521822175776345 26.795859187295108
0.8522870027865005 26.79735156243516
0.8523917879168408 26.7986539517566
0.8524965729655095 26.79951270593171
0.8526013579355721 26.800500200381776
0.8527061428323257 26.801637764304644
0.8528109276604596 26.802377888016636
0.8529157124217341 26.802909297944485
0.8530204971096136 26.803715977766863
0.8531252817123642 26.804556671095256
0.85323006621998 26.805247934379246
0.8533348506264481 26.806206884141535
0.8534396349290958 26.80729741796024
0.853544419127292 26.808270039688146
0.8536492032209978 26.809440465851537
0.8537539872093154 26.8104684489362
0.8538587710898846 26.811355966357002
0.8539635548593377 26.81239576330733
0.8540683385145103 26.813654990390013
0.8541731220529886 26.814839726557423
0.8542779054735086 26.815736882371482
0.8543826887753523 26.816500754166597
0.8544874719577807 26.817291738294607
0.8545922550201902 26.818296913550043
0.8546970379623414 26.819471506212473
0.8548018207840885 26.82060696536655
0.8549066034854391 26.82160724041379
0.8550113860669923 26.82228899163676
0.8551161685297345 26.821631776723578
0.8552209508748476 26.819758711558876
0.8553257331037072 26.81757799656386
0.8554305152176014 26.81430814757724
0.8555352972178949 26.809222152222823
0.8556400791063817 26.803417950831587
0.8557448608848869 26.79654817077288
0.8558496425554308 26.788116892742927
0.8559544241202208 26.77867539205504
0.8560592055815412 26.767712540294088
0.856163986941571 26.75575081915484
0.8562687682024526 26.742712795689403
0.8563735493665336 26.728000295674647
0.8564783304364035 26.713535628734448
0.8565831114147333 26.699619892619147
0.8566878923042431 26.686584361554743
0.8567926733317185 26.674606334657685
0.8568974562363926 26.664210937619295
0.8570022419014703 26.65615606476429
0.8571070289861494 26.650562085900873
0.8572118157624362 26.647160512837083
0.8573166019457256 26.645904640527903
0.857421387736815 26.647344631239402
0.857526173280109 26.652202600893222
0.8576309586772697 26.658844576671225
0.857735744035732 26.66569640486278
0.8578405296465187 26.671666751529884
0.8579453156578438 26.677668646292517
0.8580501020836809 26.683832383617744
0.8581548888400293 26.690909978310557
0.8582596757875925 26.69862992654018
0.8583644627142829 26.706598661287714
0.8584692495188062 26.71352882153978
0.8585740362333414 26.719557088849125
0.8586788228897112 26.725385248719604
0.8587836095121809 26.73167825266178
0.8588883961205319 26.737698891946486
0.8589931827321233 26.743146735610594
0.8590979693629437 26.748465161473653
0.8592027560159693 26.75407239572982
0.859307542698825 26.759371103935894
0.8594123294146302 26.763616966038608
0.8595171161731598 26.766998555798544
0.8596219029871025 26.77014551839946
0.859726689876347 26.773106875829598
0.8598314768377048 26.776160664149035
0.8599362638309996 26.77903169404106
0.860041050816078 26.781421054927286
0.8601458377713175 26.783585659799037
0.8602506246923947 26.78554047745397
0.8603554115837923 26.787688994104293
0.860460198452471 26.790283537773142
0.8605649853021243 26.79281985031453
0.8606697721377553 26.79433779926358
0.8607745589466612 26.795387878280344
0.8608793456992337 26.796748348308196
0.8609841323753084 26.79823104317193
0.8610889189670696 26.799239596630784
0.8611937054749532 26.800086508451393
0.8612984919037465 26.80122580226161
0.8614032782580504 26.80216031164133
0.861508064541454 26.80270266778478
0.861612850751675 26.803382790394107
0.8617176368790367 26.8042740403721
0.8618224229126469 26.804995839338012
0.8619272088448349 26.80580349096397
0.8620319946716963 26.806907726687093
0.8621367803919233 26.807885612720945
0.8622415660051685 26.80898252800065
0.8623463515112605 26.810099862365625
0.8624511369085708 26.811008841555086
0.8625559221944554 26.811965540667757
0.8626607073658895 26.813155366480203
0.8627654924204369 26.81443959197737
0.8628702773563828 26.81540916549246
0.8629750621730449 26.816225705232313
0.863079846869961 26.816974435076833
0.8631846314467423 26.81789544499825
0.8632894159031946 26.81901942786175
0.863394200239425 26.820194392434452
0.863498984455502 26.821245980630135
0.8636037685519594 26.82217748080175
0.8637085525298696 26.82211088990119
0.8638133363905124 26.82061096303097
0.8639181201353421 26.818544036470904
0.8640229037660393 26.815902228415617
0.8641276872840798 26.811491115977688
0.864232470691072 26.805867931446333
0.8643372539889811 26.799586712632916
0.8644420371800328 26.791715526109815
0.8645468202664587 26.782703751469313
0.864651603250584 26.772392360072516
0.864756386134774 26.76071999526358
0.8648611689212168 26.74832927016978
0.8649659516121314 26.7340595528256
0.8650707342099384 26.71940196419779
0.8651755167172329 26.70524190467232
0.8652802991366862 26.691818898059644
0.8653850814852101 26.67935736353158
0.865489864881338 26.66822621691592
0.8655946509443927 26.65917802992675
0.8656994391686952 26.652590148701393
0.8658042276876732 26.648329426287965
0.8659090155788459 26.646158740492538
0.8660138030043091 26.646335558660375
0.8661185901121554 26.649883186718306
0.8662233770371535 26.65606531808904
0.8663281638667619 26.66294053614265
0.8664329508165802 26.66927909563856
0.8665377381257245 26.675212049318368
0.866642525853808 26.681341689197318
0.8667473139455907 26.687923196079556
0.8668521022843569 26.69546907865937
0.8669568906794052 26.703358548668582
0.8670616789648958 26.71086045301175
0.8671664671544856 26.7172238516145
0.8672712552790901 26.723010448499572
0.8673760433646113 26.72910581948544
0.867480831430338 26.735329023549326
0.867585619495703 26.741043394593326
0.8676904075773109 26.74632875753705
0.8677951956807299 26.75175460775445
0.8678999838136292 26.757348018242002
0.8680047719775462 26.76205600251225
0.8681095601799201 26.765714824760938
0.8682143484312531 26.768909039501047
0.8683191367482963 26.771884543310513
0.8684239251416344 26.774920159034963
0.8685287135854273 26.777894808993334
0.8686335020375374 26.780500073854455
0.8687382904678103 26.78276315673505
0.8688430788649734 26.784761871095693
0.8689478672299916 26.78679091713488
0.8690526555684606 26.789238501006956
0.8691574438856126 26.791890212866598
0.8692622321845107 26.793850726306438
0.8693670204628637 26.795002133832995
0.8694718086954797 26.796189200896436
0.8695765968571716 26.797711868051103
0.869681384934841 26.79891938574253
0.8697861729258001 26.799727282981046
0.8698909608331017 26.8007651042969
0.8699957486616086 26.801869345600306
0.8701005364154073 26.80253516078934
0.8702053240955891 26.80309418954445
0.8703101116956093 26.803951978604307
0.870414899204884 26.80475743951895
0.8705196866143228 26.80545799202525
0.8706244739185336 26.806474357839704
0.8707292611153976 26.807528453762444
0.8708340482041991 26.808527050541905
0.8709388351848463 26.809695939290748
0.8710436220567815 26.8106768995196
0.8711484088180395 26.81157374756792
0.8712531954660659 26.8126726961848
0.871357981998481 26.813961103520835
0.8714627684133043 26.815068990009724
0.87156755470961 26.81594171817978
0.8716723408869735 26.81669214979736
0.8717771269451319 26.81752472860864
0.8718819128838355 26.818575524138105
0.8719866987030965 26.819758833248443
0.8720914844030859 26.820863213981895
0.872196269984031 26.82184162250944
0.8723010554466044 26.82234126108132
0.8724058407919351 26.82141427689291
0.8725106260213845 26.819447196004386
0.8726154111364622 26.817173633984552
0.8727201961389399 26.81354980957669
0.8728249810305787 26.808238098843617
0.8729297658131829 26.802330313198787
0.8730345504888628 26.795141201077826
0.873139335059872 26.786499814232346
0.8732441195286003 26.776812573281884
0.8733489038974819 26.765588985575135
0.8734536881689673 26.7535282110303
0.8735584723454896 26.74010097633605
0.8736632564295037 26.72532814584686
0.8737680404235533 26.710954124662628
0.8738728243302252 26.697169810982942
0.8739776081521667 26.684306752957422
0.8740823923010925 26.67258559129764
0.8741871786295387 26.66259231652982
0.8742919676276847 26.654999907564665
0.8743967576905067 26.649839438817676
0.874501547278953 26.646803788555687
0.8746063363307094 26.645960683294852
0.8747111249803782 26.648031181999926
0.8748159133869154 26.653379695737435
0.8749207016667024 26.66012609500811
0.8750254899432295 26.6668509683621
0.8751302785058531 26.672809865607896
0.8752350674682484 26.678876377143283
0.8753398568219692 26.685109107478645
0.8754446464666368 26.692360783683405
0.8755494362419812 26.700108711299173
0.8756542259448834 26.707986535530658
0.8757590155453023 26.71470785965997
0.8758638050732821 26.720655052745826
0.8759685945561427 26.726608263421507
0.8760733840136311 26.73295347484474
0.8761781734655815 26.738851819406268
0.8762829629286587 26.74422687102036
0.8763877524149487 26.74958541423661
0.8764925419251048 26.755224919054484
0.8765973314629364 26.760306616336138
0.8767021210346423 26.76435507482209
0.8768069106509342 26.767639983661574
0.8769117003240487 26.770708414870505
0.8770164900709707 26.773694829617828
0.8771212798827924 26.776715110097587
0.8772260697218635 26.779509950002158
0.8773308595516629 26.781871559248774
0.8774356493532901 26.783986527394553
0.8775404391231524 26.785968196199036
0.8776452288649426 26.78820563382472
0.8777500185841447 26.790828237239882
0.8778548082832273 26.79324578996148
0.8779595979660291 26.79464005149823
0.8780643876153778 26.795685497976333
0.8781691772034668 26.79710781914034
0.8782739667120046 26.798528374999428
0.8783787561343722 26.799441609448575
0.8784835454710782 26.800335627504374
0.8785883347266388 26.80149601357139
0.8786931239050296 26.802342015271968
0.8787979130092111 26.802863676791194
0.8789027020362422 26.803601747993717
0.879007490977042 26.80448740235677
0.8791122798215746 26.80517876508918
0.8792170685627466 26.806049175797305
0.8793218571971653 26.807156582067087
0.8794266457235743 26.808115286428013
0.8795314341416318 26.809247416106203
0.8796362224512136 26.810319942978836
0.8797410106511485 26.81121517391977
0.8798457987391561 26.812221112654235
0.879950586712868 26.813456128881477
0.8800553745702806 26.81470763692184
0.8801601623099896 26.815629364747842
0.8802649499314951 26.816417246481222
0.8803697374346214 26.817188473901492
0.8804745248192338 26.81815570613559
0.8805793120852631 26.819307670526968
0.8806840992328745 26.820462085343184
0.8807888862622719 26.821486130663665
0.8808936731739242 26.822333201026687
0.880998459968746 26.82200285104532
0.8811032466478751 26.82030497042207
0.8812080332126219 26.81818556071596
0.8813128196645498 26.815281314424478
0.8814176060053083 26.81053123346588
0.8815223922365776 26.80482516661184
0.8816271783603385 26.798296784398783
0.8817319643788329 26.790141601277384
0.8818367502943946 26.78094040662117
0.8819415361094707 26.770319188100522
0.8820463218265693 26.758500363628826
0.8821511074481413 26.74584933818512
0.8822558929765912 26.731319437936506
0.8823606784144189 26.716744470198986
0.882465463764361 26.702688653693933
0.8825702490292344 26.689442710791734
0.8826750342800305 26.677204005528466
0.8827798209347122 26.666400659468216
0.88288461035039 26.65781350905218
0.8829894016190027 26.651690793488378
0.8830941928777825 26.64781432850337
0.8831989835335989 26.64604054352771
0.8833037737124201 26.646751706258982
0.8834085635600287 26.6509113721454
0.8835133532369884 26.65733452239101
0.8836181428341428 26.664205246665674
0.8837229326047417 26.6704280343075
0.8838277227387835 26.676427280675938
0.8839325132766911 26.682587060539866
0.8840373041432135 26.689342860091468
0.8841420952032588 26.69693744064668
0.8842468862526747 26.704847134650635
0.8843516771967163 26.712101587695336
0.8844564680609818 26.718384313813704
0.8845612588732299 26.724217027509038
0.8846660496541647 26.730392241265605
0.8847708404236592 26.736538651820304
0.8848756311986301 26.7421566136462
0.884980421995593 26.7474524698422
0.8850852128024262 26.75293013664616
0.8851900036249605 26.758370046422534
0.8852947944595112 26.762867463632126
0.8853995853306219 26.766384502971267
0.8855043762509353 26.76953264111995
0.8856091672358315 26.772473232025227
0.8857139582911349 26.775501334064476
0.8858187493893728 26.778433323287665
0.8859235404921578 26.78095277947574
0.8860283315732884 26.783191698355548
0.8861331226237442 26.78518411765819
0.8862379136449366 26.78727388812177
0.8863427046418965 26.789792930532563
0.8864474956185107 26.79244477650744
0.8865522865788684 26.79418588768734
0.8866570775166048 26.795265309131736
0.8867618684054275 26.79652955641221
0.8868666592226896 26.79805100256949
0.8869714499571505 26.79915721797746
0.8870762406065772 26.79994985598532
0.8871810311741698 26.801037450100647
0.8872858216641971 26.80208285267438
0.8873906120802403 26.802679195913306
0.8874954024225885 26.803290017338238
0.8876001926847434 26.804176374371707
0.887704982856757 26.804944287099875
0.8878097729300483 26.805675891719716
0.887914562899857 26.80674380904665
0.8880193527641292 26.807750433117434
0.8881241425221625 26.80878943620926
0.8882289321738771 26.80993838512366
0.8883337217187697 26.810880297487603
0.8884385111552331 26.81180825111822
0.88854330048103 26.81296225646546
0.8886480896939816 26.814264391198073
0.8887528787923261 26.815294146913043
0.8888576677751941 26.81614155548062
0.8889624566424092 26.816887403726962
0.8890672453938181 26.81776845411248
0.8891720340293827 26.818860463586695
0.8892768225492691 26.820039400420193
0.8893816109538297 26.821113888001953
0.8894863992433089 26.82207591543478
0.8895911874183665 26.82233764121597
0.8896959754800882 26.821130389710675
0.8898007634298247 26.819107438739405
0.8899055512689752 26.816688094453454
0.8900103389991058 26.812693771611464
0.8901151266218092 26.80720825508837
0.8902199141386937 26.801152114490947
0.8903247015515968 26.79363077347285
0.8904294888625226 26.78480452467342
0.8905342760735552 26.77483696001936
0.8906390631867998 26.763382841029802
0.8907438502044482 26.75120817807829
0.8908486371286661 26.73735321614374
0.890953423961683 26.72260461490884
0.8910582107057771 26.708326390496683
0.8911629973633827 26.694703965087058
0.8912677839371163 26.6820108594873
0.8913725711048034 26.67057536131676
0.8914773607124901 26.661021338449217
0.8915821528133259 26.653901528038276
0.8916869456065397 26.649168819965272
0.8917917378363199 26.646504682881435
0.8918965295290806 26.646100955060703
0.8920013208062214 26.648851025864975
0.89210611183269 26.65462470728624
0.8922109027433955 26.661441988253593
0.8923156936896275 26.668009303110118
0.8924204849450283 26.67399579051009
0.8925252765943668 26.680117950078774
0.8926300686059274 26.686476888787595
0.8927348608621418 26.6938424399157
0.8928396531810567 26.70162823300901
0.8929444454043219 26.709348589064206
0.893049237540653 26.71593022522352
0.8931540296167972 26.72182731458303
0.8932588216553619 26.7278780039806
0.8933636136754629 26.73419791692293
0.8934684056916551 26.740003744309206
0.8935731977148045 26.74533175343599
0.8936779897447216 26.75070405700446
0.8937827817747731 26.75631519396872
0.8938875738002644 26.76121580589304
0.8939923658366427 26.765072244147635
0.8940971579149302 26.76827954686534
0.8942019500473469 26.7712852556199
0.8943067422475898 26.774287788909508
0.8944115345027147 26.777275301122394
0.894516326777557 26.779998720950204
0.8946211190399751 26.782332634386087
0.8947259112747887 26.78440523620024
0.8948307034803044 26.786421730049224
0.8949354956605726 26.788749554647225
0.895040287820907 26.79139424944007
0.8951450799645755 26.79363852397166
0.89524987209359 26.794919232245604
0.8953546641880329 26.796000353265413
0.8954594562221352 26.797474139429596
0.8955642481800323 26.798799228445485
0.8956690400564233 26.799634831350396
0.8957738318525413 26.80059183416567
0.8958786235727583 26.801742994125284
0.8959834152207403 26.802506934153286
0.8960882067991411 26.803031862097505
0.8961929983045895 26.803831623218343
0.8962977897282797 26.804690625088227
0.8964025810607443 26.805367549546478
0.8965073722956827 26.806304719753054
0.8966121634300377 26.807388850829142
0.8967169544626125 26.80835647891985
0.8968217453929842 26.809509732007093
0.8969265362209552 26.81053753162123
0.8970313269455539 26.81143139921206
0.8971361175648632 26.812491538932967
0.8972409080766274 26.813762347789027
0.8973456984787883 26.814947917001803
0.89745048876996 26.815844496702283
0.8975552789496256 26.816610678946674
0.8976600690176334 26.817412890129354
0.8977648589739173 26.818423815539084
0.8978696488184962 26.819596552565095
0.8979744385516715 26.82072284068184
0.898079228173616 26.82172088993446
0.8981840176846727 26.822434835778523
0.8982888070857029 26.82182942659515
0.8983935963778623 26.819976675111874
0.8984983855624532 26.817793815266068
0.8986031746409944 26.81456692166491
0.8987079636149407 26.80952001966325
0.8988127524855685 26.803732391253295
0.8989175412544667 26.796904165991048
0.8990223299234679 26.78849131209539
0.8991271184945818 26.779072469803076
0.8992319069698645 26.768150372674924
0.8993366953514921 26.756209309976803
0.8994414836414955 26.74322450125796
0.8995462718417933 26.728525725309726
0.8996510599543587 26.71404079999931
0.8997558479813957 26.70010183036133
0.8998606359253246 26.68704330269701
0.8999654239645464 26.6750468077325
0.9000702137680652 26.664615806470778
0.9001750063534991 26.6565028404475
0.9002798004368194 26.650846275884447
0.9003845942553622 26.647351535222654
0.9004893874810149 26.646001155927056
0.9005941802202816 26.647307511701737
0.9006989726200958 26.652049912319853
0.9008037648484276 26.658646523641185
0.9009085570165248 26.665486450092406
0.9010133493978709 26.671609969591703
0.9011181421445322 26.677678392654606
0.9012229352736799 26.683856324092737
0.9013277286904988 26.69080863687188
0.9014325222389424 26.698434937880513
0.9015373157234798 26.70634984242902
0.9016421091121958 26.71335891309664
0.9017469024299538 26.719541339407215
0.901851695701191 26.725450535109296
0.901956488938812 26.731722068287468
0.9020612821510235 26.73776634973737
0.9021660753487826 26.74326834203914
0.9022708685508587 26.748588109554213
0.9023756617268381 26.754121303286382
0.9024804548836377 26.759368894099147
0.9025852480161907 26.7636485165931
0.9026900411644276 26.76704319037487
0.9027948343556422 26.770132565135082
0.9028996276038473 26.77307633586382
0.9030044209105511 26.776093824326736
0.9031092142483426 26.778965898587927
0.9032140075829397 26.781422570001773
0.90331880089291 26.783624270764772
0.9034235941726146 26.78562608402049
0.9035283874250569 26.787781852406464
0.9036331806559645 26.79035345203137
0.9037379738695397 26.792942586077988
0.903842767071663 26.79450520198506
0.9039475602523039 26.795541598807336
0.9040523533854594 26.796874331635706
0.9041571464513509 26.798363167204386
0.9042619394410039 26.79936897743725
0.9043667323533703 26.80018472959056
0.9044715251921714 26.801314047505972
0.9045763179615819 26.802276090684252
0.9046811106650531 26.802826441840576
0.9047859033026399 26.803496213705607
0.904890695867818 26.804397639229776
0.9049954883510147 26.805120097982464
0.9051002807445082 26.8059041120021
0.9052050730440316 26.806998793837323
0.9053098652476883 26.8079722023352
0.9054146573547917 26.809056254267613
0.9055194493651048 26.810169439359875
0.9056242412781113 26.81108342395212
0.905729033092324 26.812056694813943
0.9058338248055703 26.813260258216168
0.9059386164157333 26.81455184684509
0.9060434079211226 26.81551876121935
0.9061481993208229 26.816335765195145
0.9062529906144855 26.81709207687949
0.9063577818019078 26.81802074322259
0.9064625728831902 26.819145983586665
0.9065673638583649 26.820312654326496
0.906672154727605 26.821358824095
0.9067769454910372 26.822298212810644
0.9068817361492836 26.822275702695833
0.9069865267033508 26.82080867727862
0.9070913171544658 26.818740235948894
0.907196107503953 26.816116117865278
0.9073008977532856 26.811744278283914
0.9074056879038362 26.806136184245524
0.907510477956993 26.79987995451168
0.9076152679144674 26.792034054336
0.907720057778208 26.783030055665478
0.907824847550126 26.772751034794453
0.9079296372322087 26.761102448486767
0.9080344268264272 26.74873939122039
0.9081392163346205 26.734506574814837
0.9082440057586898 26.71983468110559
0.9083487951006105 26.705657370869016
0.9084535843625863 26.692214334608057
0.9085583735546896 26.679734236860632
0.9086631636934974 26.668592158118457
0.9087679564717369 26.659503021432826
0.9088727514865487 26.652865377098138
0.9089775468187458 26.648543970417677
0.9090823415609545 26.646280992390874
0.909187135761728 26.646368328830505
0.9092919295481244 26.649798209051013
0.9093967230804123 26.655918307472877
0.9095015165039607 26.6627700986451
0.9096063100113514 26.669204087318192
0.9097111038462292 26.67522702063889
0.9098158980673394 26.681387689853672
0.9099206926185546 26.687909730617726
0.9100254873643714 26.695348150389435
0.9101302821081199 26.703168008946808
0.9102350767548387 26.71068054771163
0.9103398713242427 26.717184921160385
0.9104446658409916 26.723062578261434
0.9105494603114234 26.729178797603236
0.9106542547379965 26.735423398879668
0.9107590491344741 26.741157831571275
0.9108638435171027 26.746462375525947
0.9109686378634094 26.75185436770822
0.9110734321681 26.75737153062032
0.9111782264228353 26.76209073676516
0.9112830206530932 26.76576897544807
0.9113878149073383 26.768925187286186
0.9114926092065505 26.771878225096373
0.9115974035610817 26.77488353583282
0.9117021979551171 26.777842566682256
0.9118069923560094 26.780487824921984
0.9119117867363554 26.78279809642002
0.9120165810788504 26.78484044400171
0.9121213753894366 26.78689795771677
0.9122261696751834 26.789317223205714
0.9123309639418342 26.791975545724256
0.9124357581944513 26.79400361354194
0.9125405524336481 26.795173298491676
0.9126453466374566 26.796327425694464
0.9127501407831453 26.797831665053856
0.9128549348576569 26.799046713528362
0.9129597288573401 26.79983701724279
0.9130645227845191 26.8008538763466
0.9131693166438148 26.801969473711516
0.9132741104389832 26.80265746488265
0.9133789041725118 26.803209891131306
0.9134836978410491 26.804066374113148
0.9135884914361133 26.804879247490234
0.9136932849489533 26.80556653219264
0.9137980783740361 26.80656419538178
0.9139028717086964 26.807612819121193
0.9140076649519002 26.808608450221413
0.9141124581033757 26.809765844043845
0.9142172511628622 26.810751721767787
0.9143220441293812 26.8116589339703
0.9144268370011577 26.81277336926626
0.9145316297760521 26.814070984498695
0.9146364224521323 26.815179542095585
0.9147412150281271 26.816052520618978
0.9148460075034917 26.816805859800084
0.9149507998780942 26.817647976576595
0.9150555921518257 26.818702852085487
0.9151603843247241 26.819880891393815
0.9152651763970293 26.82097710244153
0.9153699683687159 26.82195259977182
0.9154747602400897 26.822479959701916
0.9155795520119344 26.821587207451948
0.9156843436853946 26.819626628592662
0.9157891352617014 26.817353308096003
0.915893926742265 26.813757227942972
0.9159987181283548 26.80846583500835
0.9161035094212033 26.80257014531562
0.9162083006223212 26.795405628275077
0.9163130917333988 26.786768600409175
0.9164178827563478 26.777097851449305
0.916522673693084 26.76589862569832
0.9166274645455306 26.753850853777045
0.9167322553154533 26.740461771886505
0.9168370460045527 26.725687897582446
0.9169418366145979 26.7113004120943
0.9170466271476021 26.697499834773264
0.9171514176056635 26.6846255602439
0.9172562083445451 26.672899958146793
0.9173610011985422 26.662885174700133
0.9174657967683018 26.655257442792085
0.9175705934514222 26.650059772285207
0.917675389578997 26.646945582402495
0.9177801852267768 26.64604309475898
0.9178849803918283 26.648008742777424
0.9179897752198573 26.653284750930034
0.9180945698795668 26.65999950491934
0.91819936451444 26.6667572355733
0.9183041594038244 26.672824432358574
0.9184089546645374 26.67893945791171
0.9185137502887092 26.68516925883047
0.9186185461627179 26.692308298549996
0.9187233421079463 26.699982924868408
0.9188281379690093 26.707822843710414
0.9189329337480778 26.714646863164035
0.9190377294683111 26.720710119693816
0.9191425251349118 26.72671793947544
0.9192473207425471 26.733052331235733
0.9193521163014938 26.738970060157143
0.919456911820431 26.744375577589814
0.9195617073073781 26.749714485333044
0.9196665027312306 26.755290038373353
0.9197712980898897 26.760340920192967
0.9198760933882353 26.764407094810874
0.9199808886742373 26.76769390560481
0.9200856839921997 26.770723244924255
0.9201904793580754 26.773688080503113
0.9202952747690605 26.776685874894376
0.9204000701979365 26.77948934186456
0.920504865613882 26.781908015547184
0.9206096609858021 26.784061783951618
0.9207144563071735 26.786079424791165
0.920819251599066 26.78831286440657
0.9209240468691725 26.790921534340157
0.9210288421219124 26.79338063409413
0.9211336373636709 26.794804938448294
0.921238432581075 26.795834441260347
0.9213432277500352 26.797225355735662
0.9214480228535663 26.798649449257763
0.9215528178789529 26.799559901939922
0.9216576128268043 26.800430273380353
0.921762407707405 26.801583949252738
0.9218672025247429 26.802453733689056
0.9219719972822815 26.802981600159498
0.9220767919798969 26.803712010325395
0.9221815866112032 26.80460542615031
0.9222863811673188 26.805293091953313
0.9223911756415473 26.806142897434135
0.9224959700303456 26.807238892689288
0.9226007643324328 26.808200938297514
0.922705558547265 26.809320476274202
0.9228103526748708 26.81039413277808
0.9229151467148793 26.81129639711604
0.9230199406660888 26.81231913703453
0.9231247345266372 26.813564611707235
0.9232295282946791 26.814820764597453
0.9233343219687016 26.815741044613763
0.9234391155477902 26.81653000842452
0.923543909031839 26.81730837402135
0.9236487024209261 26.818280930498947
0.9237534957151136 26.819432184575646
0.9238582889146854 26.820578006641703
0.9239630820198254 26.821596614079667
0.9240678750306353 26.82245348780021
0.9241726679476998 26.822150417865636
0.9242774607721078 26.820468053550215
0.9243822535052336 26.81834483470483
0.924487046148478 26.815452072361047
0.9245918387034533 26.81072135873221
0.9246966311713085 26.805022897477535
0.9248014235532098 26.79851018619002
0.9249062158506108 26.79036218909091
0.925011008065327 26.781163719219542
0.9251158001993222 26.77055996473767
0.9252205922545272 26.758753728455083
0.9253253842329403 26.74612332663837
0.9254301761362405 26.73160737523664
0.9255349679659931 26.71702365582932
0.9256397597239062 26.702957677333522
0.9257445514118842 26.689701899515164
0.9258493430859668 26.677459263889492
0.92595413609645 26.666653449463386
0.926058931878877 26.658045543124942
0.926163729574965 26.651896652749404
0.926268527110465 26.64797125552593
0.9263733241447925 26.646136096863533
0.9264781206922886 26.64678017594302
0.9265829168314672 26.650866753169225
0.9266877127210178 26.657252164774064
0.9267925085124614 26.66410672748455
0.9268973044510759 26.67043032642932
0.927002100732513 26.67649774978038
0.9271068973928882 26.68267796895318
0.92721169435273 26.68936237530373
0.9273164914571868 26.69687378730109
0.9274212885144048 26.704723603242293
0.9275260854863963 26.712021274485686
0.927630882393235 26.71843708724436
0.9277356792411446 26.724327991588282
0.927840476014019 26.73050686690076
0.9279452727118301 26.73667968019589
0.9280500693450482 26.74231376876289
0.9281548659393968 26.747605250805222
0.9282596624542436 26.7530366546361
0.9283644588916562 26.75841516733537
0.9284692552429362 26.762928440513726
0.9285740515365611 26.766456419345097
0.9286788478306485 26.769563198720633
0.928783644160486 26.772487337225268
0.9288884405330203 26.775490358113977
0.9289932369303822 26.778417742119018
0.9290980333222009 26.780984374605694
0.9292028296707099 26.78326340013586
0.929307625951792 26.785292474114083
0.9294124221821678 26.78739904274518
0.9295172183850084 26.789894242136675
0.9296220145662147 26.792552437083295
0.9297268107325264 26.79434033793006
0.9298316068811959 26.795425130269457
0.9299364029902691 26.796658610740653
0.9300411990395846 26.79816509802968
0.9301459950058303 26.799273870899967
0.9302507908785718 26.80005443465922
0.930355586672711 26.801124279359207
0.9304603824034202 26.80218369587233
0.9305651780740988 26.802798090528785
0.9306699736871006 26.803401687463328
0.9307747692391064 26.80428843543703
0.9308795647223306 26.805057494764064
0.9309843601294596 26.805775857649834
0.9310891554562376 26.806827456018
0.9311939507010127 26.80783365049055
0.9312987458635896 26.80886737851443
0.9314035409442869 26.81001115999315
0.9315083359434203 26.81096094635255
0.931613130860598 26.811900830115768
0.9317179256946279 26.813067623389202
0.931822720443833 26.814377497836716
0.9319275151067764 26.8154061351085
0.9320323096824464 26.816253559297614
0.9321371041705898 26.817002799536205
0.9322418985713392 26.817891630441046
0.9323466928849568 26.818985810291572
0.9324514871117555 26.82015814509751
0.932556281251993 26.82122536703997
0.9326610753057123 26.82218567478113
0.9327658692732405 26.822466853077152
0.9328706631553769 26.821277565332252
0.9329754569533978 26.81925332748101
0.9330802506685906 26.816832501076217
0.9331850443024364 26.812848587904462
0.9332898378561747 26.80737055992547
0.9333946313308006 26.80132097097414
0.9334994247276425 26.793806840165754
0.9336042180483067 26.784976595457728
0.9337090112944985 26.775015767591917
0.9338138044679417 26.763572642083155
0.9339185975703952 26.75140649203712
0.9340233906034369 26.73756883325215
0.9341281835685507 26.722815319857443
0.934232976467275 26.708530554455265
0.9343377693013868 26.694900221078537
0.9344425620728202 26.682203298949076
0.9345473554038075 26.670778092929055
0.9346521511578804 26.661218770624984
0.9347569188095268 26.65408705138978
0.9348616871083048 26.64933604206657
0.9349664546069986 26.64661197594279
0.9350712524642101 26.646168889522798
0.9351760498725998 26.648849367619846
0.9352808469524826 26.6545807062614
0.935385643868344 26.661375206163218
0.9354904408063457 26.667991380527805
0.9355952380382889 26.67406432146371
0.9357000356452161 26.68022125953286
0.9358048029425192 26.6865646579809
0.9359095704498654 26.693827381809104
0.9360143379733561 26.701549004994693
0.9361191054136234 26.709246910360783
0.9362238727841808 26.715949727827034
0.9363286400916323 26.721916707615975
0.9364334379638346 26.728005323086414
0.9365382357421248 26.734332953471554
0.9366430334394666 26.740151914211665
0.9367478310705812 26.74548658443435
0.9368526286253986 26.750832636755366
0.9369574260902043 26.756386356324782
0.9370622234548034 26.761272844233677
0.9371670207286688 26.765136443067156
0.9372718179597527 26.768336921494168
0.9373766152080328 26.771310850379454
0.937481412495417 26.7742930700562
0.9375862098145599 26.77727093104409
0.9376910071390147 26.78000991317247
0.9377958044304995 26.782395467143864
0.9379006016472987 26.784502253449062
0.9380053987921874 26.786542899108042
0.9381101958939009 26.78885926561788
0.9382149929726565 26.791494531909407
0.9383197900333232 26.793775700206915
0.9384245870808355 26.795079200608445
0.9385293840998477 26.796138429073558
0.9386341810683316 26.797580978210387
0.9387389779565762 26.79891019629748
0.9388437747437431 26.799744780115653
0.9389485714350936 26.80068169220022
0.9390533680531058 26.801832339004058
0.9391581646124342 26.802617735927676
0.9392629611160055 26.803144434079304
0.9393677575633835 26.803935918092506
0.9394725539486719 26.804798799181874
0.9395773502643813 26.805472357804383
0.939682146505427 26.806389415958428
0.9397869426695282 26.807467137212083
0.9398917387564163 26.80843797621867
0.9399965347666585 26.809580297668845
0.9401013307010504 26.81061351481443
0.940206126559902 26.811516356068253
0.9403109223426491 26.812591214516857
0.94041571804811 26.813869710623994
0.9405205136749708 26.81505922213865
0.9406253092221444 26.81595380969037
0.9407301046891173 26.816721508882416
0.9408349000760609 26.81753040103947
0.9409396953832895 26.818545237549902
0.9410444906111535 26.819715453587076
0.941149285760082 26.82083295774348
0.9412540808302946 26.82182640520793
0.9413588758218422 26.82255008522966
0.9414636707352827 26.821961363502535
0.9415684655716743 26.82011463113097
0.9416732603322212 26.817926577408585
0.9417780550180961 26.814704555796858
0.9418828496306095 26.80966504266543
0.9419876441709245 26.803880733644796
0.942092438640179 26.797059425660457
0.9421972330397065 26.78864410930322
0.9423020273710554 26.779225049683802
0.942406821635721 26.768311335464382
0.9425116158352836 26.756377400862768
0.9426164099712936 26.7434045898803
0.942721204045179 26.728708530306385
0.9428259980582662 26.7142187151752
0.9429307920119707 26.70027430231033
0.9430355859079507 26.687213475957662
0.9431403799032758 26.675223186885766
0.9432451756318793 26.664796228257728
0.9433499435272036 26.656677551880108
0.943454712967565 26.651010718377968
0.9435594817227647 26.64747239465948
0.9436642500406778 26.646083591260656
0.9437690179860954 26.647334177313585
0.9438737855747743 26.65202489856403
0.9439785529191445 26.6585919747884
0.9440833202229263 26.665419586506054
0.9441880877437672 26.671646184173248
0.9442928556193474 26.67776272444697
0.9443976238632167 26.683949995292167
0.9445023923744208 26.690817834546863
0.9446071609777951 26.698378187840408
0.9447119295137204 26.70624139894802
0.9448166979765996 26.71332875983881
0.9449214663707253 26.719615039817644
0.9450262346723703 26.7255678377853
0.9451310028629499 26.731827236697683
0.9452357709545588 26.73789418681268
0.9453405389578086 26.743411174707038
0.9454453068881984 26.74870779511115
0.9455500747107951 26.75419162549963
0.9456548424268997 26.759400567588862
0.9457596100311308 26.763696268986983
0.9458643775515749 26.767099981272793
0.9459691450498647 26.770150283348393
0.9460739125779603 26.773079066051473
0.9461786801403769 26.776077608873507
0.9462834477176301 26.778956817287682
0.9463882152754359 26.781465598392252
0.9464929827593975 26.78369933010061
0.9465977501449104 26.78572894647524
0.9467025174614736 26.78788679341791
0.9468072847443043 26.790434300795425
0.9469120826572146 26.79304701254619
0.9470168805557219 26.794642766162823
0.9471216784338248 26.79567635679476
0.9472264762705425 26.79697361558867
0.9473312740342104 26.79845647293677
0.9474360716930466 26.799470861170295
0.9475408692427789 26.800273278911064
0.9476456666996912 26.801386765960082
0.9477504640890955 26.80237186773479
0.9478552614236198 26.802936535425495
0.9479600587048912 26.803595151200863
0.9480648559295449 26.804495925682172
0.9481696530906778 26.80522089923973
0.9482744501825147 26.80598541787245
0.9483792472022449 26.807066789272874
0.9484840441496027 26.808043700811798
0.9485888410253444 26.809118984662202
0.9486936378305605 26.810233813251365
0.9487984345663507 26.8111569145061
0.9489032312328801 26.81214138740249
0.9490080278295903 26.813352730234143
0.949112824351788 26.8146504815124
0.9492176207905263 26.815618736695086
0.949322417147135 26.816436937486657
0.9494272134244581 26.81719698829808
0.9495320096239271 26.81812945076727
0.949636805747118 26.81925380515524
0.9497416017953663 26.820414065655562
0.9498463977695103 26.821454891909227
0.9499511936696273 26.82239767018477
0.9500559894983772 26.82240018995786
0.9501607852592604 26.820952896857186
0.9502655809550788 26.818883185687092
0.9503703765877342 26.816266170084862
0.950475172159674 26.811913372749622
0.9505799676720407 26.806312165529604
0.9506847631264205 26.80006788664711
0.9507895585252535 26.792233482321556
0.950894353871149 26.783230835753095
0.9509991491658119 26.772967309757085
0.9511039444053292 26.761332121876606
0.9512087395876125 26.748984721619163
0.9513135347139402 26.734772774383757
0.951418329785481 26.720094386876994
0.9515231248034652 26.705909499324175
0.9516279197692649 26.692456079433825
0.9517327146894499 26.679968255878165
0.951837510515861 26.668827448831358
0.9519422783352766 26.659722257677096
0.9520470484598874 26.65306075204621
0.9521518186476655 26.648702596060104
0.952256588001231 26.646378324685863
0.9523613569927362 26.646410271236054
0.952466125566687 26.64976088938711
0.9525708938117114 26.65583541164237
0.9526756619009814 26.66266613161151
0.9527804303070346 26.669169060839216
0.9528851990528686 26.67525623636002
0.9529899681728202 26.68143755971366
0.9530947376103271 26.687909294927536
0.9531995072158703 26.69526957627008
0.9533042766766021 26.70302814576295
0.9534090461040546 26.710564252319987
0.9535138155368346 26.717188680605034
0.9536185848755919 26.723110860794463
0.9537233540911301 26.729243722944755
0.9538281231899955 26.735515069841654
0.9539328921857573 26.74125318430531
0.9540376610946667 26.746545902609355
0.9541424298926554 26.751906394679164
0.9542471985762768 26.757377879462304
0.9543519671329402 26.762106011769326
0.9544567355762777 26.76579659146371
0.9545615039515809 26.768935398157026
0.954666272330836 26.771866381468616
0.9547710407437023 26.774853938621018
0.9548758091794733 26.777814211762454
0.95498057760999 26.78049183757632
0.9550853459771352 26.7828466052288
0.9551901142332789 26.78491852124807
0.9552948823894645 26.78698654367757
0.9553996504876217 26.789379163410576
0.955504418559837 26.792032335481238
0.9556091866138823 26.794113824567656
0.9557139546525902 26.795307344901484
0.9558187226592724 26.79642509367978
0.9559234906049496 26.797902195619194
0.9560282584472292 26.7991327480947
0.9561330261593561 26.799924239437306
0.9562377937034239 26.80091836218209
0.9563425611107196 26.80204357671925
0.9564473284264928 26.802759459272053
0.9565521263469668 26.803304804119726
0.9566569242085599 26.804148010729666
0.9567617219922132 26.80496819906955
0.956866519693564 26.80564598363909
0.9569713173163849 26.80661986952979
0.957076114851916 26.807669417275832
0.9571809123023568 26.80866300026228
0.9572857096794165 26.80981318454308
0.9573905069930243 26.810810220630586
0.9574953042426803 26.81172615247037
0.9576001014249701 26.812848142593033
0.9577048985377503 26.81414974280876
0.9578096955807752 26.815268343611987
0.9579144925543899 26.81614203590593
0.9580192894615197 26.816897797236166
0.9581240863037129 26.817742599828733
0.9582288830822259 26.818796086747234
0.9583336797986481 26.81996972006212
0.9584384764537245 26.82106095779848
0.9585432730469201 26.82203529260525
0.95864806957956 26.822591313249717
0.9587528660545337 26.821736410418897
0.9588576624744793 26.819785229768943
0.9589624588409944 26.817516377247266
0.9590672551558324 26.813954669225787
0.9591720514204072 26.808685720643176
0.9592768476353406 26.802802683203744
0.9593816438023349 26.79566997695788
0.9594864399236637 26.787044907198243
0.959591236001078 26.777396093676796
0.9596960320361332 26.766225193215448
0.9598008280303827 26.754191712818777
0.9599056239848153 26.740849289286942
0.9600104199004726 26.72607790168395
0.9601152157784896 26.711678665183335
0.9602200116207629 26.69786061051438
0.9603248074288898 26.684970960311176
0.96042960358216 26.67323173403375
0.9605343711834471 26.663187667688533
0.9606391415534693 26.655515450987167
0.960743913094221 26.650272633967635
0.960848683445206 26.647079660006725
0.9609534534469812 26.646111257259435
0.9610582229996243 26.647965024665186
0.9611629921402817 26.653157736148874
0.9612677610134607 26.659838987863345
0.9613725300563765 26.666626948564527
0.961477299602858 26.672776177719886
0.9615820695150291 26.678923899586323
0.9616868397836272 26.685145693879075
0.9617916102883484 26.692184594881315
0.9618963806408698 26.69979307925882
0.9620011507835472 26.70760976439565
0.9621059210144384 26.7145468892475
0.9622106913163719 26.72069278162884
0.962315461506844 26.726733487454077
0.9624202315673795 26.733060620634973
0.9625250015117348 26.738999584309063
0.9626297713509132 26.744415477321166
0.9627345410870873 26.74972498188753
0.9628393106952029 26.755252678049636
0.9629440801707718 26.76029769454977
0.9630488495118579 26.764391131163954
0.963153618749925 26.76769006461201
0.9632583879468748 26.770688790135313
0.9633631571697162 26.77363782980384
0.9634679264216501 26.776628382886962
0.9635726956812851 26.779450546177976
0.9636774648981998 26.781924095697597
0.9637822340024261 26.78410909424203
0.9638870029594279 26.786146102472923
0.9639917717506764 26.78836404332957
0.9640965404539008 26.790951595133595
0.964201309152506 26.79345137723295
0.9643060778620652 26.79491614422875
0.964410846512901 26.795930419263478
0.9645156150784056 26.79727963986766
0.9646203835381537 26.79871388958731
0.9647251518208593 26.799642511805107
0.9648299198957575 26.800489184938904
0.9649346877866563 26.801632218264363
0.9650394555557618 26.80253719352961
0.9651442232528346 26.803074315013493
0.965248990909555 26.803784590218815
0.9653537585076856 26.80468036910304
0.9654585260381143 26.80537067467771
0.9655632934958578 26.80618975325391
0.9656680608600108 26.80727637598899
0.9657728587750175 26.80824615008636
0.9658776565965869 26.809351680588772
0.9659824543407822 26.81043492957967
0.9660872520243395 26.811346365372906
0.9661920496548309 26.81237529895879
0.9662968472308696 26.813622446948802
0.9664016447522568 26.814890201229833
0.9665064422183929 26.81581493952877
0.9666112396317276 26.816608388993906
0.9667160369951439 26.81738839572772
0.9668208343094853 26.81835861984811
0.9669256315758271 26.81950515848384
0.9670304287951935 26.820646773921418
0.9671352259666403 26.821664098435527
0.9672400230898965 26.8225401614885
0.9673448201670594 26.822290872651593
0.9674496172005083 26.820644012350556
0.967554414191679 26.81852519136815
0.967659211141479 26.815673140083163
0.9677640080511349 26.81099367726106
0.9678688049207118 26.805308451749216
0.9679736017509633 26.79883744562172
0.9680783985436892 26.790727195680233
0.9681831953006163 26.781553363888833
0.9682879920230002 26.77099946370561
0.968392788712161 26.759220004946
0.9684975853688896 26.746639756539256
0.9686023819937274 26.732162215685456
0.9687071785875261 26.71756226313193
0.9688119751520037 26.70347630761961
0.9689167716884669 26.69019147824904
0.9690215683112487 26.677918813164602
0.9691263357337659 26.66707650842902
0.9692311059368962 26.65840077922917
0.9693358781620599 26.65217773510163
0.9694406498507243 26.648167954165856
0.9695454207799151 26.64623386508137
0.9696501912633022 26.646757483300064
0.969754961272355 26.650705769720233
0.9698597309244326 26.65702929843388
0.9699645004287798 26.663868948626224
0.9700692706792904 26.670282734444765
0.9701740413097563 26.676396279375858
0.9702788123150841 26.682588944749988
0.9703835836164758 26.689190548187312
0.9704883548808512 26.696627016265463
0.970593125696155 26.704418345963944
0.970697896561821 26.711798589595425
0.9708026675384237 26.718328633223706
0.9709074385489072 26.724251574378414
0.9710122095046793 26.73042554400788
0.9711169803427565 26.736634643164756
0.971221751063454 26.742281953381557
0.9713265216829693 26.747552724100455
0.9714312921674687 26.752942683239404
0.9715360625175805 26.75830472061162
0.9716408326938983 26.76285910053083
0.9717456026557127 26.766414036171746
0.9718503724495998 26.769495962707825
0.9719551422034161 26.77240710089376
0.9720599120492037 26.77539696407644
0.9721646819081526 26.77833494399465
0.9722694517350424 26.78095408257789
0.9723742214675715 26.783272871344387
0.9724789909983503 26.785325597219042
0.9725837603253804 26.787429429841616
0.9726885295075512 26.789889055008473
0.9727932986406391 26.79255122063838
0.9728980678004309 26.794420776305778
0.9730028369425522 26.795521890103156
0.973107606012936 26.796706327519917
0.9732123750010003 26.798197548569448
0.973317143825009 26.799334556603284
0.9734219124263813 26.800110510972573
0.9735266808132103 26.801155336457157
0.9736314490326894 26.80224031639243
0.9737362171480702 26.802887813980007
0.9738409852124396 26.80347066194407
0.9739457532370842 26.80434709727021
0.974050521209593 26.805124432484263
0.9741552891151626 26.80582299670904
0.974260056925662 26.806846856118995
0.9743648246332499 26.807865006851557
0.9744695922414512 26.808886192103163
0.9745743597588201 26.81003067144576
0.9746791271933293 26.81099625590999
0.9747838945647037 26.811938395926497
0.9748886618819518 26.813103230187807
0.9749934598005678 26.81441831050241
0.9750982576674292 26.815463927323282
0.9752030554791598 26.81631775432605
0.975307853235883 26.817068554484806
0.9754126509427573 26.817952393291144
0.9755174486046169 26.8190397089803
0.9756222462270703 26.82020827333935
0.9757270438151 26.821275152503162
0.9758318413703465 26.82223709707013
0.9759366388881014 26.82258661353776
0.9760414363669655 26.821470541534104
0.9761462338093604 26.819456510717625
0.9762510312188019 26.81706710933285
0.9763558285973438 26.81316520066011
0.9764606259487649 26.807722565510964
0.9765654232746778 26.801709931369984
0.9766702205725674 26.79426826999031
0.9767750178430998 26.785470362917962
0.9768798150881699 26.7755733147953
0.9769846123095123 26.764183551130913
0.9770894095100559 26.75205302968221
0.9771942066921231 26.738315491937968
0.9772990038555713 26.723548671891773
0.9774038009964218 26.709239638733855
0.977508598113853 26.69556741660716
0.9776133952092149 26.68283224904608
0.9777181625138219 26.671360471260314
0.9778229322488121 26.661709959666823
0.9779277046351349 26.65447021044003
0.9780324776083016 26.649618654185886
0.978137249308683 26.646765230108088
0.9782420206165572 26.646200463139273
0.97834679142056 26.64868154824947
0.978451561784514 26.65429174173745
0.9785563318727 26.661052165662067
0.978661102407327 26.667729254275727
0.9787658736371195 26.673871807048066
0.9788706452442898 26.680048524165237
0.9789754171978315 26.686353178641617
0.9790801892635174 26.693512194142194
0.9791849607505224 26.701168455300753
0.9792897321695009 26.708890949450264
0.9793945036998173 26.715725828148017
0.9794992752805844 26.72175902682775
0.9796040468240682 26.727865613616828
0.9797088182918885 26.734209496772415
0.9798135896695096 26.740047812036476
0.9799183609434957 26.745381306554535
0.9800231320923182 26.750698936926796
0.9801279030560871 26.75622173149644
0.9802326738043257 26.76113152835704
0.9803374443145304 26.765039134754407
0.9804422146197267 26.76824888978266
0.9805469847965058 26.771205557483675
0.9806517550279055 26.77417333621191
0.9807565253212956 26.777154425000056
0.9808612956057665 26.779925941112324
0.9809660658377414 26.782363464243026
0.9810708358869734 26.784501897090756
0.9811756057135628 26.78655089546867
0.9812803753518732 26.78883581386308
0.9813851448878657 26.791455598996677
0.9814899144240423 26.793811626599204
0.9815946839824052 26.795159326849877
0.9816994534939696 26.796185322412086
0.9818042229462753 26.79758386018014
0.9819089922619887 26.79894568871806
0.9820137613563793 26.799802123565996
0.9821185302154734 26.800706069163596
0.9822232988706682 26.80185947253886
0.9823280673821998 26.80268781767512
0.9824328358113862 26.803214503485258
0.9825376042045431 26.80397664246349
0.9826423725638835 26.804849303741342
0.982747140867109 26.805522409249225
0.982851909080837 26.806399836547257
0.9829566771896617 26.80747966310895
0.9830614451926617 26.8084505193696
0.9831662130970605 26.809578191800725
0.983270980914655 26.810628981214695
0.983375748657405 26.811539206192183
0.983480516332393 26.81261151248153
0.9835852839512769 26.813887026276173
0.9836900515138739 26.81510163117882
0.9837948190184826 26.816000059884146
0.9838995864565089 26.816773934017398
0.9840043538321914 26.817578518213324
0.9841091211574161 26.818584143173542
0.9842138884377574 26.81974723955713
0.9843186863284829 26.820865733828896
0.9844234841789987 26.82186233312266
0.984528281988403 26.82263467786533
0.9846330797567197 26.822138268482334
0.9847378774861153 26.820337271006267
0.9848426751801339 26.81816396435525
0.9849474728411562 26.81503745354871
0.9850522704718165 26.810078788365004
0.9851570680725169 26.80431918657782
0.9852618656428097 26.79758836745552
0.9853666631829541 26.789238100999988
0.985471460694984 26.779879586546162
0.9855762581799268 26.76905348377927
0.9856810556389913 26.75715886634854
0.9857858530740191 26.744295552287618
0.9858906504850403 26.729641458353544
0.9859954478716032 26.715121992021963
0.9861002452344285 26.701138887609286
0.9862050425750488 26.688025250510584
0.9863098402745569 26.675968886055443
0.9864146093288488 26.665445297622448
0.9865193812337208 26.65719005480904
0.9866241548437263 26.651386714331444
0.986728927244558 26.647707446692465
0.9868336990482776 26.646164822981813
0.9869384703609186 26.647205776965706
0.9870432411863986 26.651697582502674
0.9871480116624091 26.65819900444598
0.9872527820867084 26.665025169576033
0.9873575536333997 26.671363859125
0.987462325576288 26.677511936535886
0.9875670978995247 26.683706525748637
0.9876718704579046 26.690454911223952
0.98777664251082 26.697943458581186
0.9878814142809401 26.70576198537493
0.9879861861586413 26.712984647013933
0.9880909581152967 26.719391696457755
0.9881957300570104 26.725361379390016
0.988300501929194 26.731598788273423
0.9884052737119807 26.737714428370687
0.9885100453916581 26.74325935237603
0.9886148169649942 26.748527695503718
0.9887195883639914 26.753960934797874
0.9888243595626267 26.75918691569288
0.9889291305228256 26.76355095441447
0.9890339012545027 26.76698937618766
0.9891386718148614 26.770019727074306
0.9892434423355465 26.77293738791215
0.989348212953751 26.775928821071922
0.9894529836011563 26.778833804066068
0.9895577542398657 26.781401027321664
0.9896625247406814 26.783673872156854
0.9897672950184038 26.785720833777905
0.989872065083137 26.787866660614554
0.9899768349960468 26.790379777579957
0.9900816048561767 26.79302616395067
0.9901863747562764 26.79469654108732
0.9902911446489889 26.79573587824816
0.9903959145007007 26.79698061411218
0.9905006842548172 26.79846554608914
0.9906054538040968 26.79951527903986
0.9907102231104332 26.800300746643057
0.9908149921882526 26.801389760759456
0.9909197610834085 26.802417419578255
0.991024529861805 26.803008673501555
0.9911292985802452 26.803638339955967
0.9912340672698564 26.804531072948038
0.9913388359134305 26.80527070631966
0.9914436044759951 26.806002053335924
0.9915483729357679 26.80706404944906
0.9916531412867909 26.8080520724466
0.9917579095333698 26.80910816939472
0.9918626776853151 26.810234708491947
0.9919674457560326 26.811173528015694
0.992072213758991 26.81215424010402
0.9921769816997511 26.813358444709262
0.9922817495788071 26.81466669402473
0.9923865173966284 26.815652777313566
0.9924912851515928 26.816480968240043
0.9925960528451405 26.817239525403075
0.9927008204827301 26.818162408325314
0.99280558806736 26.819277153176657
0.9929103556023549 26.82043591146118
0.9930151230898604 26.821479726878128
0.9931198905301016 26.822434681681177
0.9932246579229616 26.822539768833064
0.9933294252701523 26.82118259596376
0.9934341925745778 26.819127361481232
0.9935389904897187 26.81657729591249
0.993643788366443 26.812345302048122
0.9937485862063152 26.806779325466444
0.9938533840100006 26.800604547446518
0.993958181778196 26.792871462388728
0.9940629795120844 26.783920749684096
0.9941677772127311 26.773760885035998
0.9942725748815838 26.762190549140918
0.9943773725203047 26.749916716704266
0.994482170129785 26.73582478196542
0.9945869677098562 26.72111733430677
0.9946917652614571 26.70689672590128
0.9947965627851635 26.693382282207022
0.9949013602924236 26.68082168160916
0.995006128793846 26.669602756885098
0.9951108999182703 26.660349866819743
0.9952156735074482 26.653529033245746
0.9953204469392329 26.649027221043777
0.9954252191461376 26.646530487207137
0.9955299909115815 26.64637600250216
0.9956347621668181 26.64946606805016
0.9957395329992674 26.655409378115937
0.9958443035878192 26.662213842569685
0.9959490749311676 26.668805334985965
0.9960538471478859 26.674944190499513
0.9961586197572548 26.681140185547587
0.9962633926855073 26.687540443500534
0.9963681652991524 26.694802122845356
0.9964729373791558 26.702496444777225
0.9965777095254396 26.71010963071422
0.9966824817799537 26.7168587616961
0.996787254045997 26.7228260602258
0.9968920262554998 26.728972320000455
0.996996798377563 26.735282862830005
0.9971015704010552 26.741040318536417
0.9972063423160089 26.746322995553605
0.997311114086598 26.751654882725518
0.9974158856662719 26.757121957278798
0.997520657018654 26.76189958182335
0.9976254281298854 26.765643170452673
0.9977301990398589 26.768785500525983
0.9978349698309833 26.77170922402217
0.9979397406870788 26.774687090741253
0.9980445116217254 26.777658675616962
0.9981492825792866 26.780381156517777
0.9982540534645411 26.782783590320072
0.9983588241444978 26.784884176521935
0.9984635945986737 26.786950913529562
0.9985683648662635 26.789303340297163
0.9986731350318082 26.791948221300327
0.9987779052021495 26.794126478088046
0.9988826754093661 26.795370147533294
0.9989874455973916 26.796436694660414
0.999092215731785 26.797879363234753
0.9991969856928737 26.799153940114763
0.9993017554151236 26.799960051310098
0.9994065248952397 26.80092033821413
0.9995112941659591 26.802061798422496
0.9996160632811935 26.802822442989985
0.9997208323117025 26.803355059091643
0.9998256012998962 26.804168186611985
0.99993037025182 26.80500676898207
1.0000351391354807 26.805673878198057
1.0001399079232236 26.806609098348574
1.0002446766032158 26.807668298385266
1.0003494451763593 26.808653433293458
1.0004542136504968 26.809796438895653
1.000558982036869 26.810813862007393
1.0006637503493414 26.811733082163293
1.0007685185984203 26.812846813855835
1.0008732867875598 26.814144384694643
1.0009780549163687 26.815293299948564
1.001082822982096 26.81617384101477
1.0011875909843058 26.816934612615913
1.0012923589274505 26.817770037042568
1.001397126816739 26.818810630137577
1.0015018946574183 26.81998092923956
1.0016066624539925 26.821075266879163
1.001711430208636 26.822053985097572
1.0018161979198412 26.82268584004643
1.001920965587233 26.821942169338456
1.002025733213181 26.82002875231984
1.0021305008011723 26.817790658154472
1.0022352683541422 26.814359487389723
1.0023400358749488 26.809173182612298
1.0024448033650661 26.80333229052693
1.0025495708243026 26.79632280906641
1.0026543382533641 26.787771654990717
1.0027591056543936 26.77821593659367
1.0028638730284987 26.767149180276853
1.0029686403777314 26.75516210015745
1.0030734077033108 26.741981583414166
1.0031781750047992 26.727234759714975
1.00328294228102 26.712801074076047
1.0033877401836933 26.698927263575076
1.0034925380630428 26.68597124383929
1.0035973060843315 26.67414381495601
1.0037020765453604 26.663953268058368
1.0038068498563457 26.65610218872046
1.0039116244651631 26.650688913884828
1.0040163972643015 26.647320759046075
1.0041211696573518 26.646165648337345
1.0042259415309722 26.647735928173372
1.0043307129166903 26.652706197720487
1.0044354839691763 26.659327300344305
1.00454025514748 26.66614916687588
1.0046450276136225 26.672395245022763
1.0047498006302666 26.678567732687053
1.0048545740095856 26.68477420483836
1.0049593472352762 26.69167900869088
1.0050641198400907 26.699213702275888
1.0051688923484183 26.707032240382084
1.005273664981994 26.714113622286554
1.0053784376511932 26.72037264033743
1.005483210276301 26.726419976918343
1.0055879828121745 26.73272664817108
1.0056927552452783 26.73871680180838
1.0057975275625577 26.744161739410565
1.0059022997575189 26.749445635921184
1.0060070717621237 26.754926485678574
1.0061118435521956 26.760010093841384
1.0062166150940135 26.764185679820862
1.0063213864058367 26.76752314744153
1.006426157550575 26.770510456104923
1.006530928664758 26.773445977666263
1.0066356998859218 26.776436619965658
1.0067404711615309 26.77929529094732
1.006845242425739 26.781825462987463
1.0069500135207206 26.784047990537275
1.0070547843883668 26.786097547239685
1.007159555045157 26.788287656712658
1.0072643255515945 26.790845014695545
1.0073690960096375 26.793412468036273
1.007473866517056 26.794947148604223
1.0075786370350308 26.79595113356236
1.0076834075345968 26.797247155005962
1.0077881779032432 26.798704173426863
1.007892948045371 26.799674268624372
1.0079977179366884 26.80049042513507
1.0081024875967504 26.801614964370014
1.0082072570708354 26.802573203851114
1.008312026417093 26.803128174106728
1.0084167957064551 26.803804190640555
1.0085215649576467 26.804701571918372
1.0086263341528927 26.80540493396406
1.0087311032627058 26.806181412659875
1.0088358722488424 26.807258070039175
1.0089406410966646 26.80823568389021
1.0090454098113337 26.809322617147576
1.0091501784056436 26.81042309501428
1.0092549469161398 26.81134614301999
1.0093597153599827 26.812366950395756
1.0094644837445417 26.8136041700832
1.0095692520712287 26.814890654179234
1.0096740203383303 26.81583196048299
1.0097787885440441 26.81663616418345
1.009883556691269 26.817410731087865
1.0099883247853625 26.818367953899738
1.0100930928316871 26.819504703717847
1.0101978608352753 26.82064891646961
1.0103026287996872 26.821671888483223
1.0104073967243712 26.82258410341595
1.0105121646077966 26.822452333409025
1.0106169324512864 26.82089281549178
1.0107217002583373 26.8187937217645
1.010826468032055 26.8160453284851
1.0109312357751914 26.811502462880462
1.0110360034900723 26.8058517591232
1.0111407711767342 26.799485442103588
1.0112455388348605 26.79149089816561
1.0113503064657827 26.782392090255346
1.0114550740712174 26.771970342691088
1.0115598416526723 26.760259190621312
1.0116646092117982 26.747798830474082
1.0117693767494105 26.733436424776322
1.011874144265056 26.718803376227733
1.011978911758318 26.704674307340095
1.0120836792298906 26.69131575287036
1.0121884468420361 26.678953210968743
1.012293216680512 26.667986278737835
1.0123979892793382 26.659118950525027
1.0125027641012858 26.65269598601519
1.0126075380133353 26.64850840191366
1.0127123108948117 26.646367060492032
1.0128170832893786 26.64663854358397
1.012921855162279 26.650286532397566
1.0130266266215846 26.656484331555873
1.0131313978675585 26.663309527638418
1.013236170109082 26.66982226659097
1.0133409433760734 26.675973655007798
1.0134457170816824 26.682178627202994
1.0135504907741069 26.688675772181302
1.0136552639480272 26.69602587606429
1.0137600367760142 26.70375588582505
1.0138648097301362 26.711254186500902
1.0139695827532291 26.717912838373046
1.0140743557555472 26.723864952842522
1.0141791286769992 26.730033111174066
1.0142839014949472 26.73628929771651
1.0143886741997499 26.74196509664982
1.0144934467856308 26.74722481341462
1.0145982192023777 26.75257545024027
1.01470299141556 26.7579591809955
1.0148077633856223 26.762593457281277
1.0149125351070236 26.766203780200275
1.0150173066259258 26.76928950793466
1.0151220780332724 26.772194184285645
1.0152268495110404 26.775177127444707
1.0153316210803642 26.77813565104961
1.0154363926899725 26.780809474152647
1.0155411641876515 26.783174922139963
1.0156459354671739 26.785250953596655
1.015750706520026 26.78734136968254
1.0158554773883828 26.789756697088883
1.0159602481532282 26.792418263659982
1.0160650189303266 26.79441237312581
1.0161697897556374 26.7955565198598
1.0162745605866526 26.7966800183904
1.0163793313397014 26.79815176053935
1.0164841018896489 26.799339170751665
1.016588872191595 26.800118701951753
1.0166936422490942 26.80112821688423
1.0167984120940918 26.802243036121347
1.0169031817769751 26.802939861944438
1.0170079513663826 26.803495279353946
1.0171127209150221 26.80435032930402
1.0172174904186562 26.805147571346378
1.017322259847169 26.8058244535761
1.0174270291522842 26.80680970037566
1.0175317983161845 26.807845350973256
1.0176365673395507 26.80885124443851
1.0177413362340981 26.80999788368995
1.0178461050124599 26.810986264747108
1.0179508737061038 26.81192383046815
1.0180556423377454 26.813075270050142
1.0181604109117606 26.814389328646172
1.0182651794275932 26.8154708263001
1.0183699478833665 26.816334876630396
1.0184747162803152 26.817088184681307
1.0185794846234608 26.81795740525548
1.018684252918015 26.819030562251534
1.0187890211691637 26.82019823096139
1.0188937893816021 26.8212712084543
1.0189985575554696 26.822237438131467
1.0191033256891187 26.822697007370785
1.0192080937836165 26.82171251660902
1.0193128618422904 26.81972515613051
1.019417629868135 26.81739439720566
1.019522397864408 26.813652790677498
1.019627165833063 26.808287010397578
1.0197319337742605 26.80234088909892
1.0198367016874401 26.79504752337256
1.0199414695735667 26.78632651426072
1.0200462374343489 26.77655422601669
1.020151005271447 26.76527383290061
1.0202557730868844 26.753201847497273
1.0203605408817635 26.739667769040842
1.0204653086551152 26.724893023918447
1.0205700764058063 26.71054178557601
1.0206748441341043 26.696796337877558
1.020779611841648 26.683990455545597
1.0208843809271995 26.67239827924552
1.0209891527254895 26.662557573023896
1.0210939273070807 26.65510315815647
1.0211987024787395 26.65005649617767
1.0213034758035755 26.646994581288048
1.0214082487205256 26.646214450360674
1.0215130211006407 26.648345527341295
1.0216177929997177 26.653732921629256
1.0217225645884576 26.66044035827983
1.0218273365094794 26.66719510931687
1.0219321097302139 26.673405059131685
1.0220368836018352 26.6795959822191
1.02214165767226 26.685850908447442
1.0222464314187236 26.692886335313297
1.0223512046104446 26.700468486583645
1.0224559778519506 26.708235982212656
1.0225607512029535 26.7152104519242
1.0226655245602263 26.721338949121822
1.0227702978518007 26.727449703404513
1.0228750710413046 26.73379752686576
1.0229798441190965 26.739678932840103
1.0230846170723558 26.745034071966284
1.0231893898861821 26.750326081247707
1.0232941624996836 26.755828974698765
1.0233989348842798 26.760788395065468
1.0235037070118822 26.764783830662605
1.0236084789079123 26.768031886132047
1.0237132506414217 26.770983566592232
1.0238180223556317 26.773938805870138
1.0239227941844753 26.776926409438268
1.0240275660892273 26.779739067984636
1.0241323379545673 26.782232526047167
1.0242371096273868 26.78440839785017
1.0243418810655778 26.786462624555337
1.0244466522945581 26.788707827303902
1.024551423376863 26.791302406760412
1.024656194411288 26.79375395215146
1.0247609655053231 26.795172554837265
1.0248657366301834 26.796170612372606
1.0249705077286049 26.79751569884335
1.0250752786613475 26.798921355769004
1.0251800493558834 26.799818560300466
1.025284819797311 26.80068084227333
1.0253895900073446 26.80182792119272
1.0254943600282918 26.80271424729269
1.0255991299162248 26.80324776710684
1.0257038997422698 26.803971242048288
1.0258086695290727 26.804856555944752
1.0259134392541656 26.805535100312657
1.0260182088661398 26.806364313674123
1.0261229783330588 26.80744353335481
1.0262277476490411 26.808418482079098
1.0263325168228759 26.809528428943967
1.026437285873716 26.81060264880609
1.026542054817923 26.811520361005776
1.0266468236700907 26.812579648616527
1.026751592455498 26.813844805439153
1.0268563611842991 26.815093578968323
1.02696112985522 26.81600203888957
1.0270658984680585 26.816786619830445
1.0271706670280036 26.81758203847299
1.0272754355401699 26.818572126129144
1.027380204009264 26.819726154030718
1.0274849724407653 26.820851509490687
1.0275897408371382 26.821855627281177
1.0276945091969216 26.822688654188347
1.0277992775195552 26.822325989244703
1.0279040458073299 26.82060272535054
1.0280088140635202 26.818455236249456
1.0281135822909668 26.81547091184305
1.028218350492235 26.81064869612053
1.028323118668696 26.80492685467257
1.0284278868198986 26.79833473281653
1.028532654945818 26.790102837895258
1.0286374230478825 26.78084174389351
1.028742191127629 26.770160104431838
1.0288469591869045 26.75833086700316
1.0289517272269857 26.74563050610976
1.0290564952478154 26.73106502147435
1.0291612632483484 26.716505010752044
1.0292660312278707 26.70246931876536
1.0293707991870817 26.68927137109879
1.0294755676056504 26.677106722235727
1.0295803386994298 26.666421332665
1.029685112662626 26.65794476383754
1.0297898885618415 26.65191780556752
1.0298946627120882 26.648037586618663
1.0299994361318945 26.646262967695332
1.0301042090313575 26.64699960313437
1.030208981405985 26.651178147229253
1.0303137533836328 26.657573561965417
1.03041852520312 26.66439784501725
1.0305232982535906 26.670844797991496
1.030628072192889 26.677013903803083
1.0307328465439445 26.6832183749003
1.030837620770236 26.68983653236013
1.0309423944418008 26.69724596421024
1.0310471679578315 26.705015530643095
1.0311519416140678 26.71238945049051
1.0312567153060848 26.71893220610606
1.031361488952688 26.72490373477146
1.0314662625019055 26.73111460862203
1.0315710359380332 26.737292824681308
1.0316758092500302 26.74288127831788
1.031780582435557 26.748127902899686
1.0318853554331204 26.75351150156211
1.031990128216169 26.758783154045815
1.032094900744683 26.763252620480188
1.032199673021336 26.7667497292967
1.0323044450975167 26.76978090829502
1.0324092170733903 26.772687817707283
1.032513989126994 26.775674830874152
1.0326187612889035 26.77861133871562
1.0327235334811196 26.781235351265508
1.0328283055280645 26.783556023232492
1.0329330773452523 26.785618465275057
1.0330378489346232 26.787743075179407
1.033142620343832 26.790213015302434
1.03324739165104 26.792875938879398
1.0333521629766858 26.794675290184607
1.0334569343656133 26.795741618520314
1.0335617057689954 26.796924676323755
1.0336664770577688 26.79840761190303
1.0337712481276073 26.799510923226023
1.0338760189419798 26.800284958774917
1.0339807895108797 26.80133963507201
1.0340855598695171 26.80241380968919
1.0341903300654423 26.803048363797313
1.0342951001603202 26.803641800023716
1.034399870211006 26.80452158621567
1.0345046402117994 26.805281903210755
1.0346094101112258 26.805981184472902
1.0347141798686312 26.807011738435996
1.0348189494702897 26.808019645805622
1.034923718920072 26.809052773637234
1.035028488231722 26.81019253991183
1.0351332574266519 26.811153897921045
1.0352380265237813 26.812120796944342
1.0353427955323207 26.813308103292613
1.035447564455112 26.814625669586484
1.035552333292975 26.815643805681095
1.0356571020439567 26.816487325154732
1.035761870710678 26.817242647550778
1.035866639299687 26.818148142409242
1.0359714078174909 26.819249001469174
1.0360761762706308 26.820410124695265
1.036180944667918 26.821462639385512
1.0362857130108318 26.82242067849794
1.0363904812946958 26.822668731196543
1.0364952495208346 26.821443416319944
1.0366000176934602 26.819409344130065
1.0367047858171192 26.81694724470894
1.036809553898211 26.812890973457062
1.0369143219411616 26.80738583228254
1.0370190899468814 26.801303307275248
1.0371238579151638 26.793726092004665
1.037228625848523 26.784855629902843
1.0373333937485487 26.774844285649188
1.0374381616178827 26.763376025542357
1.0375429294640777 26.751195777004217
1.0376476973068343 26.737300574551764
1.03775246514618 26.72255979891663
1.0378572329816995 26.70829250502088
1.0379620008146118 26.694691255313828
1.038066768646409 26.682033594129706
1.0381715386366157 26.670687349142096
1.0382763114691587 26.6612170614255
1.0383810869422114 26.65416155507242
1.0384858621440245 26.649457319372733
1.038590635716087 26.646726980011977
1.0386954088423748 26.646324093194472
1.0388001814384968 26.649043353563535
1.0389049535820292 26.65478792266896
1.039009725454633 26.661556268710566
1.0391144979030007 26.668232407804854
1.0392192716094957 26.674423878821948
1.0393240459108435 26.680631690656554
1.0394288203382525 26.686963448017156
1.0395335943782926 26.694106205736787
1.0396383680031085 26.701733459221487
1.0397431417751386 26.709428754992544
1.039847915631028 26.716306252899557
1.03995268947782 26.72233737178801
1.040057463249015 26.728490667011087
1.0401622369167407 26.73483303464438
1.0402670104731755 26.740625335485085
1.0403717839066604 26.745914073096394
1.0404765571899914 26.75121772111637
1.0405813302738238 26.75669453548344
1.0406861031229309 26.761537506415422
1.0407908757164248 26.765364373496475
1.0408956480859748 26.768535683778897
1.0410004203064278 26.771459391968722
1.0411051925261854 26.77442912850615
1.0412099648725384 26.777413561658634
1.041314737308898 26.78018109967489
1.0414195096715997 26.78263522787479
1.0415242818291766 26.784769003409274
1.0416290537516317 26.786831805707905
1.0417338254717006 26.7891389653409
1.0418385970549078 26.791765852070327
1.0419433685911899 26.79406540331136
1.0420481402013981 26.79537747491476
1.0421529118616202 26.79639591231126
1.0422576834701407 26.797791602785537
1.042362454891042 26.79912344261864
1.0424672260652155 26.79995954218076
1.0425719969842768 26.80087647286749
1.0426767676755457 26.80202866214384
1.0427815381810817 26.80284496754828
1.0428863085547457 26.80337139288384
1.0429910788549095 26.80414427185449
1.04309584911343 26.805004198863156
1.0432006192858458 26.80566899655779
1.0433053893235003 26.80655465556875
1.0434101592045533 26.80762534534155
1.0435149289273555 26.80860331903483
1.043619698501693 26.80973462278931
1.043724467944412 26.810779065039526
1.043829237278894 26.81170024314496
1.0439340065221179 26.81279688311529
1.044038775680473 26.814085315824176
1.0441435447549527 26.81527647862007
1.0442483137438798 26.81616697867419
1.044353082646113 26.816935858883177
1.0444578514685003 26.81775707591017
1.0445626202183296 26.818779486876508
1.0446673889018636 26.819946069022997
1.044772157524698 26.821049365046786
1.0448769260889905 26.82203627560721
1.0449816945941768 26.822755168158736
1.0450864630419099 26.82215647496164
1.0451912314361735 26.82030348561389
1.0452959997810898 26.8181006181445
1.0454007680810782 26.814840298870855
1.0455055363395789 26.80977448154941
1.045610304557365 26.80398017028793
1.0457150727341569 26.797128818740497
1.0458198408710775 26.7886838993765
1.0459246089708516 26.779240847521542
1.0460293770359894 26.768311197185973
1.0461341450694952 26.756381067008345
1.0462389130732854 26.74339234602436
1.0463436810469218 26.72869273277395
1.0464484489897201 26.714210594099296
1.0465532169023009 26.700275262267947
1.046657984786513 26.68723429559632
1.0467627536169077 26.675284665630123
1.0468675255324147 26.664909681853487
1.0469723003623819 26.656828222134312
1.0470770766458675 26.651191208321656
1.0471818504974943 26.647616140454396
1.0472866239092495 26.64622228288927
1.0473913968000335 26.64745822704859
1.0474961691938325 26.652134974863532
1.0476009412356968 26.658676451351447
