# format: r -- theta -- alpha -- across -- l -- delta 
4.86 0.45036161319230095 0.883235164575863 1.897474392025818 0.0 0.28550253891676763
4.8618187544486045 0.45045207685669303 0.8830919748401996 1.899664342596228 0.0018711587875087164 0.2856716736660445
4.863638185939523 0.4505425612271209 0.8829487490599557 1.9018568420668664 0.0037430379940077965 0.28584091214395424
4.865458294712765 0.45063306630958044 0.8828054872225205 1.9040518934286945 0.005615637896956745 0.28601025441704186
4.867279081007839 0.45072359211004154 0.8826621893153214 1.9062494996755275 0.007488958773334553 0.2861797005518451
4.86910054506478 0.4508141386344995 0.8825188553257424 1.9084496638052713 0.009363000900693334 0.28634925061498967
4.870922687124467 0.4509047058889902 0.8823754852411008 1.9106523888203062 0.0112377645574828 0.2865189046732181
4.872745507425965 0.4509952938794586 0.8822320790488551 1.9128576777242912 0.013113250020323425 0.28668866279314353
4.874569006210603 0.4510859026119613 0.8820886367362848 1.9150655335270876 0.014989457568192739 0.2868585250416287
4.876393183718069 0.4511765320924724 0.8819451582907964 1.9172759592400488 0.016866387478416362 0.2870284914854226
4.878218040189247 0.4512671823270243 0.8818016436997023 1.9194889578794476 0.018744040029578635 0.2871985621914243
4.880043575864167 0.451357853321606 0.8816580929503797 1.9217045324640072 0.020622415499420774 0.287368737226493
4.881869790984129 0.45144854508226867 0.8815145060301058 1.9239226860174776 0.02250151416702233 0.28753901665764486
4.883696685788642 0.4515392576149738 0.8813708829262965 1.9261434215649222 0.024381336309651957 0.28770940055176847
4.885524260519619 0.45162999092580086 0.8812272236261781 1.9283667421378177 0.026261882207083788 0.28787988897601546
4.887352515417207 0.45172074502074094 0.8810835281171141 1.9305926507689932 0.028143152137307604 0.288050481997412
4.889181450722117 0.45181151990581236 0.8809397963864222 1.9328211504954693 0.030025146378928776 0.2882211796830766
4.89101106667587 0.45190231558707217 0.880796028421356 1.9350522443587537 0.03190786521141419 0.28839198210024186
4.89284136351939 0.4519931320705474 0.880652224209214 1.937285935403145 0.033791308913652826 0.28856288931612456
4.894672341493029 0.4520839693622354 0.8805083837373391 1.9395222266757501 0.03567547776397492 0.28873390139792693
4.896504000838501 0.45217482746820015 0.880364506992965 1.9417611212288644 0.03756037204214633 0.28890501841301813
4.898336341797105 0.45226570639448427 0.8802205939633575 1.9440026221177957 0.039445992027538776 0.28907624042876756
4.900169364610092 0.45235660614712697 0.8800766446357846 1.9462467324013255 0.041332337999507356 0.2892475675125801
4.902003069518796 0.4524475267321706 0.8799326589975067 1.9484934551418625 0.0432194102375231 0.289418999731907
4.903837456764631 0.45253846815566057 0.8797886370357761 1.9507427934054573 0.04510720902117574 0.2895905371542475
4.905672526589097 0.4526294304236457 0.8796445787378377 1.9529947502617995 0.04699573463017376 0.2897621798471476
4.907508279233773 0.4527204135421776 0.8795004840909286 1.955249328784223 0.04888498734434076 0.2899339278782005
4.90934471494032 0.4528114175173112 0.8793563530822781 1.9575065320497123 0.050774967443617335 0.2901057813150468
4.9111818339504865 0.45290244235510474 0.8792121856991073 1.9597663631389088 0.052665675208066566 0.2902777402253745
4.913019636506095 0.45299348806161915 0.8790679819286306 1.962028825136108 0.05455711091786221 0.2904498046769187
4.91485812284906 0.453084554642919 0.8789237417580533 1.9642939211292751 0.056449274853304234 0.2906219747374624
4.9166972932213735 0.45317564210507205 0.8787794651745734 1.9665616542100401 0.05834216729480518 0.29079425047483565
4.918537147865107 0.4532667504541486 0.8786351521653817 1.9688320274737008 0.06023578852289474 0.2909666319569158
4.920377687022422 0.4533578796962228 0.8784908027176603 1.9711050440192404 0.062130138818225294 0.29113911925162833
4.922218910934903 0.45344902983733915 0.8783464168186358 1.9733807069485068 0.06402521846088996 0.29131171242688436
4.9240608198452085 0.4535402008835947 0.8782019944554477 1.9756590193682617 0.06592102773212205 0.29148441155073584
4.925903413995952 0.45363139284108295 0.8780575356152394 1.9779399843887955 0.06781756691313874 0.29165721669127004
4.9277466936294765 0.45372260571588324 0.8779130402851734 1.9802236051236577 0.06971483628491344 0.2918301279165888
4.929590658987335 0.4538138395140352 0.8777685084524722 1.9825098846890152 0.07161283612764008 0.2920031452947601
4.931435310313232 0.45390509424168346 0.8776239401041896 1.9847988262072997 0.07351156672375915 0.29217626889409337
4.933280647849278 0.4539963699048934 0.877479335227502 1.987090432802576 0.07541102835410626 0.2923494987827888
4.935126671837898 0.4540876665097447 0.8773346938095599 1.9893847076029016 0.07731122129987031 0.29252283502911586
4.936973382522667 0.4541789840623731 0.8771900158374225 1.9916816537413828 0.07921214584346122 0.29269627770149226
4.938820780145167 0.45427032256881505 0.8770453012983037 1.9939812743522616 0.081113802265268 0.2928698268681886
4.940668864949706 0.4543616820352406 0.8769005501792024 1.9962835725767938 0.08301619084852084 0.29304348259777147
4.942517637177906 0.4544530624676863 0.8767557624673262 1.9985885515565207 0.08491931187371683 0.2932172449585957
4.94436709707392 0.45454446387231295 0.8766109381496842 2.000896214439766 0.08682316562399504 0.2933911140192938
4.946217244880294 0.4546358862552008 0.8764660772134082 2.0032065643764834 0.0887277523808696 0.2935650898483876
4.948068080840148 0.45472732962245777 0.8763211796455851 2.005519604520987 0.09063307242648344 0.2937391725144933
4.949919605197409 0.4548187939802308 0.8761762454332361 2.007835338032239 0.09253912604384057 0.293913362086343
4.951771818194557 0.4549102793345942 0.8760312745634954 2.0101537680710444 0.09444591351449108 0.2940876586325734
4.953624720075328 0.45500178569168365 0.8758862670233964 2.0124748978034264 0.0963534351213098 0.2942620622219793
4.9554783110835485 0.45509331305763845 0.8757412227999647 2.014798730399187 0.09826169114730131 0.2944365729234049
4.957332591462694 0.45518486143857945 0.8755961418802514 2.017125269031346 0.10017068187514006 0.29461119080570153
4.959187561455817 0.45527643084060604 0.875451024251339 2.019454516876057 0.10208040758709995 0.29478591593772113
4.961043221306937 0.45536802126986414 0.8753058699002342 2.0217864771143614 0.10399086856648451 0.29496074838844744
4.962899571260015 0.45545963273249596 0.8751606788139458 2.0241211529308956 0.10590206509656896 0.2951356882268987
4.964756611558852 0.4555512652346354 0.8750154509794931 2.026458547513785 0.10781399746050152 0.29531073552211956
4.966614342447338 0.4556429187824192 0.8748701863838881 2.028798664054939 0.1097266659415521 0.2954858903432027
4.968472764169442 0.4557345933819876 0.8747248850141347 2.0311415057500644 0.11164007082310783 0.29566115275928967
4.970331876969217 0.45582628903948386 0.8745795468572286 2.0334870757986603 0.11355421238867672 0.29583652283957007
4.972191681090797 0.4559180057610544 0.8744341719001584 2.035835377404026 0.11546909092188222 0.2960120006532821
4.9740521767783985 0.45600974355284907 0.8742887601299032 2.0381864137732695 0.11738470670646965 0.2961875862697125
4.975913364276323 0.4561015024210208 0.8741433115334356 2.0405401881173075 0.11930106002630352 0.29636327975819654
4.977775243828951 0.4561932823717256 0.8739978260977196 2.0428967036508703 0.12121815116536475 0.29653908118811817
4.979637815680748 0.4562850834111229 0.8738523038097112 2.0452559635925107 0.12313598040775628 0.29671499062890994
4.981501080076261 0.45637690554537513 0.8737067446563586 2.047617971164601 0.1250545480376985 0.296891008150053
4.983365037260122 0.45646874878064825 0.8735611486246015 2.049982729593351 0.12697385433953473 0.2970671338210775
4.985229687476297 0.4565606131230743 0.8734155157014313 2.0523502421078454 0.12889389959695488 0.2972433677114915
4.987095030970134 0.45665249857885293 0.8732698458737277 2.054720511942663 0.13081468409510896 0.2974197098909748
4.988961067986591 0.45674440515416326 0.8731241391284016 2.0570935423356214 0.13273620811877712 0.29759616042921133
4.990827798770626 0.456836332855184 0.872978395452361 2.0594693365282812 0.13465847195277483 0.29777271939592587
4.992695223566096 0.4569282816880384 0.8728326148325989 2.0618478977645482 0.1365814758808188 0.2979493868607803
4.994563342619113 0.4570202516589602 0.8726867972559296 2.064229229294949 0.13850522018898237 0.2981261628936911
4.996432156174886 0.45711224277413776 0.8725409427092382 2.0666133343726165 0.14042970516244235 0.29830304756453
4.99830166447726 0.45720425503969137 0.8723950511795132 2.0690002162527046 0.14235493108500702 0.2984800409430814
5.00017186777303 0.45729628846188575 0.8722491226535118 2.0713898781978926 0.14428089824355494 0.29865714309944963
5.002042766306375 0.45738834304685594 0.8721031571181938 2.0737823234712915 0.14620760692230744 0.29883435410353293
5.003914360323423 0.4574804188008323 0.8719571545603647 2.0761775553422743 0.1481350574075264 0.29901167402545514
5.0057866500690755 0.4575725157299838 0.8718111149669252 2.078575577082428 0.15006324998424694 0.2991891029352658
5.007659635789433 0.4576646338405375 0.8716650383246802 2.0809763919686497 0.15199218493877112 0.29936664090316856
5.009533317729302 0.4577567731386562 0.8715189246205337 2.083380003279971 0.15392186255610474 0.2995442879992865
5.011407696135516 0.4578489336306014 0.8713727738412305 2.085786414301812 0.15585228312337585 0.299722044293976
5.013282771252318 0.45794111532250653 0.8712265859737155 2.088195628320067 0.15778344692507992 0.2998999098573893
5.015158543326739 0.4580333182206411 0.8710803610047145 2.0906076486280067 0.15971535424861594 0.3000778847599845
5.017035012604702 0.4581255423312194 0.8709340989210386 2.0930224785212888 0.16164800538028073 0.3002559690721562
5.01891217933089 0.45821778766039406 0.8707877997095932 2.0954401212977847 0.1635814006051254 0.300434162864223
5.020790043752532 0.4583100542144418 0.8706414633570841 2.0978605802624526 0.16551554021086048 0.30061246620678644
5.022668606115657 0.4584023419995799 0.8704950898503085 2.1002838587225314 0.16745042448399383 0.30079087917037606
5.0245478666663725 0.45849465102202824 0.8703486791760567 2.102709959989181 0.1693860537111516 0.30096940182557047
5.026427825650166 0.4585869812879758 0.8702022313211646 2.1051388873765893 0.17132242817835366 0.30114803424293085
5.028308483314089 0.4586793328036874 0.870055746272345 2.1075706442047957 0.1732595481732679 0.3013267764932089
5.030189839904533 0.4587717055753946 0.8699092240163611 2.1100052337968274 0.17519741398291577 0.30150562864713537
5.03207189566793 0.4588640996093303 0.8697626645399699 2.112442659479606 0.17713602589439872 0.30168459077548676
5.033954650850802 0.45895651491173106 0.8696160678299204 2.114882924584015 0.17907538419494218 0.30186366294908973
5.035838105699752 0.45904895148883623 0.8694694338729547 2.1173260324448915 0.1810154891718928 0.3020428452388206
5.037722260461462 0.45914140934688863 0.8693227626558049 2.119771986401038 0.18295634111271308 0.3022221377156052
5.039607115382698 0.4592338884921343 0.8691760541651963 2.1222207897952203 0.18489794030498863 0.30240154045041917
5.041492670710313 0.45932638893082267 0.8690293083878455 2.1246724459741846 0.18684028703642733 0.30258105351428843
5.043378926691234 0.4594189106692061 0.8688825253104612 2.127126958288645 0.18878338159485117 0.3027606769782882
5.045265883572477 0.4595114537135405 0.8687357049197441 2.1295843300933046 0.19072722426820904 0.3029404109135438
5.04715354160114 0.459604018070085 0.8685888472023862 2.132044564746851 0.19267181534456768 0.3031202553912307
5.049041901024401 0.4596966037451018 0.8684419521450717 2.1345076656119644 0.19461715511211441 0.30330021048257416
5.050930962089523 0.4597892107448567 0.8682950197344766 2.1369736360553215 0.19656324385915813 0.3034802762588496
5.052820725042997 0.4598818390755767 0.8681480499573351 2.1394424794464832 0.19851008187324812 0.3036604527913009
5.0547111901329815 0.4599744887435697 0.8680010428002498 2.1419141991610893 0.20045766944368767 0.3038407401513734
5.0566023576069945 0.46006715975511164 0.8678539982498717 2.144388798577843 0.20240600685915514 0.30402113841049344
5.058494227712627 0.460159852116481 0.8677069162928439 2.146866281079454 0.20435509440844046 0.3042016476401367
5.060386800696325 0.46025256583389956 0.8675597969158975 2.1493466500510396 0.20630493237918893 0.30438226791171175
5.062280076806868 0.46034530091370274 0.8674126401055792 2.151829908884697 0.2082555210614872 0.3045629992968926
5.064174056292191 0.4604380573621835 0.8672654458485011 2.1543160609753333 0.2102068607445858 0.3047438418673146
5.066068739398554 0.4605308351855525 0.8671182141314019 2.156805109719589 0.21215895171604698 0.3049247956944962
5.067964126375498 0.46062363439017967 0.8669709449407652 2.1592970585223363 0.21411179426684737 0.3051058608503109
5.069860217470021 0.46071645498231006 0.8668236382632696 2.161791910789048 0.21606538868538055 0.30528703740643226
5.071757012930477 0.46080929696825446 0.8666762940854863 2.164289669930919 0.2180197352614743 0.3054683254347059
5.07365451300492 0.46090216035430787 0.8665289123940088 2.166790339362694 0.21997483428468123 0.30564972500699134
5.075552717941438 0.4609950451467664 0.8663814931754251 2.169293922503113 0.2219306860446266 0.30583123619519376
5.077451627988224 0.46108795135193065 0.866234036416314 2.17180042277501 0.22388729083107878 0.3060128590712714
5.079351243394016 0.4611808789761268 0.8660865421032101 2.1743098436058954 0.22584464893440415 0.30619459370727686
5.081251564406227 0.4612738280256157 0.8659390102227484 2.1768221884254952 0.22780276064363977 0.30637644017517907
5.083152591274547 0.46136679850676876 0.8657914407613863 2.1793374606705145 0.22976162625020635 0.30655839854720734
5.085054324246542 0.4614597904258529 0.8656438337057429 2.1818556637788245 0.2317212460433707 0.3067404688954308
5.086956763571029 0.4615528037891953 0.8654961890423398 2.1843768011939257 0.23368162031372539 0.3069226512920806
5.088859909497198 0.4616458386031405 0.8653485067576666 2.1869008763638007 0.23564274935228277 0.307104945809467
5.090763762273492 0.46173889487399633 0.8652007868382696 2.1894278927394306 0.2376046334493246 0.3072873525198716
5.092668322148056 0.46183197260805464 0.8650530292707163 2.1919578537753903 0.23956727289485857 0.30746987149558996
5.094573589370616 0.4619250718116843 0.8649052340414494 2.1944907629323525 0.24153066798055897 0.30765250280911227
5.09647956419007 0.4620181924912128 0.8647574011369741 2.1970266236738967 0.24349481899728526 0.30783524653289274
5.0983862468554 0.46211133465297105 0.864609530543787 2.1995654394677175 0.2454597262360167 0.30801810273943625
5.100293637615667 0.462204498303293 0.8644616222483773 2.202107213785629 0.24742538998785318 0.30820107150129833
5.102201736719847 0.4622976834485078 0.8643136762372382 2.2046519501033477 0.24939181054384243 0.3083841528910698
5.104110544417189 0.4623908900949572 0.86416569249684 2.207199651900977 0.25135898819534974 0.3085673469814105
5.106020060957266 0.46248411824899804 0.8640176710136261 2.209750322663078 0.25332692323411105 0.30875065384505457
5.10793028658947 0.46257736791697757 0.8638696117740519 2.212303965878003 0.25529561595171313 0.3089340735547621
5.109841221563277 0.46267063910524653 0.8637215147645643 2.2148605850382537 0.2572650666398656 0.30911760618334466
5.111752866128246 0.46276393182015896 0.8635733799716017 2.217420183640483 0.25923527559039894 0.30930125180366463
5.113665220534014 0.46285724606807177 0.8634252073815951 2.2199827651854966 0.2612062430952647 0.30948501048863564
5.11557828503027 0.46295058185534416 0.8632769969809686 2.222548333178219 0.26317796944649957 0.30966888231121953
5.117492059866393 0.46304393918831893 0.8631287487561695 2.2251168911272154 0.26515045493586237 0.3098528673443917
5.119406545292616 0.46313731807338043 0.8629804626935755 2.2276884425462575 0.26712369985602563 0.31003696566125305
5.121321741558908 0.4632307185168988 0.8628321387795845 2.2302629909528267 0.2690977044994279 0.31022117733492255
5.123237648915321 0.46332414052524806 0.8626837770005846 2.2328405398685938 0.2710724691586316 0.310405502438571
5.125154267611993 0.46341758410480544 0.8625353773429558 2.235421092819413 0.2730479941263223 0.31058994104542054
5.12707159789882 0.4635110492619358 0.862386939793095 2.238004653334898 0.27502427969497445 0.3107744932287139
5.1289896400255435 0.46360453600299567 0.8622384643374084 2.2405912249485365 0.27700132615694023 0.31095915906172245
5.130908394243309 0.4636980443344093 0.8620899509621928 2.2431808111998013 0.2789791338060564 0.3111439386178964
5.132827860802583 0.46379157426256734 0.8619413996537939 2.2457734156313442 0.28095770293549643 0.31132883197066424
5.134748039952555 0.4638851257937974 0.8617928103986553 2.248369041788195 0.28293703383715546 0.3115138391933754
5.1366689319449 0.4639786989345474 0.8616441831830262 2.250967693222842 0.2849171268055265 0.31169896035966205
5.138590537030197 0.4640722936912114 0.8614955179932381 2.2535693734904068 0.286897982134011 0.31188419554309504
5.140512855457995 0.46416591007013247 0.8613468148157003 2.2561740861487296 0.2888796001149866 0.31206954481718957
5.142435887480637 0.46425954807778913 0.8611980736366043 2.258781834763556 0.2908619810437468 0.312255008255774
5.144359633347161 0.4643532077204982 0.8610492944423948 2.2613926229002748 0.29284512521221645 0.31244058593240204
5.14628409331019 0.46444688900475056 0.860900477219237 2.264006454133271 0.2948290329160542 0.3126262779210171
5.148209267619011 0.4645405919368736 0.8607516219535526 2.266623332036533 0.29681370444751526 0.3128120842952846
5.1501351565264155 0.4646343165233651 0.8606027286314901 2.269243260192953 0.29879914010250713 0.3129980051292524
5.152061760281475 0.4647280627705409 0.860453797239483 2.2718662421845073 0.3007853401731384 0.3131840404966531
5.153989079137153 0.4648218306849057 0.8603048277636621 2.2744922816026203 0.30277230495556845 0.3133701904716394
5.155917113343805 0.4649156202728364 0.8601558201903581 2.2771213820393195 0.30476003474330504 0.31355645512815605
5.15784586315264 0.4650094315407509 0.8600067745058337 2.2797535470919534 0.30674852983077355 0.3137428345402744
5.15977532881582 0.46510326449511274 0.8598576906962749 2.2823887803633394 0.3087377905134195 0.3139293287822024
5.161705510584112 0.4651971191423172 0.8597085687479742 2.2850270854585597 0.3107278170852894 0.31411593792805725
5.1636364087088955 0.4652909954887882 0.8595594086471746 2.287668465987703 0.3127186098410958 0.31430266205205937
5.165568023442443 0.46538489354099305 0.8594102103800475 2.2903129255662664 0.3147101690765129 0.3144895012285603
5.167500355036355 0.4654788133053652 0.8592609739328145 2.292960467813008 0.31670249508655873 0.31467645553189055
5.169433403742133 0.46557275478833277 0.8591116992917034 2.295611096350743 0.31869558816618565 0.3148635250364157
5.1713671698111385 0.46566671799631665 0.8589623864429489 2.2982648148062883 0.32068944861024284 0.31505070981653205
5.173301653495921 0.46576070293579463 0.8588130353726933 2.30092162681229 0.32268407671483923 0.31523800994679546
5.175236855048404 0.4658547096132135 0.8586636460671243 2.303581536004741 0.3246794727754778 0.31542542550174557
5.1771727747206 0.4659487380350238 0.8585142185124212 2.3062445460239696 0.32667563708779224 0.31561295655597554
5.1791094127646025 0.466042788207679 0.8583647526947545 2.308910660514626 0.32867256994753474 0.3158006031841303
5.181046769432589 0.4661368601376366 0.858215248600286 2.3115798831257006 0.33067027165058543 0.315988365460908
5.182984844976815 0.46623095383135676 0.8580657062151693 2.3142522175105156 0.33266874249294137 0.3161762434610591
5.184923639649623 0.46632506929530354 0.8579161255255494 2.316927667326743 0.33466798277072846 0.3163642372593868
5.186863153703437 0.4664192065359441 0.8577665065175624 2.319606236236403 0.3366679927801932 0.316552346930747
5.188803387390761 0.466513365559749 0.8576168491773365 2.3222879279058697 0.33866877281770474 0.3167405725500485
5.190744340964185 0.46660754637319224 0.8574671534909906 2.3249727460058778 0.34067032317975837 0.3169289141922528
5.192686014676379 0.4667017489827513 0.8573174194446355 2.327660694211528 0.3426726441629702 0.31711737193237416
5.194628408780097 0.4667959733949069 0.857167647024373 2.330351776202291 0.34467573606408086 0.31730594584547983
5.196571523528176 0.46689021961614324 0.857017836216297 2.333045995662018 0.3466795991799573 0.31749463600669037
5.198515359172775 0.4669844876529111 0.8568679870065503 2.33574335627788 0.3486842338068024 0.3176834424911049
5.20045991596739 0.46707877751172533 0.8567180993811714 2.3384438617431798 0.35068964024223975 0.3178723653739978
5.20240519416525 0.4671730891990873 0.8565681733262165 2.3411475157551216 0.3526958187836521 0.3180614047306623
5.204351194019521 0.46726742272149474 0.8564182088277449 2.3438543220151113 0.35470276972840037 0.3182505606364307
5.206297915782637 0.46736177808540913 0.8562682058718698 2.3465642842278185 0.3567104933731247 0.3184398331666092
5.208245359708054 0.4674561552973413 0.8561181644446233 2.3492774061036297 0.3587189900155629 0.31862922239664865
5.210193526049759 0.4675505543638267 0.8559680845319939 2.3519936913579658 0.3607282599540336 0.31881872840209635
5.212142415060327 0.467644975291332 0.8558179661200781 2.354713143708586 0.36273830348544245 0.3190083512584078
5.214092026993308 0.4677394180863706 0.8556678091948934 2.3574357668789165 0.36474912090773776 0.31919809104117874
5.216042362103195 0.4678338827555009 0.8555176137423826 2.360161564598012 0.36676071251987863 0.3193879478261416
5.217993420641629 0.4679283693051426 0.8553673797487071 2.3628905405952607 0.3687730786179216 0.3195779216887966
5.21994520286441 0.468022877741916 0.8552171071997041 2.365622698610189 0.3707862195022529 0.3197680127050943
5.221897709023568 0.46811740807225855 0.8550667960814999 2.3683580423813804 0.37280013546940904 0.3199582209506639
5.223850939374396 0.4682119603027651 0.8549164463799668 2.3710965756563165 0.3748148268193294 0.3201485465014972
5.225804894169285 0.4683065344398892 0.8547660580811981 2.3738383021827576 0.3768302938490022 0.32033898943334943
5.227759573663931 0.4684011304902439 0.8546156311710308 2.3765832257174373 0.3788465368588599 0.32052954982234283
5.229714978110269 0.46849574846025976 0.8544651656355885 2.379331350016161 0.38086355614549705 0.3207202277442788
5.231671107764274 0.46859038835656214 0.8543146614606819 2.382082678844769 0.38288135200971585 0.3209110232753985
5.2336279628793205 0.4686850501856501 0.854164118632319 2.384837215969802 0.3848999247496715 0.32110193649173496
5.235585543709341 0.4687797339540489 0.8540135371364632 2.38759496516295 0.3869192746641374 0.321292967469421
5.237543850509582 0.46887443966834713 0.8538629169589741 2.3903559302021287 0.38893940205328037 0.3214841162847639
5.239502883533915 0.468969167335066 0.8537122580858146 2.393120114867687 0.3909603072158874 0.3216753830139821
5.24146264303627 0.46906391696072924 0.8535615605029406 2.3958875229444403 0.3929819904508462 0.32186676773334555
5.243423129272089 0.4691586885519329 0.8534108241961896 2.398658158223723 0.39500445205864415 0.32205827051931796
5.2453843424959095 0.4692534821152288 0.8532600491514666 2.4014320244999867 0.39702769233887353 0.3222498914483203
5.247346282962356 0.46934829765717273 0.8531092353546664 2.404209125572203 0.3990517115912569 0.32244163059682823
5.2493089509253545 0.46944313518428565 0.8529583827917362 2.406989465242753 0.40107651011483514 0.32263348804129477
5.251272346640547 0.4695379947031712 0.8528074914484883 2.4097730473208587 0.40310208821045895 0.3228254638583868
5.2532364703628405 0.46963287622039696 0.8526565613107895 2.4125598756191122 0.40512844617826177 0.3230175581247452
5.255201322347186 0.4697277797425319 0.8525055923645001 2.415349953954589 0.4071555843184598 0.3232097709170616
5.257166902848617 0.4698227052761486 0.8523545845954722 2.418143286148903 0.4091835029313959 0.32340210231208144
5.259133212122249 0.46991765282782305 0.8522035379895492 2.4209398760282155 0.41121220231753614 0.32359455238660456
5.261100250423279 0.47001262240413466 0.8520524525325652 2.423739727423237 0.4132416827774715 0.3237871212174847
5.2630680180069875 0.470107614011666 0.8519013282103463 2.4265428441692354 0.4152719446119171 0.3239798088816302
5.265036515128736 0.4702026276570036 0.8517501650087088 2.4293492301060424 0.41730298812171396 0.3241726154560036
5.26700574204397 0.47029766334673695 0.8515989629134612 2.4321588890780563 0.4193348136078275 0.32436554101762183
5.268975699008218 0.47039272108745944 0.8514477219104023 2.4349718249342494 0.42136742137134897 0.32455858564355616
5.270946386277089 0.4704878008857677 0.8512964419853228 2.437788041528175 0.42340081171349503 0.32475174941093254
5.2729178041062745 0.47058290274826153 0.8511451231240043 2.440607542717968 0.42543498493560467 0.3249450323969312
5.2748899527515505 0.4706780266815445 0.8509937653122195 2.4434303323663533 0.427469941339145 0.3251384346787868
5.276862832468329 0.4707731726922023 0.8508423685357662 2.446256414340017 0.4295056812252484 0.3253319563337453
5.278836443512435 0.4708683407868397 0.8506909327804089 2.449085792510715 0.4315422048955116 0.3255255974391394
5.28081078614033 0.470963530972092 0.8505394580318594 2.451918470755607 0.4335795126522315 0.3257193580724109
5.282785860608117 0.47105874325457614 0.8503879442758555 2.4547544529558296 0.43561760479737127 0.32591323831101304
5.284761667171832 0.47115397764090594 0.8502363914981375 2.4575937429969272 0.4376564816328693 0.32610723823243903
5.28673820608655 0.4712492341376479 0.8500847996845164 2.460436344767562 0.4396961434597097 0.3263013579141346
5.288715477609851 0.47134451275148914 0.8499331688206088 2.4632822621645096 0.44173659058150266 0.32649559743383805
5.290693481998168 0.47143981348906056 0.8497814988921168 2.4661314990874126 0.4437778233007154 0.32668995686922175
5.292672219506203 0.47153513635690975 0.8496297898848727 2.4689840594379415 0.44581984191807017 0.32688443629783503
5.294651690392191 0.47163048136175345 0.849478041784435 2.4718399471273798 0.4478626467379739 0.3270790357976211
5.296631894912043 0.47172584851019606 0.8493262545765382 2.474699166068195 0.4499062380624753 0.32727375544634124
5.2986128333219416 0.471821237808855 0.849174428246893 2.477561720177787 0.4519506161939471 0.32746859532183126
5.300594505879692 0.4719166492644248 0.8490225627810833 2.4804276133804355 0.4539957814364743 0.3276635555021328
5.302576912840395 0.4720120828834695 0.8488706581648983 2.4832968496010634 0.4560417340913914 0.3278586360650686
5.304560054462782 0.4721075386727275 0.848718714383845 2.486169432774398 0.45808847446382384 0.32805383708886593
5.306543931001847 0.4722030166387568 0.8485667314237155 2.489045366834313 0.46013600285507555 0.32824915865143084
5.308528542716268 0.4722985167882921 0.8484147092700162 2.4919246557245884 0.4621843195702984 0.3284446008310796
5.31051388986191 0.4723940391279323 0.8482626479084665 2.494807303389493 0.4642334249117772 0.3286401637058985
5.312499972696418 0.47248958366436183 0.8481105473246472 2.4976933137804562 0.46628331918367943 0.3288358473541966
5.314486791477521 0.4725851504042679 0.8479584075041299 2.5005826908536073 0.46833400269029585 0.3290316518543377
5.3164743464608275 0.47268073935423605 0.8478062284326454 2.5034754385665834 0.47038547573377176 0.3292275772845248
5.3184626379053475 0.47277635052101435 0.8476540100956624 2.506371560886558 0.4724377386198046 0.32942362372334294
5.320451666068386 0.47287198391126883 0.8475017524787765 2.5092710617828278 0.4744907916523717 0.3296197912492569
5.32244143120591 0.47296763953160065 0.847349455567683 2.5121739452273366 0.47654463513411177 0.32981607994064654
5.3244319335769035 0.47306331738875523 0.8471971193478453 2.5150802152010363 0.478599269370818 0.33001248987623677
5.32642317343894 0.47315901748941014 0.8470447438048299 2.517989875687438 0.4806546946668679 0.3302090211346609
5.328415151049655 0.4732547398402452 0.8468923289241966 2.520902930674766 0.48271091132674626 0.3304056737946061
5.33040786666603 0.47335048444790845 0.8467398746915532 2.523819384154906 0.48476791965430155 0.330602447934742
5.332401320546491 0.473446251319117 0.8465873810923934 2.526739240126496 0.48682571995491697 0.3307993436339292
5.334395512949142 0.4735420404605718 0.8464348481122336 2.5296625025923327 0.4888843125336834 0.33099636097104346
5.336390444131943 0.47363785187896656 0.8462822757365979 2.532589175559651 0.49094369769558543 0.3311935000249943
5.33838611435294 0.4737336855809987 0.8461296639510013 2.535519263040454 0.4930038757457353 0.3313907608747474
5.340382523870259 0.4738295415733691 0.8459770127409497 2.5384527690515206 0.4950648469893718 0.3315881435993243
5.342379672942108 0.4739254198627819 0.8458243220919406 2.541389697614406 0.4971266117318589 0.3317856482778021
5.344377561826776 0.47402132045594486 0.8456715919894622 2.5443300527554533 0.4991891702786872 0.3319832749893143
5.346376190782635 0.47411724335956934 0.8455188224189933 2.547273838505793 0.5012525229354724 0.3321810238130497
5.348375560068144 0.4742131885803705 0.8453660133660034 2.550221058901362 0.5033166700079617 0.3323788948282543
5.350375669941837 0.4743091561250662 0.8452131648159544 2.5531717179828908 0.5053816118020236 0.3325768881142293
5.352376520662335 0.4744051460003788 0.8450602767542972 2.556125819795925 0.5074473486236565 0.3327750037503325
5.354378112488341 0.4745011582130335 0.8449073491664749 2.559083368390824 0.5095138807789847 0.33297324181597776
5.356380445678638 0.4745971927697592 0.8447543820379213 2.5620443678227627 0.5115812085742582 0.333171602390635
5.358383520492095 0.4746932496772886 0.8446013753540607 2.565008822151752 0.5136493323158573 0.333370085553831
5.36038733718766 0.47478932894235765 0.8444483291003084 2.567976735442627 0.515718252310286 0.3335686913851484
5.362391896023649 0.47488543057167154 0.8442952432621258 2.570948111764 0.5177879688634356 0.33376741996415515
5.364397197259454 0.47498155457198665 0.8441421178248889 2.573922955190804 0.5198584822823542 0.3339662713705746
5.366403241154586 0.47507770095006485 0.8439889527739616 2.5769012698028706 0.5219297928742505 0.33416524568418976
5.3684100279683244 0.4751738697126562 0.8438357480947227 2.579883059684426 0.5240019009461393 0.3343643429848092
5.370417557959323 0.47527006086648044 0.8436825037725966 2.5828683289235053 0.5260748068044303 0.334563563352228
5.372425831386777 0.4753662744182831 0.8435292197929624 2.5858570816136863 0.5281485107561347 0.33476290686634286
5.3744348485110445 0.475462510374865 0.8433758961411082 2.5888493218550357 0.5302230131095061 0.334962373607215
5.376444609591081 0.47555876874295905 0.8432225328024265 2.5918450537502826 0.5322983141713928 0.3351619636548143
5.378455114885839 0.4756550495292977 0.8430691297623067 2.594844281406914 0.5343744142486822 0.33536167708915937
5.38046636465636 0.47575135274071345 0.8429156870059761 2.597847008940299 0.5364513136504602 0.3355615139905245
5.38247835916077 0.4758476783838982 0.8427622045188817 2.6008532404662303 0.5385290126828451 0.33576147443894316
5.38449109866004 0.4759440264656801 0.8426086822862504 2.603862980109524 0.5406075116549355 0.33596155851478
5.386504583413507 0.47604039699280887 0.8424551202934305 2.6068762319973477 0.5426868108741862 0.33616176629828637
5.3885188136811015 0.4761367899720617 0.8423015185257228 2.6098930002625407 0.5447669106487049 0.33636209786982113
5.390533789723036 0.4762332054102292 0.8421478769684033 2.612913289043158 0.5468478112869349 0.3365625533098197
5.39254951179919 0.4763296433140857 0.8419941956067701 2.6159371024815656 0.5489295130970188 0.33676313269873376
5.394565980169654 0.47642610369041516 0.8418404744261033 2.618964444725245 0.5510120163873565 0.33696383611708425
5.396583195095265 0.4765225865460369 0.8416867134116224 2.621995319927621 0.5530953214671656 0.3371646636455159
5.398601156834977 0.47661909188768004 0.841532912548687 2.6250297322441014 0.5551794286437594 0.3373656153645345
5.400619865650825 0.4767156197222201 0.8413790718224204 2.6280676858395524 0.5572643382276753 0.3375666913550018
5.402639321801947 0.47681217005639437 0.8412251912181622 2.631109184879319 0.5593500505265042 0.3377678916975401
5.404659525549231 0.4769087428970231 0.8410712707211164 2.6341542335362105 0.5614365658496858 0.33796921647299516
5.406680477153929 0.47700533825094366 0.8409173103164564 2.6372028359884294 0.563523884507077 0.33817066576229776
5.408702176875901 0.47710195612492645 0.8407633099894583 2.640254996416931 0.5656120068071422 0.3383722396462896
5.410724624975705 0.47719859652577495 0.8406092697253423 2.643310719008572 0.5677009330591086 0.33857393820593074
5.412747821714939 0.47729525946034207 0.8404551895092461 2.646370007956647 0.569790663573322 0.3387757615223346
5.4147717673544 0.47739194493544185 0.8403010693263658 2.6494328674581022 0.5718811986593415 0.33897770967658347
5.416796462154819 0.47748865295788523 0.840146909161899 2.6524993017146605 0.5739725386267047 0.33917978274980315
5.418821906376494 0.4775853835344618 0.8399927090010735 2.6555693149322614 0.5760646837845416 0.33938198082312493
5.420848100281397 0.4776821366720407 0.8398384688289872 2.6586429113242622 0.5781576344437556 0.3395843039778966
5.422875044130652 0.4777789123774507 0.8396841886307981 2.661720095107635 0.5802513909144192 0.3397867522954313
5.424902738185468 0.47787571065752366 0.8395298683916561 2.6648008705043655 0.5823459535067328 0.3399893258570996
5.426931182707124 0.477972531519095 0.8393755080967018 2.6678852417414567 0.584441322531016 0.34019202474432897
5.428960377956999 0.47806937496900426 0.8392211077310658 2.670973213050966 0.5865374982977328 0.34039484903860634
5.43099032419654 0.47816624101409416 0.8390666672798696 2.674064788669967 0.5886344811174614 0.340597798821475
5.433021021687281 0.47826312966121093 0.8389121867282262 2.677159972840586 0.5907322713009132 0.3408008741745364
5.435052470690842 0.4783600409172049 0.8387576660612378 2.6802587698100067 0.5928308691589315 0.34100407517945075
5.437084671468916 0.47845697478892935 0.8386031052639984 2.683361183830454 0.5949302750024809 0.34120740191793514
5.439117624283286 0.47855393128324153 0.8384485043215925 2.6864672191592294 0.5970304891426605 0.3414108544717652
5.441151329395814 0.4786509104070024 0.8382938632190945 2.689576880058696 0.599131511890695 0.34161443292277477
5.4431857870684475 0.47874791216707635 0.8381391819415702 2.692690170796297 0.6012333435579407 0.34181813735285566
5.445220997563209 0.47884493657033134 0.8379844604740759 2.6958070956445477 0.6033359844558764 0.3420219678439574
5.447256961142213 0.4789419836236391 0.8378296988016581 2.6989276588810647 0.6054394348961196 0.34222592447808864
5.44929367806765 0.47903905333387503 0.8376748969093541 2.7020518647885465 0.6075436951904085 0.34243000733731566
5.451331148600963 0.4791361457078784 0.8375200547822553 2.705179717653518 0.6096487656497555 0.3426342165036796
5.453369373004954 0.4792332607525529 0.8373651724053462 2.7083112217695717 0.6117546465866187 0.34283855205940844
5.455408351542318 0.47933039847479697 0.8372102497636164 2.711446381435117 0.6138613383133905 0.343043014086769
5.457448084475576 0.47942755888150046 0.8370552868420656 2.714585200953291 0.6159688411423282 0.34324760266806137
5.459488572066643 0.47952474197952394 0.8369002836257367 2.7177276846312957 0.6180771553851065 0.3434523178855746
5.461529814577847 0.4796219477757474 0.8367452400996371 2.7208738367819687 0.62018628135387 0.34365715982168976
5.463571812272873 0.47971917627711536 0.8365901562486692 2.724023661725251 0.6222962193622124 0.34386212855897436
5.465614565414093 0.4798164274905093 0.8364350320578307 2.7271771637840727 0.6244069697224116 0.3440672241799141
5.467658074263269 0.47991370142278145 0.8362798675121631 2.7303343472854444 0.6265185327461622 0.3442724467669844
5.469702339084937 0.48001099808091596 0.8361246625964942 2.7334952165656854 0.6286309087480664 0.3444777964029891
5.471747360140768 0.48010831747176 0.8359694172958657 2.7366597759617286 0.6307440980398137 0.3446832731704953
5.473793137694268 0.4802056596022484 0.835814131595176 2.739828029818378 0.6328581009350331 0.34488887715230476
5.475839672008921 0.48030302447931406 0.835658805479324 2.74299998248545 0.6349729177473736 0.3450946084312673
5.477886963346782 0.4804004121098219 0.835503438933312 2.746175638315601 0.6370885487890535 0.3453004670901403
5.479935011972599 0.48049782250076456 0.8353480319419353 2.7493550016707187 0.6392049943751195 0.3455064532120018
5.481983818148001 0.4805952556589865 0.8351925844902224 2.752538076912917 0.6413222548174375 0.34571256687966745
5.484033382137977 0.48069271159149113 0.835037096562944 2.7557248684145974 0.6434403304313916 0.34591880817634163
5.486083704204762 0.4807901903051509 0.8348815681450761 2.7589153805489555 0.6455592215295638 0.3461251771850018
5.488134784612551 0.4808876918069313 0.8347259992214429 2.7621096176973228 0.6476789284266087 0.3463316739888744
5.4901866236252195 0.48098521610378253 0.834570389776889 2.7653075842456185 0.6497994514368914 0.3465382986712038
5.492239221505129 0.4810827632025819 0.8344147397963716 2.768509284582496 0.6519207908732617 0.34674505131513317
5.494292578517712 0.48118033311035313 0.834259049264611 2.771714723106501 0.6540429470517836 0.34695193200416574
5.496346694925834 0.48127792583399753 0.8341033181665184 2.774923904217284 0.6561659202859178 0.3471589408215977
5.498401570993099 0.4813755413804512 0.8339475464869465 2.7781368323207545 0.6582897108899292 0.34736607785085
5.500457206984499 0.4814731797567159 0.8337917342106391 2.781353511830112 0.6604143191795633 0.3475733431755347
5.502513603163973 0.4815708409697432 0.8336358813224164 2.784573947162044 0.6625397454695249 0.3477807368792093
5.5045707597941265 0.4816685250264211 0.8334799878071963 2.7877981427362695 0.6646659900731813 0.34798825904534747
5.506628677140582 0.48176623193378054 0.8333240536496651 2.7910261029823773 0.666793053307067 0.3481959097577786
5.508687355467554 0.4818639616987858 0.833168078834612 2.7942578323328977 0.6689209354863049 0.3484036891002415
5.510746795039314 0.4819617143284031 0.8330120633468184 2.7974933352255937 0.6710496369261212 0.3486115971565316
5.512806996120212 0.4820594898296026 0.8328560071710566 2.800732616103517 0.6731791579418716 0.34881963401050414
5.51486795897394 0.48215728820932263 0.8326999102921455 2.8039756794138353 0.6753094988482722 0.3490277997459987
5.516929683865815 0.4822551094745789 0.8325437726947771 2.8072225296114515 0.6774406599617685 0.3492360944470708
5.518992171060497 0.48235295363235525 0.8323875943636903 2.8104731711554054 0.6795726415981711 0.349444518197761
5.521055420822669 0.4824508206896367 0.832231375283618 2.8137276085099585 0.6817054440733581 0.34965307108216387
5.52311943341709 0.48254871065341154 0.832075115439285 2.8169858461446746 0.6838390677033347 0.34986175318443274
5.525184209108602 0.48264662353067206 0.8319188148154054 2.8202478885344493 0.6859735128042346 0.3500705645887815
5.527249748162128 0.4827445593284139 0.8317624733966842 2.8235137401595027 0.6881087796923232 0.3502795053794836
5.529316050842676 0.48284251805363654 0.8316060911678167 2.8267834055053958 0.6902448686839981 0.3504885756408728
5.531383117415333 0.48294049971334324 0.8314496681134882 2.8300568890630293 0.6923817800957843 0.35069777545734265
5.533450948145271 0.48303850431454076 0.8312932042183746 2.833334195328653 0.6945195142443406 0.3509071049133468
5.535519543297738 0.4831365318642397 0.8311366994671422 2.836615328803873 0.6966580714464515 0.3511165640933991
5.537588903138073 0.4832345823694546 0.8309801538444472 2.839900293995665 0.6987974520190395 0.351326153082074
5.539659027931688 0.4833326558372032 0.8308235673349366 2.8431890954163586 0.70093765627915 0.35153587196400526
5.5417299179435435 0.48343075227448157 0.8306669399232884 2.8464817375828093 0.7030786845434058 0.35174572082383276
5.5438015734392785 0.48352887168831815 0.8305102715941253 2.849778225018207 0.7052205371291796 0.35195569974631763
5.545873994684903 0.48362701408575853 0.8303535623320384 2.853078562251585 0.7073632143542719 0.35216580881631027
5.547947181946164 0.48372517947383553 0.830196812121636 2.856382753816824 0.7095067165362583 0.3523760481186865
5.550021135488886 0.4838233678595858 0.8300400209475157 2.859690804253201 0.7116510439928407 0.35258641773838234
5.552095855578182 0.4839215792500119 0.8298831887943265 2.8630027181041307 0.7137961970410308 0.3527969177603138
5.554171342479948 0.48401981365215335 0.8297263156466542 2.8663184999195583 0.7159421759986963 0.3530075482695283
5.556247596461014 0.4841180710730939 0.82956940148901 2.869638154256217 0.7180889811847182 0.35321830935122084
5.558324617787495 0.484216351519883 0.8294124463059565 2.8729616856749867 0.720236612917283 0.3534292010905655
5.560402406723618 0.4843146549994809 0.8292554500821945 2.8762890987390346 0.722385071512673 0.3536402235725977
5.562480963537622 0.48441298151903733 0.829098412802119 2.8796203980232513 0.7245343572913631 0.35385137688281215
5.564560288495436 0.48451133108559263 0.828941334450295 2.8829555881041493 0.7266844705714882 0.3540626611065218
5.566640381861987 0.4846097037061397 0.8287842150113599 2.8862946735619524 0.7288354116701936 0.35427407632899
5.5687212439057365 0.4847080993878384 0.828627054469681 2.889637658987883 0.7309871809083248 0.35448562263589195
5.570802874891233 0.4848065181376634 0.8284698528099168 2.8929845489722177 0.7331397786027282 0.3546973001125579
5.572885275086495 0.48490495996275323 0.8283126100164606 2.896335348116145 0.7352932050738861 0.35490910884472315
5.574968444757266 0.48500342487013903 0.8281553260738738 2.899690061022545 0.7374474606399728 0.3551210489179445
5.577052384170753 0.48510191286692067 0.8279980009666035 2.9030486923020065 0.7396025456207257 0.3553331204179805
5.579137093593304 0.4852004239601574 0.827840634679158 2.906411246569095 0.7417584603350382 0.3555453234305548
5.581222573292381 0.4852989581569611 0.8276832271959577 2.9097777284455417 0.7439152051030042 0.3557576580415577
5.5833088235338755 0.4853975154643692 0.8275257785015383 2.913148142555909 0.7460727802431398 0.35597012433677183
5.585395844586546 0.48549609588955456 0.827368288580215 2.9165224935347753 0.748231186076973 0.35618272240232524
5.587483636714815 0.4855946994394848 0.8272107574166273 2.9199007860150945 0.7503904229215954 0.3563954523239568
5.589572200188265 0.4856933261213717 0.8270531849950206 2.923283024643559 0.7525504910994809 0.35660831418798467
5.59166153527327 0.485791975942275 0.8268955712998791 2.9266692140670694 0.7547113909298343 0.3568213080804527
5.593751642236296 0.4858906489092588 0.8267379163156767 2.930059358938078 0.7568731227319997 0.35703443408746716
5.595842521346102 0.48598934502949526 0.8265802200267103 2.933453463918166 0.7590356868277418 0.35724769229542136
5.597934172869754 0.4860880643100767 0.8264224824174008 2.936851533671595 0.761199083537123 0.35746108279058947
5.600026597073423 0.486186806758053 0.8262647034722328 2.940253572866588 0.7633633131793258 0.35767460565920706
5.602119794226188 0.4862855723806112 0.8261068831754675 2.9436595861815285 0.7655283760765863 0.3578882609878598
5.604213764595606 0.4863843611848663 0.8259490215114785 2.9470695782977647 0.7676942725496169 0.3581020488630316
5.606308508449319 0.4864831731779375 0.8257911184646274 2.9504835539022327 0.7698610029192637 0.35831596937126825
5.608404026053957 0.4865820083668961 0.8256331740193497 2.9539015176856633 0.7720285675053736 0.35853002259906563
5.61050031767844 0.48668086675892097 0.8254751881599036 2.9573234743479806 0.7741969666302099 0.35874420863320694
5.6125973835907566 0.4867797483611475 0.8253171608706144 2.960749428593057 0.776366200615121 0.3589585275604337
5.614695224058875 0.48687865318070983 0.8251590921358046 2.964179385130203 0.7785362697814808 0.3591729794675391
5.61679383935084 0.4869775812247456 0.8250009819397873 2.9676133486743326 0.7807071744507912 0.3593875644413777
5.618893229734782 0.4870765325003965 0.8248428302668659 2.971051323945983 0.7828789149446898 0.3596022825688663
5.620993395478913 0.4871755070148077 0.824684637101333 2.974493315671314 0.7850514915849458 0.35981713393698356
5.623094336851523 0.4872745047751286 0.8245264024274713 2.977939328582118 0.7872249046934581 0.36003211863277057
5.6251960541209876 0.4873735257885119 0.8243681262295549 2.981389367415824 0.7893991545922626 0.3602472367433301
5.627298547555761 0.48747257006211453 0.8242098084918458 2.9848434369155097 0.7915742416035233 0.3604624883558275
5.629401817424382 0.4875716376030967 0.8240514491985976 2.988301541829899 0.7937501660495393 0.36067787355749004
5.631505863995469 0.4876707284186231 0.8238930483340534 2.9917636869133823 0.7959269282527417 0.36089339243560753
5.6336106875377245 0.48776984251586164 0.8237346058824458 2.9952298769260133 0.7981045285356969 0.3611090450775322
5.635716288319926 0.48786897990198413 0.8235761218279982 2.99870011663351 0.8002829672210948 0.361324831570678
5.637822666610943 0.48796814058416677 0.823417596154923 3.002174410807285 0.8024622446317722 0.36154075200252234
5.63992982267972 0.48806732456958873 0.8232590288474235 3.005652764224427 0.8046423610906883 0.36175680646060443
5.642037756795285 0.48816653186543346 0.8231004198896923 3.00913518166772 0.8068233169209391 0.36197299503252606
5.644146469226748 0.4882657624788882 0.8229417692659121 3.0126216679256497 0.8090051124457535 0.36218931780595187
5.6462559602431694 0.48836501641713775 0.8227830769602656 3.0161122277921923 0.8111877479883574 0.3624057748685956
5.648366230112725 0.48846429368732536 0.8226243429569978 3.019606866065435 0.8133712238711098 0.36262236630813444
5.65047727910586 0.488563594296701 0.8224655672401788 3.0231055875528083 0.8155555404187675 0.3628390922125329
5.6525891074920125 0.48866291825246705 0.8223067497939516 3.0266083970656688 0.8177406979550926 0.3630559526697064
5.654701715540703 0.48876226556183017 0.8221478906024474 3.030115299421109 0.8199266968039816 0.3632729477676334
5.656815103519894 0.4888616362319232 0.8219889896499125 3.0336262994392347 0.8221135372877664 0.36349007759418656
5.658929271700492 0.4889610302700179 0.821830046920366 3.0371414019506586 0.8243012197318765 0.36370734223759577
5.661044220352537 0.48906044768334483 0.8216710623978895 3.0406606117901736 0.8264897444608915 0.3639247417860565
5.663159949744379 0.4891598884790557 0.8215120360666868 3.044183933795386 0.8286791117976934 0.364142276327645
5.665276460146473 0.4892593526644005 0.8213529679108001 3.0477113728130334 0.8308693220673876 0.3643599459507084
5.667393751829657 0.48935884024664766 0.8211938579142383 3.05124293369614 0.8330603755955277 0.3645777507436884
5.669511825061452 0.4894583512329095 0.8210347060612562 3.054778621297841 0.8352522727042841 0.36479569079474
5.671630680114296 0.48955788563052954 0.8208755123357343 3.058318440485125 0.837445013720963 0.36501376619257864
5.673750317256889 0.4896574434466757 0.8207162767218301 3.0618623961244107 0.8396385989690527 0.36523197702559074
5.6758707367598555 0.4897570246886062 0.8205569992035533 3.0654104930909853 0.8418330287740807 0.3654503233824147
5.677991938893498 0.48985662936356417 0.8203976797649325 3.068962736265282 0.844028303461292 0.3656688053517115
5.6801139239277045 0.48995625747877347 0.8202383183900244 3.0725191305327186 0.8462244233555525 0.36588742302215427
5.682236692133299 0.49005590904150165 0.82007891506281 3.0760796807859636 0.8484213887827435 0.3661061764825673
5.684360243780517 0.49015558405898907 0.8199194697673121 3.0796443919224004 0.8506192000681901 0.3663250658217699
5.686484579139614 0.4902552825384764 0.819759982487547 3.0832132688451366 0.8528178575372833 0.3665440911286376
5.68860969848227 0.490355004487272 0.8196004532074198 3.086786316465393 0.8550173615169427 0.3667632524922491
5.690735602077071 0.49045474991253835 0.8194408819110641 3.090363539694898 0.857217712330932 0.36698255000141883
5.692862290197033 0.4905545188216464 0.8192812685822767 3.0939449434585526 0.8594189103076507 0.3672019837454732
5.694989763111602 0.49065431122179926 0.8191216132051181 3.097530532680979 0.8616209557718517 0.36742155381342584
5.697118021091659 0.49075412712026767 0.8189619157635375 3.1011203122949555 0.8638238490498248 0.36764126029449407
5.699247064409239 0.4908539665243764 0.8188021762413924 3.104714287240944 0.866027590469103 0.3678611032780694
5.701376893334433 0.490953829441359 0.818642394622683 3.108312462461881 0.8682321803552577 0.3680810828533984
5.703507508137959 0.49105371587847874 0.8184825708913578 3.111914842907513 0.8704376190345582 0.36830119910984765
5.7056389090921 0.49115362584307215 0.8183227050312436 3.1155214335359966 0.8726439068349426 0.368521452137001
5.7077710964680035 0.49125355934242265 0.8181627970262485 3.119132239309343 0.8748510440832272 0.3687418420243808
5.709904070536243 0.49135351638378677 0.8180028468603195 3.122747265194367 0.8770590311056813 0.36896236886150585
5.712037831568086 0.49145349697445373 0.817842854517347 3.1263665161648397 0.8792678682293423 0.3691830327380219
5.71417237983576 0.49155350112175766 0.8176828199811456 3.129989997201954 0.8814775557822939 0.36940383374373004
5.716307715610734 0.4916535288329973 0.8175227432355819 3.1336177132914167 0.8836880940918834 0.3696247719684088
5.718443839164564 0.49175358011547565 0.8173626242645123 3.1372496694248904 0.8858994834855988 0.3698458475019018
5.720580750768887 0.49185365497649935 0.8172024630517835 3.140885870599979 0.8881117242910609 0.37006706043411614
5.722718450695417 0.49195375342337905 0.8170422595812304 3.144526321820248 0.8903248168360229 0.3702884108550238
5.724856939215645 0.4920538754634146 0.8168820138367021 3.1481710280947 0.892538761448055 0.370509898854629
5.7269962166016635 0.4921540211039347 0.8167217258019972 3.151819994439203 0.8947535584554035 0.3707315245230547
5.729136283125664 0.4922541903522721 0.8165613954609037 3.1554732258756295 0.8969692081864651 0.3709532879504899
5.731277139059689 0.49235438321575326 0.8164010227972153 3.1591307274314526 0.899185710969534 0.37117518922716475
5.733418784675857 0.4924545997017079 0.8162406077947162 3.1627925041401244 0.9014030671330345 0.3713972284433731
5.7355612202463755 0.4925548398174703 0.8160801504371802 3.166458561041114 0.9036212770055315 0.3716194056894744
5.737704446043531 0.49265510357037817 0.81591965070837 3.170128903179894 0.9058403409157243 0.37184172105589247
5.739848462339687 0.49275539096777343 0.8157591085920385 3.173803535607949 0.9080602591924422 0.37206417463311603
5.741993269406942 0.4928557020169853 0.8155985240719545 3.1774824633821863 0.910281032164291 0.3722867665116618
5.744138867517821 0.4929560367253632 0.81543789713185 3.1811656915661386 0.9125026601603683 0.37250949678214795
5.746285256945149 0.4930563951002708 0.8152772277554304 3.184853225229753 0.9147251435101351 0.37273236553528
5.74843243796162 0.49315677714906564 0.8151165159264067 3.188545069448652 0.9169484825429655 0.37295537286180636
5.7505804108400085 0.4932571828791092 0.8149557616284792 3.1922412293045137 0.9191726775883693 0.37317851885254044
5.752729175853165 0.49335761229776653 0.8147949648453383 3.1959417098850653 0.9213977289759865 0.37340180359836045
5.7548787332740305 0.4934580654124073 0.8146341255606633 3.199646516284116 0.9236236370356002 0.37362522719021035
5.757029083374505 0.49355854223035245 0.8144732437582068 3.203355653599612 0.9258504020959688 0.37384878971898267
5.759180226428224 0.49365904275900413 0.8143123194215874 3.207069126938434 0.9280780244876989 0.37407249127580744
5.7613321627088085 0.4937595670057642 0.8141513525344201 3.2107869414133865 0.9303065045414313 0.3742963319518697
5.763484892489518 0.4938601149780173 0.8139903430803431 3.2145091021426064 0.9325358425874861 0.3745203118383738
5.7656384160421466 0.49396068668308046 0.8138292910430985 3.2182356142476616 0.9347660389547169 0.3747444310264292
5.767792733640954 0.4940612821283854 0.8136681964062412 3.221966482860347 0.9369970939745815 0.37496868960745783
5.7699478455600195 0.49416190132135596 0.8135070591533341 3.2257017131181276 0.9392290079784023 0.3751930876729207
5.772103752071397 0.49426254426932126 0.8133458792680869 3.229441310160947 0.9414617812954564 0.3754176253141249
5.774260453449128 0.49436321097970376 0.813184656734057 3.2331852791381785 0.9436954142571317 0.3756423026226416
5.776417949967981 0.49446390145995955 0.8130233915347426 3.236933625206462 0.9459299071956189 0.3758671196901746
5.77857624189901 0.49456461571737176 0.8128620836539152 3.2406863535219905 0.9481652604393148 0.37609207660809846
5.78073532951856 0.49466535375947085 0.8127007330749457 3.2444434692561614 0.9504014743221467 0.3763171734683959
5.782895213098946 0.494766115593599 0.8125393397815027 3.248204977579392 0.9526385491739222 0.37654241036268726
5.785055892914598 0.49486690122719745 0.8123779037570915 3.2519708836718 0.9548764853266882 0.3767677873828705
5.787217369239514 0.49496771066768736 0.8122164249852454 3.255741192718793 0.9571152831120985 0.3769933046208562
5.78937964234732 0.49506854392247285 0.8120549034495209 3.2595159099111695 0.9593549428614734 0.3772189621685737
5.791542712512586 0.4951694009990023 0.8118933391333993 3.2632950404474226 0.9615954649071624 0.377444760118108
5.793706580009249 0.49527028190469446 0.8117317320204053 3.2670785895310024 0.9638368495809121 0.37767069856153596
5.7958712451113295 0.4953711866469726 0.8115700820940516 3.270866562371565 0.9660790972146068 0.37789677759100077
5.798036708094207 0.49547211523332313 0.8114083893377458 3.274658964187217 0.9683222081415919 0.3781229972988449
5.800202969230216 0.4955730676710909 0.8112466537351184 3.278455800196811 0.9705661826921098 0.37834935777715084
5.802370028796215 0.49567404396783205 0.8110848752694564 3.282257075633218 0.9728110212011435 0.3785758591185316
5.804537887065009 0.49577504413091356 0.810923053924346 3.2860627957282897 0.9750567239995271 0.37880250141523397
5.806706544311679 0.49587606816780894 0.8107611896831985 3.289872965723976 0.9773032914205074 0.3790292847598009
5.80887600081187 0.49597711608601824 0.8105992825293782 3.293687590869323 0.979550723797965 0.3792562092448922
5.8110462568388455 0.4960781878929308 0.8104373324464225 3.2975066764153143 0.9817990214633685 0.3794832749629765
5.813217312667908 0.4961792835960309 0.8102753394177127 3.3013302276226346 0.9840481847503514 0.37971048200679397
5.815389168574748 0.49628040320282124 0.8101133034265957 3.3051582497587857 0.9862982139929994 0.3799378304691831
5.817561824834233 0.49638154672076673 0.8099512244564754 3.308990748095966 0.9885491095246028 0.38016532044295503
5.819735281719731 0.49648271415726214 0.809789102490863 3.312827727909861 0.9908008716769457 0.3803929520208212
5.821909539507859 0.4965839055198541 0.8096269375130228 3.3166691944880515 0.9930535007852358 0.3806207252958924
5.824084598473855 0.49668512081602545 0.8094647295063166 3.320515153121844 0.9953069971833037 0.38084864036119276
5.826260458892915 0.49678636005325666 0.8093024784541059 3.324365609108637 0.9975613612049873 0.3810766973098004
5.828437121040307 0.49688762323903246 0.8091401843397403 3.328220567752132 0.9998165931842545 0.38130489623485947
5.830614585190845 0.49698891038081644 0.8089778471466004 3.3320800343614145 1.0020726934546564 0.38153323722952526
5.832792851620163 0.49709022148611054 0.8088154668579995 3.3359440142532035 1.0043296623506455 0.38176172038709705
5.834971920604249 0.4971915565624335 0.8086530434572208 3.33981251275105 1.0065875002070936 0.38199034580096985
5.837151792418699 0.4972929156172862 0.8084905769275709 3.3436855351840147 1.0088462073585214 0.38221911356455646
5.839332467339186 0.49739429865817286 0.8083280672523474 3.347563086887507 1.0111057841395819 0.382448023771336
5.841513945641466 0.4974957056926027 0.8081655144148351 3.3514451732033117 1.0133662308850686 0.3826770765148557
5.843696227601376 0.497597136728088 0.8080029183983095 3.355331799479575 1.0156275479299102 0.38290627188872933
5.845879313494834 0.4976985917721458 0.8078402791860348 3.359222971070829 1.0178897356091736 0.3831356099866381
5.848063203597831 0.49780007083229655 0.8076775967612648 3.363118693337978 1.0201527942580573 0.38336509090233
5.8502478981864545 0.49790157391606543 0.8075148711072411 3.3670189716483536 1.0224167242119107 0.38359471472962214
5.852433397536856 0.498003101030981 0.8073521022071962 3.3709238113756532 1.0246815258062039 0.38382448156239696
5.85461970192528 0.4981046521845761 0.807189290044351 3.3748332179000076 1.0269471993765569 0.3840543914946057
5.856806811628045 0.49820622738438763 0.8070264346019153 3.3787471966079576 1.0292137452587213 0.38428444462026656
5.858994726921557 0.4983078266379569 0.8068635358630879 3.382665752892482 1.0314811637885914 0.38451464103346633
5.861183448082175 0.49840944995282305 0.8067005938110665 3.3865888921527607 1.03374945530207 0.3847449808283457
5.863372975385576 0.4985110973364941 0.8065376084290943 3.3905166197930487 1.0360186201344026 0.38497546409903294
5.865563309109264 0.4986127687965631 0.8063745797002737 3.394448941227179 1.0382886586227864 0.3852060909399075
5.867754449529966 0.4987144643405871 0.8062115076077606 3.398385861873908 1.040559571103664 0.38543686144532696
5.869946396924486 0.4988161839761275 0.8060483921346995 3.4023273871584467 1.0428313579136144 0.38566777570971594
5.872139151569715 0.4989179277107496 0.8058852332642239 3.4062735225124934 1.04510401938936 0.3858988338275679
5.8743327137413 0.49901969555196163 0.8057220309795546 3.4102242733718406 1.047377555866388 0.3861300358933048
5.876527083716924 0.4991214875073666 0.8055587852637567 3.4141796451822826 1.0496519676823515 0.38636138200162207
5.878722261774254 0.4992233035845666 0.805395496099891 3.418139643395942 1.0519272551749377 0.3865928722472737
5.8809182481905 0.4993251437911435 0.8052321634710478 3.4221042734704796 1.0542034186814195 0.38682450672502483
5.883115043240541 0.49942700813457114 0.8050687873604846 3.4260735408657075 1.0564804585367058 0.38705628552945465
5.885312647203984 0.49952889662254285 0.8049053677511041 3.4300474510563483 1.0587583750806593 0.38728820875570047
5.887511060358311 0.4996308092626538 0.8047419046259607 3.434026009519677 1.061037168650998 0.3875202764987357
5.8897102829782595 0.4997327460623723 0.8045783979683085 3.4380092217343785 1.0633168395826464 0.3877524888533033
5.891910315344005 0.49983470702941923 0.8044148477609917 3.441997093195389 1.0655973882162233 0.3879848459147809
5.894111157732177 0.4999366921713512 0.8042512539871144 3.4459896293976184 1.0678788148887246 0.3882173477782308
5.8963128104195315 0.500038701495731 0.8040876166297647 3.4499868358426213 1.0701611199373333 0.3884499945387894
5.898515273685868 0.5001407350102633 0.8039239356718001 3.4539887180438984 1.0724443037024427 0.38868278629197456
5.900718547805667 0.5002427927224062 0.8037602110964689 3.45799528151171 1.074728366518985 0.3889157231328017
5.9029226330603395 0.5003448746399393 0.8035964428864986 3.4620065317753546 1.077013308729135 0.38914880515707956
5.905127529724474 0.5004469807703267 0.8034326310251187 3.4660224743581614 1.079299130668048 0.3893820324599553
5.907333238079202 0.5005491111213358 0.8032687754950679 3.4700431148018236 1.081585832677717 0.38961540513732856
5.909539758399304 0.5006512657004403 0.8031048762795515 3.4740684586429205 1.0838734150936078 0.3898489232844873
5.91174709096621 0.5007534445154221 0.8029409333612755 3.478098511436624 1.0861618782581342 0.3900825869974835
5.913955236054794 0.5008556475737601 0.8027769467234278 3.482133278732619 1.088451222506969 0.3903163963717359
5.916164193946051 0.5009578748832169 0.8026129163487367 3.4861727660982447 1.0907414481821855 0.39055035150337125
5.91837396491687 0.5010601264513651 0.8024488422202305 3.4902169790998325 1.0930325556216554 0.39078445248814236
5.920584549245631 0.5011624022858473 0.8022847243208212 3.4942659233129403 1.0953245451648534 0.3910186994220207
5.922795947212213 0.5012647023943755 0.8021205626333051 3.4983196043223717 1.0976174171528628 0.3912530924011967
5.925008159092808 0.5013670267844914 0.801956357140746 3.5023780277126915 1.099911171922999 0.3914876315215312
5.927221185167682 0.5014693754639257 0.8017921078259008 3.5064411990824538 1.1022058098168588 0.3917223168793773
5.9294350257159225 0.5015717484403553 0.801627814671609 3.5105091240345843 1.1045013311748713 0.3919571485710242
5.931649681014655 0.501674145721366 0.80146347766085 3.514581808174942 1.106797736335488 0.3921921266926136
5.93386515134342 0.5017765673146568 0.8012990967764189 3.518659257120368 1.1090950256397216 0.39242725134060463
5.936081436981816 0.5018790132279286 0.8011346720011009 3.522741476494363 1.111393199428697 0.39266252261152307
5.938298538208707 0.5019814834688496 0.8009702033177317 3.526828471925645 1.1136922580428374 0.39289794060187827
5.940516455301829 0.5020839780450359 0.800805690709224 3.5309202490474156 1.1159922018214512 0.3931335054081205
5.942735188541044 0.5021864969642026 0.8006411341583287 3.5350168135033733 1.1182930311061066 0.393369217126987
5.944954738205981 0.5022890402340541 0.800476533647808 3.5391181709433757 1.1205947462381864 0.3936050758552515
5.947175104575826 0.5023916078622748 0.8003118891604522 3.5432243270230552 1.1228973475586717 0.39384108168970167
5.949396287929849 0.5024941998565537 0.8001472006790397 3.5473352874048047 1.1252008354086858 0.39407723472719586
5.951618288547396 0.5025968162245837 0.7999824681863384 3.55145105775776 1.127505210129487 0.3943135350646612
5.9538411067074435 0.5026994569740408 0.7998176916651375 3.5555716437569975 1.1298104720620084 0.39454998279904757
5.95606474268968 0.5028021221126345 0.7996528710981695 3.5596970510855295 1.1321166215479759 0.39478657802744127
5.958289196774107 0.5029048116480894 0.799488006468137 3.5638272854335873 1.1344236589294976 0.39502332084702396
5.960514469240397 0.5030075255881151 0.7993230977577624 3.567962352497435 1.136731584548397 0.39526021135500367
5.962740560368293 0.5031102639404248 0.7991581449497576 3.572102257980117 1.1390403987466282 0.3954972496486575
5.964967470437626 0.5032130267127366 0.7989931480268225 3.5762470075914963 1.141350101866291 0.3957344358253335
5.967195199728304 0.5033158139127725 0.7988281069716456 3.580396607048246 1.143660694249624 0.39597176998244976
5.969423748520315 0.5034186255482583 0.7986630217669045 3.5845510620738636 1.1459721762390038 0.3962092522174946
5.9716531170937275 0.5035214616269245 0.7984978923952657 3.5887103783986807 1.14828454817695 0.3964468826280268
5.973883305728688 0.5036243221565055 0.7983327188393838 3.592874561759862 1.150597810406118 0.3966846613116753
5.976114314705427 0.50372720714474 0.7981675010819026 3.597043617901421 1.152911963269307 0.39692258836613953
5.978346144304255 0.5038301165993707 0.798002239105454 3.6012175525742403 1.1552270071094581 0.39716066388919014
5.980578794805014 0.5039330505281197 0.7978369328926992 3.6053963715350315 1.1575429422690826 0.39739888797860934
5.982812266488213 0.5040360089387396 0.797671582426245 3.609580080548475 1.15985976909144 0.3976372607323125
5.985046559634756 0.5041389918390026 0.7975061876886634 3.613768685386729 1.1621774879202589 0.3978757822483198
5.987281674525272 0.5042419992366678 0.7973407486625408 3.617962191828171 1.1644960990990385 0.39811445262468376
5.989517611440473 0.5043450311394995 0.7971752653304527 3.622160605658084 1.1668156029714205 0.3983532719595282
5.991754370661145 0.5044480875552653 0.7970097376749633 3.6263639326686454 1.169135999881184 0.3985922403510471
5.9939919524674545 0.504551168491705 0.7968441656786771 3.6305721786576353 1.1714572901715208 0.39883135789743107
5.996230357139813 0.50465427395657 0.7966785493241756 3.634785349430054 1.1737794741859333 0.3990706246969584
5.998469584960342 0.5047574039576915 0.7965128885939069 3.6390034508009133 1.1761025522697592 0.39931004084815364
6.000709636210154 0.5048605585028542 0.7963471834703904 3.6432264885901016 1.1784265247673429 0.39954960644949483
6.002950511169453 0.5049637375998016 0.7961814339362046 3.6474544686226054 1.1807513920221462 0.3997893215994266
6.005192210118925 0.5050669412563003 0.7960156399738891 3.651687396731112 1.1830771543781902 0.40002918639650703
6.007434733341336 0.5051701694802126 0.7958498015658229 3.655925278759055 1.1854038121817092 0.4002692009395798
6.009678081117477 0.505273422279311 0.7956839186945256 3.660168120552958 1.187731365776948 0.4005093653273397
6.011922253727132 0.5053766996613218 0.795517991342586 3.6644159279642663 1.1900598155071633 0.40074967965843683
6.014167251454109 0.5054800016341573 0.7953520194922897 3.668668706858881 1.1923891617198465 0.4009901440320146
6.016413074578439 0.5055833282055563 0.7951860031261958 3.6729264631024 1.1947194047586287 0.4012307585468754
6.01865972338168 0.5056866793833285 0.7950199422267453 3.6771892025701574 1.1970505449687805 0.4014715233020474
6.020907198147139 0.5057900551753647 0.7948538367762441 3.6814569311476824 1.199382582697448 0.4017124383968098
6.023155499153355 0.5058934555893366 0.7946876867573447 3.6857296547183145 1.2017155182868888 0.4019535039299936
6.025404626685746 0.5059968806332338 0.7945214921521857 3.6900073791853463 1.204049352086555 0.4021947200012307
6.027654581022924 0.5061003303147322 0.794355252943403 3.6942901104460173 1.206384084438896 0.40243608670948605
6.029905362449713 0.5062038046417948 0.7941889691131684 3.6985778544162775 1.2087197156928655 0.40267760415445386
6.032156971245454 0.5063073036221326 0.794022640644052 3.702870617008551 1.211056246191786 0.4029192724353042
6.0344094076949535 0.5064108272637089 0.7938562675182157 3.707168404152581 1.2133936762847095 0.4031610916518562
6.03666267207729 0.5065143755742239 0.793689849718238 3.711471221774114 1.2157320063148043 0.40340306190337816
6.038916764678019 0.5066179485616762 0.7935233872262132 3.715779075818189 1.218071236632019 0.4036451832898971
6.041171685776047 0.5067215462337593 0.793356880024722 3.720091972224076 1.2204113675794586 0.40388745591078923
6.043427435656462 0.5068251685984518 0.7931903280958819 3.7244099169498126 1.2227523995067044 0.4041298798661586
6.045684014600618 0.5069288156635608 0.7930237314220803 3.7287329159532514 1.2250943327595198 0.40437245525577176
6.047941422890342 0.507032487436916 0.7928570899856653 3.733060975200107 1.2274371676842197 0.4046151821795094
6.050199660810047 0.5071361839264662 0.7926904037687865 3.7373941006680287 1.229780904629861 0.40485806073759456
6.052458728640466 0.5072399051399924 0.7925236727538607 3.741732298334584 1.232125543941741 0.40510109102991787
6.054718626664954 0.5073436510853961 0.7923568969231052 3.746075574189362 1.2344710859679369 0.40534427315671606
6.056979355167298 0.5074474217705994 0.7921900762586987 3.750423934229784 1.2368175310570342 0.40558760721833625
6.059240914429399 0.5075512172034382 0.7920232107429549 3.754777384456644 1.2391648795557189 0.40583109331498646
6.0615033047334315 0.5076550373917622 0.7918563003581602 3.759135930878283 1.2415131318110229 0.4060747315469684
6.063766526363911 0.5077588823435286 0.7916893450864229 3.7634995795145656 1.2438622881724648 0.4063185220148995
6.066030579603809 0.5078627520666246 0.7915223449099593 3.7678683363894234 1.246212348988022 0.40656246481929553
6.06829546473578 0.5079666465689234 0.7913552998110034 3.77224220753321 1.2485633146054005 0.4068065600607022
6.070561182042033 0.5080705658582785 0.7911882097718163 3.7766211989824656 1.250915185371906 0.40705080783968123
6.072827731807242 0.5081745099426571 0.7910210747744711 3.7810053167855506 1.253267961637461 0.4072952082571245
6.075095114314702 0.5082784788299639 0.7908538948011372 3.7853945669952282 1.2556216437506165 0.40753976141383974
6.077363329847777 0.508382472528107 0.7906866698339724 3.7897889556714657 1.2579762320600552 0.40778446741070606
6.079632378689917 0.5084864910449995 0.7905193998551229 3.7941884888814883 1.2603317269146097 0.40802932634867706
6.0819022611246485 0.5085905343885587 0.7903520848467231 3.79859317269975 1.2626881286632508 0.40827433832877835
6.084172977435157 0.5086946025666867 0.7901847247909262 3.803003013207152 1.2650454376546565 0.40851950345206417
6.086444527905301 0.5087986955873173 0.7900173196698308 3.8074180164930014 1.2674036542382618 0.4087648218197253
6.08871691281924 0.5089028134583985 0.7898498694655064 3.811838188654315 1.2697627787638777 0.40901029353305013
6.0909901324608215 0.5090069561878648 0.7896823741600404 3.816263535794622 1.2721228115810475 0.4092559186933578
6.093264187113967 0.5091111237836552 0.789514833735508 3.820694064024742 1.2744837530394544 0.40950169740204095
6.095539077062677 0.5092153162537123 0.7893472481739734 3.825129779462784 1.2768456034889242 0.409747629760565
6.097814802591033 0.5093195336059835 0.7891796174574883 3.8295706882341665 1.279208363279426 0.4099937158704693
6.1000913639832 0.5094237758484207 0.7890119415680921 3.8340167964716345 1.2815720327610753 0.4102399558333672
6.102368761523414 0.5095280429889796 0.788844220487814 3.838468110315241 1.2839366122841247 0.4104863497509449
6.1046469954959965 0.5096323350356207 0.7886764541986693 3.8429246359123814 1.2863021021989731 0.4107328977249628
6.106926066185344 0.5097366519963082 0.7885086426826634 3.8473863794177885 1.2886685028561604 0.4109795998572546
6.109205973875353 0.5098409938789851 0.7883407859218313 3.8518533469924083 1.2910358146057674 0.4112264562496652
6.111486718850732 0.5099453606916311 0.7881728838981424 3.856325544805983 1.2934040377987785 0.41147346700419274
6.113768301396396 0.5100497524422369 0.7880049365935452 3.86080297903587 1.2957731727864539 0.4117206322229228
6.116050721797056 0.5101541691387841 0.7878369439899972 3.865285655866252 1.2981432199199026 0.41196795200798453
6.11833398033751 0.5102586107892592 0.787668906069443 3.869773581488715 1.3005141795503843 0.4122154264615818
6.1206180773026295 0.5103630774016529 0.7875008228138154 3.8742667621022284 1.3028860520292989 0.4124630556859924
6.122903012977369 0.5104675689839602 0.7873326942050363 3.878765203913173 1.3052588377081908 0.4127108397835682
6.1251887876449205 0.5105720855440963 0.7871645202251496 3.883268913131711 1.3076325369368358 0.4129587788565356
6.127475401591974 0.5106766270901373 0.7869963008559365 3.887777895982163 1.3100071500687054 0.4132068730075662
6.129762855103829 0.5107811936300961 0.7868280360792748 3.89229215869339 1.312382677455886 0.4134551223392468
6.132051148465751 0.5108857851719851 0.7866597258770377 3.8968117075014668 1.3147591194504928 0.4137035269542259
6.134340281961063 0.5109904017237287 0.7864913702312354 3.9013365486459226 1.3171364764026827 0.4139520869550073
6.136630255876523 0.5110950432934086 0.78632296912362 3.9058666883803714 1.3195147486662426 0.4142008024445333
6.138921070498181 0.5111997098890753 0.7861545225359883 3.9104021329643497 1.3218939365942874 0.41444967352573586
6.141212726110134 0.5113044015186908 0.7859860304502755 3.9149428886608373 1.324274040537962 0.4146987003014003
6.1435052229978275 0.5114091181902796 0.785817492848311 3.919488961742815 1.3266550608498764 0.41494788287452494
6.1457985614485615 0.5115138599119509 0.7856489097117819 3.92404035849428 1.3290369978846277 0.4151972213483756
6.148092741745819 0.5116186266916416 0.7854802810226489 3.928597085198999 1.33141985199291 0.4154467158258695
6.1503877641765055 0.5117234185374446 0.7853116067626158 3.9331591481548913 1.3338036235290354 0.41569636641036223
6.152683629027198 0.5118282354574392 0.7851428869134041 3.937726553666586 1.3361883128470353 0.4159461732052399
6.1549803365811355 0.5119330774595527 0.784974121456974 3.942299308039447 1.3385739202975373 0.4161961363135921
6.157277887127716 0.5120379445519946 0.7848053103748271 3.946877417598476 1.3409604462376277 0.4164462558392449
6.159576280949386 0.5121428367426579 0.7846364536489693 3.9514608886622202 1.3433478910172354 0.4166965318853342
6.161875518335505 0.5122477540397519 0.7844675512608923 3.9560497275704103 1.345736254993532 0.4169469645558155
6.164175599569445 0.5123526964512131 0.7842986031925218 3.9606439406582306 1.3481255385175308 0.4171975539540582
6.166476524939982 0.5124576639852261 0.7841296094253797 3.9652435342790873 1.3505157419459237 0.41744830018408796
6.168778294730763 0.5125626566497414 0.7839605699413583 3.969848514783548 1.3529068656301337 0.41769920334943733
6.171080909231226 0.5126676744529755 0.7837914847219186 3.9744588885412133 1.355298909927666 0.4179502635543379
6.173384368724048 0.5127727174028367 0.7836223537490112 3.979074661915584 1.3576918751890619 0.41820148090235004
6.175688673499518 0.5128777855075812 0.7834531770040222 3.9836958412928634 1.360085761772835 0.4184528554979317
6.177993823841271 0.5129828787751628 0.7832839544688193 3.9883224330533835 1.362480570030647 0.418704387444882
6.180299820037609 0.5130879972137492 0.7831146861249207 3.9929544435943103 1.364876300319075 0.418956076847576
6.182606662375663 0.5131931408314552 0.7829453719539254 3.997591879317938 1.367272952993537 0.41920792381032845
6.184914351139641 0.5132983096362632 0.7827760119376395 4.00223474662818 1.3696705284064825 0.4194599284372023
6.187222886619278 0.5134035036364084 0.7826066060574574 4.006883051947555 1.3720690269161622 0.4197120908329304
6.189532269100732 0.5135087228399641 0.7824371542950296 4.011536801698903 1.3744684488771761 0.41996441110192306
6.191842498869188 0.5136139672549597 0.7822676566320713 4.016196002310613 1.3768687946431761 0.4202168893485513
6.194153576214018 0.5137192368896165 0.7820981130499843 4.020860660227041 1.3792700645722265 0.4204695256777111
6.196465501422235 0.513824531752049 0.781928523530337 4.025530781895327 1.3816722590200057 0.4207223201941082
6.198778274779121 0.513929851850294 0.781758888054818 4.030206373766655 1.3840753783404551 0.4209752730023264
6.201091896573156 0.5140351971925347 0.781589206604875 4.034887442306219 1.386479422890904 0.42122838420736686
6.2034063670922315 0.5141405677869281 0.7814194791619923 4.039573993985599 1.3888843930281332 0.4214816539142342
6.205721686623668 0.5142459636416064 0.7812497057076896 4.044266035282783 1.3912902891083934 0.4217350822279381
6.208037855454389 0.5143513847646846 0.7810798862235093 4.048963572682546 1.393697111487588 0.42198866925351275
6.210354873871154 0.514456831164271 0.7809100206909988 4.053666612676907 1.3961048605215112 0.422242415096042
6.212672742162875 0.5145623028485726 0.7807401090915418 4.058375161769858 1.3985135365682602 0.4224963198609132
6.214991460617189 0.5146677998257398 0.7805701514066083 4.063089226470416 1.4009231399846709 0.42275038365344236
6.217311029521809 0.514773322103927 0.7804001476176567 4.067808813295367 1.4033336711277198 0.4230046065790216
6.2196314491645275 0.5148788696912929 0.7802300977061324 4.07253392876929 1.405745130354534 0.42325898874311985
6.221952719833216 0.5149844425960012 0.7800600016534687 4.0772645794245586 1.4081575180223835 0.423513530251283
6.224274841815823 0.5150900408262195 0.7798898594410865 4.082000771801351 1.4105708344886834 0.42376823120913326
6.226597815400373 0.5151956643901203 0.7797196710503945 4.086742512447657 1.4129850801109936 0.4240230917223698
6.228921640874623 0.5153013132958645 0.779549436462815 4.091489807918578 1.4154002552466585 0.42427811189673026
6.231246318527178 0.5154069875516525 0.7793791556597004 4.09624266477863 1.4178163602539675 0.42453329183811417
6.233571848646381 0.5155126871656739 0.779208828622416 4.1010010895994755 1.4202333954910062 0.42478863165246067
6.235898231520574 0.5156184121461191 0.7790384553323214 4.105765088960461 1.4226513613159193 0.42504413144577696
6.238225467438177 0.515724162501183 0.7788680357707624 4.11053466944881 1.4250702580869994 0.4252997913241479
6.240553556687678 0.5158299382390643 0.778697569919074 4.115309837659582 1.4274900861626747 0.42555561139373393
6.242882499557306 0.5159357393679512 0.7785270577586034 4.12009060019503 1.4299108459011665 0.4258115917607358
6.2452122963357395 0.5160415658960533 0.7783564992706574 4.124876963666068 1.4323325376612324 0.4260677325314729
6.2475429473118735 0.5161474178315906 0.7781858944365214 4.129668934691786 1.434755161801916 0.4263240338123566
6.249874452774515 0.5162532951827805 0.7780152432374794 4.134466519898842 1.4371787186822362 0.4265804957098578
6.25220681301255 0.5163591979578446 0.7778445456548031 4.139269725921822 1.439603208661359 0.42683711833052485
6.254540028314943 0.5164651261650093 0.7776738016697526 4.144078559403235 1.442028632098597 0.42709390178098383
6.256874098970737 0.5165710798125054 0.7775030112635741 4.14889302699354 1.44445498935341 0.4273508461679387
6.259209025269052 0.516677058908568 0.7773321744175024 4.153713135351132 1.4468822807854016 0.42760795159817067
6.26154480749875 0.516783063461422 0.7771612911127836 4.1585388911416725 1.4493105067539747 0.4278652181785018
6.263881445947823 0.5168890934792532 0.776990361330721 4.163370301036831 1.451739667617691 0.42812264601572764
6.266218940907086 0.5169951489703768 0.7768193850524048 4.168207371721924 1.4541697637381141 0.42838023521702395
6.268557292665972 0.5171012299430464 0.7766483622590185 4.173050109887245 1.4566007954754363 0.42863798588948376
6.270896501513994 0.51720733640552 0.7764772929317342 4.177898522231084 1.4590327631899984 0.4288958981402781
6.273236567738957 0.5173134683659791 0.776306177051841 4.182752615456032 1.4614656672404298 0.42915397207645944
6.27557749163132 0.5174196258327268 0.7761350146004274 4.187612396278034 1.4638995079881871 0.42941220780544204
6.277919273481659 0.5175258088140724 0.7759638055585664 4.192477871421151 1.4663342857949142 0.42967060543472313
6.280261913579232 0.5176320173182662 0.7757925499074204 4.197349047614575 1.4687700010209483 0.42992916507172396
6.282605412211805 0.5177382513534927 0.7756212476282539 4.202225931592277 1.4712066540251443 0.43018788682377096
6.2849497696718934 0.5178445109281515 0.7754498987019778 4.207108530105999 1.4736442451713587 0.4304467707987844
6.287294986248774 0.5179507960504977 0.7752785031097317 4.211996849908652 1.4760827748201493 0.4307058171043973
6.2896410622303875 0.5180571067287255 0.775107060832747 4.216890897758259 1.478522243330748 0.43096502584816443
6.291987997909758 0.518163442971262 0.7749355718518761 4.221790680431375 1.4809626510677418 0.43122439713827265
6.294335793574737 0.5182698047862999 0.774764036148342 4.226696204701689 1.4834039983904028 0.4314839310824069
6.2966844495163246 0.5183761921821759 0.7745924537031313 4.231607477357401 1.4858462856613457 0.43174362778867054
6.299033966025638 0.5184826051672331 0.7744208244972153 4.236524505194914 1.4882895132433718 0.4320034873652497
6.301384343390571 0.5185890437496697 0.774249148511792 4.241447295011839 1.490733681495998 0.4322635099200447
6.303735581905023 0.5186955079379569 0.774077425727616 4.246375853626337 1.4931787907850533 0.4325236955616903
6.3060876818550495 0.5188019977402116 0.7739056561260061 4.2513101878481026 1.4956248414682745 0.4327840443980233
6.308440643536026 0.518908513164974 0.7737338396875945 4.256250304514375 1.49807183391316 0.4330445565379833
6.310794467233559 0.5190150542203431 0.7735619763937182 4.26119621044988 1.5005197684771137 0.4333052320894981
6.313149153243174 0.5191216209148677 0.7733900662249844 4.266147912508188 1.5029686455279232 0.43356607116166485
6.315504701851132 0.5192282132566787 0.7732181091626688 4.271105417531415 1.5054184654238076 0.43382707386262503
6.317861113352005 0.5193348312542838 0.7730461051874332 4.276068732387187 1.5078692285316972 0.43408824030151166
6.320218388034044 0.5194414749159063 0.7728740542803944 4.281037863937857 1.5103209352120142 0.4343495705868278
6.322576526189449 0.519548144249949 0.7727019564223724 4.286012819062149 1.5127735858293567 0.4346110648275853
6.324935528109807 0.5196548392647877 0.7725298115942268 4.290993604645552 1.5152271807477515 0.43487272313279884
6.327295394083642 0.5197615599686615 0.7723576197770314 4.295980227575151 1.5176817203281059 0.4351345456112141
6.329656124405203 0.519868306370069 0.7721853809514366 4.30097269475821 1.5201372049373536 0.43539653237228343
6.332017719363951 0.5199750784772933 0.7720130950984345 4.305971013099944 1.52259363493751 0.43565868352499804
6.334380179250782 0.520081876298684 0.7718407621989052 4.3109751895167125 1.5250510106921544 0.4359209991785803
6.336743504358873 0.5201886998426947 0.771668382233555 4.315985230937807 1.5275093325673066 0.43618347944257685
6.339107694978536 0.5202955491176504 0.7714959551832921 4.321001144294567 1.5299686009260718 0.4364461244262874
6.341472751400122 0.5204024241318792 0.7713234810290152 4.3260229365265275 1.5324288161316644 0.4367089342390869
6.3438386739171975 0.5205093248938559 0.77115095975138 4.331050614588195 1.5348899785507124 0.4369719089907795
6.346205462821265 0.5206162514119627 0.7709783913311864 4.336084185437842 1.5373520885477647 0.43723504879101127
6.348573118402576 0.5207232036945266 0.7708057757493181 4.341123656039226 1.5398151464861352 0.43749835374936047
6.350941640953166 0.5208301817499564 0.7706331129865214 4.34616903336807 1.542279152731064 0.4377618239756756
6.353311030765899 0.5209371855866995 0.7704604030234743 4.351220324410034 1.54474410764872 0.43802545957996875
6.355681288132592 0.5210442152131572 0.7702876458409247 4.356277536156734 1.5472100116042518 0.438289260672207
6.358052413345138 0.5211512706377354 0.7701148414196067 4.361340675608154 1.5496768649629544 0.43855322736243874
6.36042440669475 0.52125835186881 0.769941989740298 4.366409749771013 1.5521446680894844 0.43881735976070674
6.362797268473485 0.5213654589147967 0.7697690907837059 4.371484765662057 1.5546134213494456 0.43908165797722115
6.365170998974374 0.5214725917841565 0.7695961445304597 4.376565730308339 1.5570831251095236 0.4393461221223719
6.3675455984896185 0.5215797504853134 0.7694231509612425 4.381652650743373 1.5595537797356078 0.4396107523065284
6.369921067311494 0.5216869350266967 0.7692501100567238 4.3867455340090755 1.5620253855937358 0.4398755486401407
6.372297405732355 0.52179414541674 0.7690770217975607 4.391844387155793 1.5644979430500952 0.44014051123373993
6.374674614044635 0.5219013816638819 0.7689038861643962 4.3969492172423035 1.5669714524710248 0.4404056401979379
6.377052692540836 0.5220086437765649 0.7687307031378616 4.402060031335802 1.5694459142230026 0.4406709356434264
6.379431641513548 0.5221159317632371 0.768557472698574 4.407176836511969 1.571921328672669 0.44093639768097964
6.38181146125543 0.5222232456323507 0.7683841948271379 4.412299639854917 1.5743976961868038 0.4412020264214515
6.384192152059219 0.5223305853923628 0.768210869504145 4.41742844845724 1.5768750171323382 0.4414678219757776
6.3865737142177315 0.5224379510517352 0.7680374967101733 4.422563269420017 1.5793532918763549 0.4417337844549744
6.388956148023855 0.5225453426189339 0.7678640764257885 4.427704109852805 1.5818325207860797 0.4419999139701394
6.39133945377056 0.5226527601024304 0.7676906086315427 4.432850976873676 1.5843127042288954 0.44226621063245153
6.39372363175089 0.5227602035107002 0.7675170933079746 4.438003877609209 1.5867938425723283 0.4425326745531711
6.396108682257968 0.5228676728522238 0.7673435304356102 4.443162819194507 1.5892759361840578 0.4427993058436398
6.398494605584993 0.5229751681354866 0.7671699199949624 4.4483278087732065 1.5917589854319127 0.44306610461528084
6.400881402025239 0.5230826893689782 0.7669962619665307 4.453498853497481 1.594242990683869 0.4433330709795986
6.403269071872053 0.5231902365611929 0.7668225563308018 4.458675960528056 1.5967279523080493 0.44360020504817876
6.405657615418872 0.5232978097206307 0.7666488030682481 4.463859137034243 1.5992138706727381 0.4438675069326902
6.408047032959127 0.5234054088557918 0.7664750021593354 4.469048390193748 1.6017007461462849 0.44413497674487407
6.410437324784752 0.5235130339751112 0.7663011535846299 4.474243727189448 1.6041885790955512 0.4444026145963773
6.412828491190951 0.5236206850871714 0.7661272573244534 4.479445155219741 1.6066773698908718 0.444670420599286
6.415220532471468 0.5237283622004913 0.765953313359225 4.484652681488303 1.6091671189011316 0.4449383948655963
6.417613448920109 0.5238360653235933 0.7657793216693528 4.489866313207386 1.6116578264953507 0.4452065375073843
6.420007240830767 0.5239437944650054 0.76560528223523 4.495086057597902 1.61414949304271 0.4454748486368102
6.422401908494969 0.5240515496331501 0.7654311950374145 4.500311921884062 1.6166421189099989 0.44574332836584163
6.424797452208825 0.5241593308366578 0.7652570600561229 4.505543913308548 1.6191357044688468 0.44601197680703397
6.427193872266652 0.5242671380840789 0.7650828772716954 4.5107820391186335 1.6216302500890873 0.446280794072815
6.429591168962256 0.5243749713839425 0.7649086466645008 4.516026306568974 1.6241257561400941 0.44654978027562947
6.431989342587372 0.5244828307446862 0.7647343682150507 4.521276722918193 1.6266222229891543 0.44681893552776275
6.4343883934391055 0.5245907161749898 0.7645600419034587 4.526533295445198 1.6291196510092156 0.4470882599421774
6.436788321811881 0.5246986276834139 0.7643856677100259 4.531796031431558 1.6316180405705087 0.4473577536316086
6.439189127996539 0.5248065652783601 0.764211245615305 4.537064938159525 1.6341173920396022 0.4476274167084636
6.441590812290979 0.5249145289685477 0.7640367755993293 4.542340022935379 1.6366177057904836 0.4478972492860158
6.443993374989253 0.5250225187625249 0.7638622576424026 4.547621293065534 1.6391189821932084 0.4481672514771811
6.446396816383286 0.5251305346687454 0.7636876917249765 4.552908755860284 1.6416212216156885 0.44843742339471016
6.44880113677129 0.5252385766959469 0.7635130778270374 4.558202418652343 1.6441244244324498 0.44870776515213473
6.451206336444928 0.5253466448525741 0.7633384159290393 4.563502288768604 1.6466285910112748 0.44897827686232467
6.45361241570074 0.5254547391472925 0.7631637060110747 4.56880837355531 1.6491337217250934 0.44924895863877284
6.456019374833246 0.5255628595886775 0.7629889480533749 4.574120680362854 1.6516398169448032 0.44951981059481877
6.45842721413632 0.5256710061852775 0.7628141420362098 4.57943921654884 1.6541468770407026 0.44979083284380444
6.460835933906789 0.5257791789457746 0.7626392879396269 4.584763989486023 1.6566549023862351 0.4500620254994783
6.463245534437194 0.52588737787866 0.7624643857439772 4.590095006546336 1.659163893350454 0.45033338867518147
6.465656016025328 0.5259956029926619 0.7622894354292225 4.595432275121983 1.6616738503079522 0.4506049224849209
6.468067378963737 0.526103854296274 0.762114436975698 4.600775802602216 1.6641847736279323 0.45087662704218706
6.470479623549845 0.5262121317982112 0.7619393903633759 4.606125596395778 1.6666966636847456 0.4511485024610953
6.472892750077544 0.5263204355070304 0.7617642955724772 4.6114816639122695 1.6692095208491415 0.4514205488554379
6.475306758842536 0.526428765431372 0.7615891525830838 4.616844012574004 1.6717233454938238 0.45169276633928596
6.4777216501414205 0.526537121579917 0.7614139613752038 4.6222126498139975 1.6742381379925033 0.45196515502688694
6.480137424266818 0.5266455039611699 0.7612387219291269 4.62758758306514 1.6767538987148207 0.45223771503211446
6.482554081517851 0.5267539125839286 0.7610634342246625 4.63296881978352 1.6792706280372585 0.45251044646965094
6.484971622187316 0.526862347456708 0.7608880982420704 4.638356367419888 1.681788326329786 0.4527833494535409
6.487390046572 0.5269708085882037 0.760712713961314 4.643750233442622 1.684306993966599 0.4530564240983533
6.489809354969037 0.5270792959871285 0.7605372813623225 4.649150425329661 1.6868266313223284 0.4533296705187731
6.492229547671236 0.5271878096620022 0.760361800425331 4.654556950558041 1.689347238767172 0.45360308882907113
6.494650624976533 0.5272963496215761 0.7601862711301948 4.6599698166250425 1.6918688166767413 0.45387667914417357
6.497072587181578 0.5274049158745456 0.7600106934568541 4.665389031033879 1.6943913654253828 0.4541504415789372
6.499495434580719 0.527513508429504 0.759835067385408 4.6708146012914025 1.6969148853851157 0.45442437624803333
6.501919167469988 0.5276221272951216 0.7596593928958254 4.6762465349170546 1.6994393769297869 0.45469848326640017
6.504343786147082 0.5277307724801447 0.7594836699679463 4.681684839442837 1.7019648404350516 0.4549727627492397
6.506769290908123 0.5278394439932507 0.7593078985817165 4.687129522406066 1.7044912762749969 0.4552472148116518
6.509195682048064 0.5279481418430657 0.7591320787171588 4.692580591350275 1.7070186848225672 0.4555218395686803
6.511622959863282 0.5280568660382817 0.758956210354184 4.698038053831049 1.7095470664522605 0.45579663713560553
6.514051124651425 0.5281656165876485 0.7587802934726033 4.70350191741571 1.7120764215399749 0.4560716076279283
6.516480176708914 0.5282743934998625 0.7586043280523077 4.708972189677692 1.7146067504604017 0.4563467511610865
6.518910116332245 0.5283831967836254 0.7584283140731749 4.714448878199508 1.7171380535883873 0.45662206785060294
6.521340943817989 0.5284920264476433 0.7582522515150689 4.719931990572724 1.7196703312989259 0.456897557812085
6.523772659461347 0.5286008825005624 0.7580761403579452 4.725421534394737 1.722203583965662 0.45717322116106124
6.526205263560558 0.5287097649511665 0.7578999805815303 4.73091751727872 1.7247378119654762 0.457449058013481
6.528638756412513 0.5288186738081809 0.75772377216564 4.736419946843737 1.7272730156739189 0.45772506848521727
6.531073138314084 0.5289276090803312 0.7575475150900836 4.741928830717765 1.7298091954665966 0.45800125269221753
6.5335084095622165 0.5290365707763479 0.7573712093346562 4.7474441765379 1.7323463517192654 0.45827761075051454
6.5359445704539345 0.5291455589049663 0.7571948548791392 4.752965991950374 1.734884484807837 0.4585541427762259
6.538381621286333 0.5292545734749268 0.7570184517033007 4.7584942846105776 1.7374235951083719 0.45883084888555503
6.540819562356582 0.5293636144949745 0.7568419997868944 4.764029062183045 1.7399636829970828 0.45910772919479
6.54325839396193 0.5294726819738594 0.7566654991096605 4.7695703323415 1.74250474885034 0.4593847838203052
6.5456981163997 0.5295817759203366 0.7564889496513252 4.775118102768836 1.745046793044663 0.4596620128785599
6.5481387299672855 0.5296908963431657 0.7563123513916011 4.78067238115714 1.7475898159567218 0.459939416486099
6.550580234962164 0.5298000432511116 0.7561357043101863 4.786233175207718 1.750133817963348 0.4602169947595538
6.5530226316818725 0.5299092166529439 0.755959008386766 4.791800492631064 1.7526787994415114 0.4604947478156399
6.55546592042404 0.5300184165574369 0.755782263601011 4.797374341146925 1.7552247607683493 0.4607726757711601
6.55791010148636 0.5301276429733702 0.7556054699325777 4.802954728484275 1.7577717023211443 0.4610507787430025
6.560355175166604 0.5302368959095283 0.7554286273611094 4.8085416623813355 1.760319624477333 0.46132905684814085
6.562801141762619 0.5303461753747 0.7552517358662352 4.814135150585592 1.7628685276145069 0.4616075102036355
6.565248001572328 0.5304554813776803 0.7550747954275696 4.819735200853813 1.7654184121104122 0.461886138926633
6.567695754893726 0.5305648139272675 0.7548978060247146 4.825341820952026 1.7679692783429457 0.4621649431343653
6.570144402023332 0.5306741730321969 0.7547207676373688 4.8309550186520145 1.7705211266885401 0.4624439229439744
6.5725939432604985 0.530783558701331 0.7545436802450188 4.836574801741171 1.7730739575266572 0.4627230784730023
6.575044378903618 0.5308929709434916 0.7543665438272115 4.842201178013851 1.7756277712358337 0.46300240983896007
6.577495709250984 0.5310024097674975 0.7541893583634913 4.8478341552733335 1.7781825681945793 0.4632819171594253
6.579947934600969 0.5311118751821724 0.7540121238333901 4.853473741332239 1.7807383487815607 0.46356160055206197
6.582401055251204 0.5312213671963087 0.7538348402164835 4.8591199440106765 1.7832951133747486 0.4638414601345286
6.584855071499061 0.5313308858186893 0.7536575074923578 4.864772771137333 1.78585286235192 0.46412149602453157
6.587309983644921 0.531440431058232 0.7534801256403729 4.870432230557022 1.7884115960940625 0.4644017083401986
6.589765791987455 0.5315500029237807 0.7533026946400035 4.87609833011984 1.7909713149804576 0.46468209719954096
6.592222496824471 0.5316596014241426 0.7531252144707782 4.881771077683121 1.7935320193895652 0.46496266272055
6.594680098453171 0.5317692265680986 0.7529476851122608 4.887450481112018 1.7960937096992888 0.46524340502122546
6.597138597174824 0.5318788783646134 0.7527701065437125 4.893136548290328 1.7986563862918465 0.4655243242201107
6.599597993288401 0.5319885568225506 0.7525924787445512 4.898829287105805 1.8012200495471382 0.465805420435565
6.602058287089098 0.5320982619506073 0.7524148016944594 4.904528705446726 1.803784699841206 0.46608669378559475
6.604519478879522 0.5322079937578122 0.7522370753725754 4.9102348112278 1.8063503375578926 0.466368144389132
6.606981568958774 0.5323177522530401 0.752059299758282 4.915947612364929 1.808916963077464 0.4666497723647874
6.6094445576221 0.532427537444995 0.7518814748312316 4.921667116774347 1.8114845767762435 0.4669315778308087
6.611908445172956 0.5325373493427488 0.7517036005704745 4.927393332400671 1.8140531790391883 0.4672135609064622
6.614373231908463 0.5326471879550927 0.7515256769555099 4.933126267183131 1.816622770244731 0.46749572171036846
6.616838918127596 0.5327570532909021 0.7513477039656951 4.938865929074591 1.8191933507733133 0.46777806036143865
6.619305504132111 0.5328669453591781 0.7511696815801763 4.944612326043754 1.8217649210083526 0.46806057697898246
6.621772990217065 0.532976864168625 0.7509916097785753 4.950365466053053 1.8243374813263593 0.46834327168162043
6.624241376687019 0.5330868097283723 0.7508134885398192 4.9561253570964645 1.8269110321138307 0.4686261445891421
6.626710663836648 0.5331967820471106 0.7506353178435393 4.9618920071542805 1.8294855737470332 0.46890919582028306
6.629180851970031 0.5333067811339516 0.7504570976686791 4.967665424238139 1.8320611066121166 0.46919242549493645
6.631651941382813 0.5334168069976322 0.7502788279947826 4.973445616349375 1.8346376310865131 0.46947583373210733
6.634123932378651 0.5335268596472486 0.7501005088008059 4.979232591517478 1.8372151475560878 0.4697594206517999
6.63659682525321 0.5336369390915424 0.7499221400662736 4.98502635776266 1.8397936563984487 0.47004318637318077
6.639070620311124 0.5337470453396566 0.7497437217700534 4.990826923135583 1.842373158000636 0.47032713101652573
6.641545317846666 0.5338571784002746 0.7495652538917518 4.996634295672071 1.8449536527389627 0.470611254701001
6.6440209181652445 0.5339673382825767 0.7493867364101636 5.002448483443522 1.84753514100143 0.4708955575471306
6.646497421563203 0.5340775249953424 0.7492081693047278 5.008269494509546 1.8501176231666667 0.4711800396744784
6.648974828342519 0.534187738547603 0.7490295525544676 5.014097336952457 1.8527010996192532 0.4714647012033348
6.651453138804016 0.5342979789483403 0.7488508861384816 5.019932018861368 1.8552855707426463 0.4717495422539377
6.6539323532447545 0.5344082462063705 0.7486721700361302 5.025773548326031 1.8578710369164546 0.4720345629461729
6.656412471968877 0.534518540330827 0.7484934042262534 5.031621933462407 1.8604574985277527 0.47231976340082066
6.658893495274924 0.5346288613305952 0.7483145886880868 5.037477182382786 1.8630449559578512 0.4726051437380969
6.661375423462425 0.5347392092146065 0.7481357234007854 5.043339303211323 1.8656334095891691 0.47289070407841205
6.663858256834358 0.5348495839919475 0.7479568083432463 5.049208304089879 1.8682228598078026 0.47317644454265373
6.666341995690218 0.5349599856715516 0.7477778434946087 5.055084193161653 1.8708133069962938 0.4734623652513889
6.668826640328811 0.5350704142623234 0.7475988288340527 5.060966978577781 1.873404751536542 0.4737484663251859
6.6713121910535484 0.5351808697733741 0.747419764340416 5.066856668509902 1.8759971938153341 0.4740347478852246
6.673798648165097 0.5352913522136948 0.7472406499927265 5.072753271132756 1.878590634216669 0.47432121005244876
6.676286011962475 0.5354018615922047 0.7470614857701211 5.078656794626775 1.8811850731229058 0.4746078529476932
6.678774282746993 0.5355123979179274 0.7468822716515617 5.084567247187466 1.8837805109188763 0.4748946766921379
6.681263460820906 0.5356229611999296 0.7467030076159334 5.090484637022211 1.8863769479904753 0.4751816814071529
6.683753546485171 0.5357335514472223 0.7465236936422063 5.096408972344957 1.8889743847223213 0.4754688672140389
6.686244540040809 0.5358441686688215 0.7463443297093353 5.102340261379473 1.891572821499181 0.47575623423418595
6.688736441787078 0.5359548128736664 0.7461649157963943 5.108278512354988 1.8941722587040615 0.47604378258886126
6.691229252026787 0.5360654840708562 0.7459854518821909 5.1142237335188785 1.8967726967237537 0.4763315123998232
6.6937229710615584 0.5361761822694385 0.7458059379456097 5.12017593312539 1.8993741359438896 0.4766194237887746
6.696217599192708 0.5362869074784498 0.7456263739655482 5.1261351194377465 1.9019765767498613 0.4769075168774642
6.698713136721627 0.5363976597069315 0.7454467599208883 5.132101300729076 1.9045800195272207 0.4771957917877312
6.701209583949775 0.5365084389639302 0.7452670957904979 5.1380744852823925 1.9071844646616705 0.477484248641504
6.703706941178693 0.5366192452584975 0.7450873815532305 5.144054681390651 1.9097899125390765 0.47777288756080183
6.706205208709985 0.5367300785996899 0.7449076171879248 5.150041897356716 1.9123963635454537 0.4780617086677334
6.708704386844873 0.5368409389965489 0.7447278026734379 5.156036141492294 1.9150038180664957 0.4783507120844445
6.711204475885398 0.5369518264581544 0.744547937988558 5.162037422120844 1.9176122764888341 0.4786398979332581
6.713705476133737 0.5370627409935937 0.7443680231120553 5.168045747575933 1.9202217391993195 0.47892926633659405
6.71620738789179 0.5371736826119442 0.7441880580227095 5.174061126200276 1.9228322065845962 0.47921881741692285
6.718710211461529 0.5372846513222883 0.7440080426992859 5.180083566346573 1.9254436790314644 0.4795085512968051
6.721213947145 0.5373956471337132 0.7438279771205348 5.186113076377522 1.928056156926881 0.4797984680988918
6.723718595244321 0.5375066700553117 0.7436478612651922 5.1921496646658465 1.9306696406579589 0.4800885679459254
6.726224156061686 0.5376177200961817 0.7434676951119792 5.19819333959429 1.9332841306119721 0.4803788509607385
6.728730629899355 0.5377287972654258 0.7432874786396023 5.2042441095556295 1.935899627176344 0.48066931726625434
6.731238017059378 0.5378399015721395 0.7431072118267736 5.210301982952003 1.9385161307383598 0.48095996698545396
6.733746317843756 0.5379510330254177 0.7429268946521994 5.216366968195314 1.941133641685335 0.48125080024139516
6.736255532555482 0.5380621916344017 0.7427465270945046 5.222439073709773 1.9437521604057026 0.48154181715733396
6.738765661497114 0.5381733774082151 0.7425661091323363 5.228518307928437 1.94637168728752 0.4818330178565578
6.741276704971276 0.5382845903559863 0.7423856407443273 5.234604679294455 1.9489922227189986 0.48212440246244503
6.743788663280671 0.5383958304868497 0.7422051219090946 5.2406981962611106 1.9516137670885108 0.4824159710984661
6.746301536728069 0.5385070978099438 0.7420245526052412 5.246798867291781 1.9542363207845828 0.4827077238881818
6.748815325616316 0.5386183923344131 0.7418439328113547 5.25290670086 1.9568598841958997 0.4829996609552449
6.751330030248205 0.5387297140694017 0.741663262506017 5.259021705449143 1.9594844577111759 0.4832917824233852
6.7538456509245295 0.5388410630239667 0.7414825416679439 5.265143889547697 1.9621100417171176 0.483584088416183
6.7563621879504865 0.5389524392073626 0.7413017702755256 5.271273261664863 1.964736636605111 0.48387657905781367
6.758879641629213 0.5390638426287542 0.7411209483072893 5.277409830314838 1.9673642427644746 0.48416925447229636
6.761398012263915 0.5391752732973119 0.740940075741749 5.283553604022016 1.9699928605846795 0.484462114783742
6.763917300156924 0.539286731222169 0.7407591525574712 5.289704591318685 1.9726224904543683 0.48475516011624287
6.7664375056101225 0.5393982164124411 0.7405781787330443 5.295862800746071 1.9752531327617948 0.48504839059392246
6.768958628929169 0.5395097288774132 0.7403971542467767 5.302028240864693 1.977884787899239 0.4853418063414277
6.7714806704175645 0.539621268626276 0.7402160790771213 5.3082009202398615 1.9805174562568109 0.4856354074832374
6.774003630376643 0.5397328356681272 0.740034953202677 5.314380847441674 1.98315113822244 0.4859291941436624
6.776527509110393 0.5398444300121839 0.7398537766018419 5.32056803105681 1.9857858341869108 0.48622316644740643
6.7790523069242274 0.5399560516677274 0.7396725492529029 5.326762479685555 1.9884215445425772 0.48651732451942264
6.7815780241201775 0.5400677006438924 0.7394912711343792 5.332964201930021 1.9910582696783452 0.4868116684843546
6.784104661000935 0.5401793769498444 0.7393099422247327 5.339173206404059 1.9936960099838943 0.4871061984670065
6.786632217873171 0.5402910805949274 0.7391285625021293 5.34538950174146 1.9963347658531407 0.48740091459273105
6.789160695037957 0.5404028115882389 0.7389471319451282 5.351613096572389 1.9989745376742383 0.48769581698631187
6.7916900927999775 0.5405145699390393 0.7387656505320184 5.357843999546068 2.0016153258391967 0.4879909057730381
6.794220411465387 0.5406263556566554 0.7385841182409733 5.364082219325541 2.004257130741643 0.48828618107845556
6.79675165133303 0.5407381687500928 0.7384025350506815 5.370327764565999 2.0068999527676548 0.48858164302734036
6.799283812712512 0.5408500092288357 0.7382209009390495 5.376580643959403 2.009543792314632 0.4888772917458102
6.801816895904151 0.540961877101959 0.7380392158846394 5.382840866184998 2.012188649770357 0.4891731273589824
6.804350901214276 0.5410737723788056 0.737857479865573 5.389108439947108 2.0148345255289746 0.489469149992761
6.806885828946297 0.5411856950685916 0.737675692860171 5.395383373953093 2.017481419981665 0.4897653597727941
6.809421679404339 0.5412976451805669 0.7374938548466925 5.401665676922328 2.0201293335204404 0.49006175682489816
6.811958452893577 0.5414096227240296 0.7373119658033122 5.407955357587057 2.0227782665384897 0.49035834127509675
6.814496149717382 0.5415216277082004 0.7371300257083228 5.414252424685343 2.025428219427207 0.4906551132492884
6.817034770181234 0.5416336601423954 0.7369480345398564 5.4205568869707665 2.0280791925802695 0.4909520728737027
6.819574314589224 0.5417457200358713 0.7367659922761348 5.426868753203763 2.03073118638999 0.49124922027449197
6.822114783245661 0.5418578073978966 0.7365838988953537 5.433188032155631 2.033384201248992 0.4915465555779193
6.82465617645683 0.5419699222378288 0.7364017543755571 5.43951473261292 2.036038237552048 0.4918440789105645
6.8271984945243895 0.5420820645648242 0.7362195586951104 5.445848863361006 2.038693295689184 0.49214179039855127
6.829741737757459 0.5421942343883697 0.7360373118318341 5.452190433214192 2.0413493760583017 0.49243969016896183
6.8322859064560975 0.5423064317175551 0.7358550137641877 5.458539450974587 2.0440064790479258 0.4927377783479034
6.834831000928987 0.5424186565618524 0.7356726644700031 5.464895925476174 2.0466646050556716 0.49303605506257875
6.837377021480607 0.5425309089305507 0.7354902639274024 5.471259865552852 2.0493237544748495 0.4933345204397838
6.839923968413272 0.5426431888328455 0.735307812114653 5.477631280043511 2.0519839276965954 0.4936331746061467
6.842471842035864 0.5427554962782242 0.7351253090095414 5.484010177813879 2.0546451251189883 0.493932017689151
6.845020642651845 0.5428678312759377 0.7349427545902322 5.490396567726571 2.057307347134533 0.4942310498157315
6.847570370565039 0.5429801938352546 0.7347601488348539 5.4967904586555285 2.059970594136195 0.4945302711129502
6.850121026083618 0.5430925839656375 0.7345774917212127 5.503191859496064 2.06263486652157 0.4948296817084664
6.852672609512553 0.5432050016764102 0.7343947832273344 5.509600779145941 2.065300164684996 0.49512928172964965
6.855225121153832 0.5433174469767673 0.7342120233314479 5.516017226505896 2.0679664890177762 0.49542907130360514
6.857778561316591 0.5434299198762204 0.7340292120112596 5.522441210505128 2.0706338399187727 0.4957290505583641
6.860332930306284 0.5435424203841213 0.7338463492447289 5.5288727400741 2.0733022177830818 0.4960292196216118
6.862888228427828 0.5436549485098001 0.7336634350098447 5.535311824152438 2.0759716230053273 0.49632957862105676
6.865444455984873 0.5437675042625338 0.7334804692846741 5.541758471687108 2.078642055978897 0.4966301276843453
6.868001613285791 0.5438800876518088 0.733297452046938 5.548212691647518 2.081313517102194 0.49693086693976485
6.870559700636312 0.5439926986869984 0.7331143832745339 5.554674493006993 2.0839860067709512 0.49723179651537985
6.873118718342237 0.5441053373774805 0.7329312629453448 5.561143884749606 2.0866595253810605 0.4975329165393496
6.8756786667090966 0.5442180037326234 0.732748091037263 5.567620875869325 2.089334073328217 0.49783422713988806
6.878239546041282 0.5443306977617483 0.7325648675282509 5.5741054753678405 2.0920096510070136 0.49813572844516274
6.880801356646867 0.5444434194743397 0.7323815923959972 5.580597692266765 2.094686258815976 0.49843742058386087
6.88336409883193 0.5445561688797971 0.7321982656183234 5.587097535593294 2.0973638971516335 0.4987393036845224
6.885927772902621 0.5446689459875255 0.7320148871730341 5.593605014385448 2.1000425664106763 0.4990413778757831
6.888492379165162 0.544781750806935 0.7318314570379195 5.6001201376920715 2.1027222669899563 0.4993436432863742
6.891057917925842 0.5448945833474415 0.7316479751907536 5.606642914572855 2.105402999286483 0.4996461000451224
6.893624389491021 0.5450074436184656 0.7314644416092954 5.6131733540983335 2.108084763697427 0.49994874828095
6.896191794167129 0.545120331629434 0.7312808562712871 5.619711465349922 2.11076756062012 0.5002515881228753
6.8987601322606675 0.5452332473897782 0.7310972191544568 5.626257257419909 2.1134513904520547 0.5005546197000125
6.901329404078201 0.5453461909089352 0.7309135302365162 5.632810739411471 2.1161362535908776 0.500857843141571
6.9038996099260554 0.5454591621963338 0.7307297894951837 5.639371920437897 2.1188221504340747 0.5011612585768197
6.906470750111403 0.5455721612614424 0.7305459969081063 5.6459408096253885 2.121509081380102 0.5014648661352157
6.909042824941063 0.5456851881137156 0.7303621524529462 5.652517416109991 2.124197046827136 0.5017686659462617
6.911615834721895 0.5457982427626129 0.730178256107352 5.659101749038625 2.1268860471734814 0.5020726581395534
6.914189779760687 0.5459113252175927 0.7299943078489655 5.665693817568824 2.1295760828174592 0.5023768428447668
6.916764660364095 0.54602443548811 0.7298103076554281 5.67229363086856 2.1322671541573377 0.5026812201916496
6.9193404768394515 0.5461375735836514 0.7296262555043226 5.678901198118358 2.134959261592182 0.5029857903101184
6.921917229493884 0.546250739513698 0.7294421513732342 5.685516528509034 2.1376524055209294 0.5032905533301534
6.924494918634591 0.546363933287735 0.7292579952397336 5.692139631242425 2.1403465863426816 0.5035955093818318
6.927073544568843 0.5464771549152541 0.7290737870813748 5.698770515531401 2.143041804456704 0.5039006585953281
6.929653107603976 0.5465904044057517 0.7288895268756966 5.705409190599858 2.1457380602624165 0.5042060011009125
6.932233608047403 0.5467036817687306 0.7287052146002208 5.712055665682781 2.1484353541594126 0.5045115370289542
6.934815046206602 0.5468169870136983 0.7285208502324548 5.7187099500261915 2.1511336865474386 0.5048172665099175
6.937397422389122 0.5469303201501678 0.7283364337498891 5.725372052887209 2.1538330578264064 0.505123189674365
6.93998073690258 0.547043681187658 0.7281519651299988 5.732041983534044 2.156533468396387 0.5054293066529557
6.9425649900522135 0.5471570701355853 0.7279674443504178 5.738719751239674 2.159234918655052 0.5057356175761557
6.945150182147994 0.5472704870035766 0.7277828713884313 5.7454053653002575 2.161937409005113 0.5060421225750813
6.947736313497788 0.5473839318011684 0.7275982462214639 5.752098835017469 2.1646409398471675 0.5063488217806884
6.950323384409499 0.5474974045379016 0.7274135688269262 5.75880016970405 2.1673455115819458 0.5066557153240269
6.952911395191093 0.5476109052233225 0.7272288391822131 5.765509378683894 2.1700511246103282 0.5069628033362432
6.955500346147461 0.5477244338668442 0.7270440572649293 5.7722264712839015 2.172757779330073 0.5072700859482083
6.958090237589329 0.547837990478139 0.7268592230522504 5.7789514568571105 2.1754654761451273 0.5075775632915749
6.960681069825197 0.5479515750667836 0.7266743365215006 5.7856843447618305 2.1781742154572 0.5078852354978215
6.963272843163317 0.5480651876423461 0.7264893976500109 5.792425144366748 2.180883997667831 0.5081931026984867
6.965865557907816 0.548178828214217 0.7263044064153951 5.799173865040873 2.1835948231743396 0.5085011650247089
6.968459214370989 0.5482924967921465 0.7261193627946734 5.805930516185521 2.186306692382672 0.5088094226086863
6.971053812861358 0.5484061933857223 0.7259342667651236 5.812695107203284 2.189019605694923 0.5091178755822596
6.973649353684201 0.5485199180043921 0.7257491183042446 5.819467647499372 2.1917335635098825 0.5094265240769731
6.976245837149566 0.5486336706578158 0.7255639173891834 5.826248146502537 2.194448566231421 0.5097353682250284
6.978843263567708 0.548747451355664 0.7253786639970606 5.833036613653202 2.197164614263713 0.5100444081587425
6.981441633243303 0.5488612601073661 0.7251933581053843 5.839833058388338 2.1998817080051953 0.5103536440098584
6.984040946487623 0.5489750969226426 0.7250079996911808 5.846637490173298 2.202599847861286 0.5106630759109944
6.986641203610366 0.5490889618111474 0.7248225887315771 5.853449918480491 2.2053190342358526 0.5109727039946719
6.989242404915534 0.5492028547822879 0.7246371252040954 5.86027035277857 2.208039267526897 0.511282528392825
6.991844550717422 0.5493167758459246 0.7244516090855124 5.867098802574348 2.210760548143274 0.5115925492387037
6.994447641320876 0.5494307250115067 0.724266040353268 5.8739352773610545 2.213482876484048 0.5119027666645232
6.997051677036863 0.5495447022887542 0.7240804189843529 5.88077978665921 2.216206252954779 0.5122131808033193
6.99965665817417 0.5496587076872936 0.7238947449559037 5.887632339994819 2.2189306779588356 0.5125237917879581
7.0022625850403095 0.5497727412166988 0.7237090182451353 5.89449294690178 2.2216561518983453 0.5128345997512451
7.004869457947038 0.5498868028867321 0.7235232388289489 5.901361616936417 2.2243826751799665 0.513145604826583
7.007477277199931 0.5500008927068871 0.7233374066846752 5.908238359650045 2.2271102482039855 0.5134568071467281
7.010086043112184 0.5501150106869941 0.7231515217890901 5.915123184625328 2.2298388713787483 0.5137682068454369
7.0126957559889815 0.5502291568365352 0.7229655841195297 5.922016101435113 2.2325685451043147 0.5140798040556016
7.015306416143415 0.550343331165341 0.7227795936527541 5.92891711968442 2.235299269789107 0.5143915989111492
7.017918023881817 0.5504575336829491 0.7225935503659945 5.935826248971739 2.238031045834571 0.5147035915452914
7.0205305795156265 0.5505717643991231 0.7224074542361062 5.9427434989203896 2.240763873647583 0.5150157820919411
7.023144083353881 0.550686023323524 0.7222213052401045 5.9496688791587 2.243497753632603 0.5153281706848161
7.025758535704807 0.5508003104657803 0.722035103355051 5.956602399324202 2.2462326861933324 0.5156407574576286
7.028373936881709 0.5509146258357447 0.7218488485576333 5.96354406907928 2.248968671738879 0.5159535425447902
7.030990287188034 0.5510289694428419 0.7216625408252306 5.970493898071547 2.25170571066813 0.5162665260796253
7.033607586939515 0.551143341297036 0.721476180134335 5.977451895992641 2.254443803392918 0.5165797081970197
7.036225836443477 0.5512577414079265 0.7212897664620259 5.984418072523293 2.257182950316375 0.5168930890309454
7.038845036008606 0.551372169785175 0.7211032997852741 5.991392437359269 2.259923151843146 0.5172066687156295
7.041465185948044 0.5514866264386404 0.7209167800807216 5.998375000219662 2.2626644083826335 0.5175204473859247
7.044086286568816 0.5516011113779168 0.7207302073254344 6.005365770818717 2.265406720337932 0.5178344251760433
7.04670833818137 0.5517156246127509 0.7205435814962224 6.012364758891283 2.2681500881158114 0.5181486022207001
7.0493313410979885 0.551830166152972 0.7203569025697547 6.019371974188606 2.270894512125055 0.5184629786549226
7.0519552956271525 0.5519447360082459 0.7201701705229583 6.026387426463273 2.27363999277056 0.5187775546133745
7.054580202077569 0.5520593341882514 0.7199833853327321 6.033411125479994 2.2763865304575566 0.5190923302308398
7.057206060762417 0.5521739607028646 0.7197965469756455 6.040443081026972 2.2791341255960442 0.5194073056427312
7.059832871991881 0.5522886155618341 0.7196096554284699 6.047483302895948 2.281882778592985 0.519722480984195
7.062460636073944 0.5524032987748148 0.7194227106681199 6.054531800884331 2.284632489853134 0.5200378563902072
7.065089353319881 0.5525180103516083 0.719235712671266 6.061588584809899 2.2873832597847787 0.5203534319962299
7.0677190240416055 0.5526327503020464 0.71904866141452 6.0686536645037625 2.290135088796974 0.5206692079378967
7.070349648549578 0.5527475186359005 0.7188615568745861 6.075727049804731 2.292887977297347 0.5209851843507592
7.072981227154323 0.5528623153629475 0.7186743990281517 6.082808750563405 2.295641925693687 0.5213013613704705
7.075613760163685 0.5529771404928499 0.7184871878520832 6.089898776634783 2.2983969343910697 0.5216177391324538
7.078247247891176 0.5530919940355205 0.7182999233228317 6.096997137900788 2.301153003800602 0.5219343177729081
7.080881690647614 0.5532068760007568 0.7181126054170287 6.104103844247731 2.303910134330661 0.5222510974278012
7.083517088743792 0.5533217863983588 0.7179252341112945 6.111218905573549 2.3066683263896954 0.5225680782331921
7.0861534424905726 0.5534367252381316 0.7177378093822336 6.118342331788044 2.3094275803863202 0.5228852603252415
7.088790752198881 0.553551692529886 0.7175503312064334 6.125474132812896 2.3121878967293132 0.5232026438402116
7.091429018179714 0.5536666882834388 0.7173627995604643 6.132614318581694 2.3149492758276193 0.5235202289144675
7.094068240742683 0.5537817125085489 0.7171752144209836 6.13976289903599 2.3177117180888294 0.5238380156842999
7.096708420200526 0.5538967652151148 0.716987575764414 6.14691988413757 2.320475223923905 0.5241560042864719
7.099349556864466 0.5540118464129712 0.7167998835672739 6.154085283855867 2.323239793742312 0.5244741948576571
7.101991651045769 0.5541269561119578 0.7166121378060664 6.1612591081722075 2.3260054279536626 0.5247925875346289
7.104634703055762 0.5542420943219196 0.7164243384572786 6.168441367079872 2.328772126967724 0.5251111824542622
7.107278713205836 0.5543572610527074 0.7162364854973813 6.175632070584119 2.3315398911944287 0.5254299797535342
7.109923681807455 0.5544724563141779 0.7160485789028266 6.182831228702227 2.3343087210438815 0.5257489795695254
7.112569609172145 0.5545876801161933 0.7158606186500517 6.190038851463468 2.337078616926347 0.5260681820394179
7.115216495611496 0.5547029324686213 0.715672604715476 6.19725494890914 2.3398495792522525 0.5263875873004966
7.117864341437171 0.5548182133813359 0.7154845370755019 6.204479531092602 2.3426216084321996 0.5267071954901502
7.120513146960894 0.5549335228642163 0.7152964157065157 6.211712608079248 2.345394704876949 0.5270270067458688
7.12316291249446 0.555048860927148 0.7151082405848856 6.218954189946567 2.348168868997433 0.5273470212052466
7.125813638349725 0.5551642275800217 0.7149200116869645 6.2262042867841085 2.3509441012047425 0.5276672390059798
7.128465324838615 0.5552796228327342 0.7147317289890864 6.2334629086935465 2.3537204019101408 0.5279876602858689
7.131117972273122 0.5553950466951881 0.7145433924675699 6.240730065788659 2.3564977715250555 0.5283082851828166
7.133771580965303 0.5555104991772915 0.7143550020987157 6.248005768195353 2.359276210461079 0.5286291138348292
7.136426151225712 0.5556259802888899 0.7141665578589194 6.255290026047377 2.3620557191283287 0.5289501463798268
7.139081683367781 0.5557414900399572 0.7139780597243601 6.262582849498345 2.36483629794003 0.5292713829561724
7.141738177703893 0.5558570284404245 0.7137895076712785 6.269884248710998 2.3676179473084087 0.5295928237021983
7.144395634546363 0.555972595500223 0.7136009016759082 6.277194233859897 2.3704006676457183 0.529914468756324
7.147054054207584 0.5560881912292898 0.7134122417144648 6.2845128151318335 2.373184459364387 0.5302363182570741
7.149713437000008 0.5562038156375677 0.7132235277631469 6.291840002725806 2.375969322877007 0.5305583723430762
7.152373783236158 0.5563194687350055 0.7130347597981366 6.299175806853056 2.3787552585963394 0.5308806311530625
7.155035093225824 0.5564351505314362 0.7128459377957965 6.306520237729353 2.381542266932384 0.53120309482553
7.157697367283927 0.556550861036919 0.7126570617321129 6.3138733055966965 2.384330348300607 0.5315257634996934
7.160360605723501 0.5566666002614333 0.7124681315831941 6.321235020703985 2.3871195031146026 0.531848637314635
7.163024808857332 0.5567823682149513 0.7122791473251531 6.32860539331154 2.389909731787798 0.5321717164095033
7.165689976997389 0.5568981649074126 0.7120901089341481 6.335984433689558 2.3927010347328665 0.5324950009234444
7.168356110454206 0.5570139903486973 0.711901016386427 6.343372152116381 2.395493412361075 0.532818490995526
7.171023209543821 0.5571298445489277 0.7117118696578342 6.350768558897764 2.3982868650895552 0.5331421867655809
7.1736912745792765 0.5572457275180986 0.7115226687244148 6.358173664343332 2.401081393332397 0.5334660883731744
7.176360305871511 0.5573616392661168 0.7113334135623497 6.365587478769061 2.403876997501589 0.5337901959577137
7.179030303733083 0.5574775798029624 0.711144104147693 6.373010012507609 2.4066736780109124 0.5341145096588991
7.18170126847982 0.5575935491387605 0.7109547404562537 6.380441275912941 2.409471435277673 0.5344390296169247
7.184373200423913 0.5577095472834809 0.7107653224640866 6.387881279341154 2.4122702697154663 0.5347637559716405
7.1870460998753805 0.5578255742470025 0.7105758501473873 6.395330033154513 2.415070181735711 0.5350886888627286
7.189719967151932 0.5579416300395413 0.7103863234817939 6.402787547748991 2.4178711717579815 0.5354138284309043
7.192394802565183 0.5580577146710511 0.7101967424433635 6.410253833515837 2.420673240195568 0.5357391748162381
7.1950706064262535 0.558173828151468 0.7100071070081762 6.417728900857204 2.423476387461341 0.5360647281588382
7.197747379052905 0.5582899704910187 0.7098174171518273 6.425212760206101 2.426280613975229 0.5363904885997179
7.200425120754361 0.558406141699563 0.7096276728505061 6.432705421984004 2.4290859201483146 0.5367164562789497
7.203103831846488 0.5585223417872518 0.7094378740799167 6.440206896643282 2.4318923063987397 0.5370426313375115
7.20578351264365 0.5586385707641737 0.7092480208158587 6.447717194644472 2.434699773143172 0.5373690139162964
7.208464163455733 0.5587548286402263 0.7090581130344341 6.455236326447918 2.4375083207936896 0.5376956041557502
7.211145784602143 0.5588711154257233 0.708868150711059 6.462764302553041 2.4403179497724437 0.5380224021975759
7.213828376389592 0.5589874311304307 0.7086781338220355 6.470301133436035 2.4431286604883837 0.5383494081820279
7.216511939138865 0.559103775764728 0.708488062342656 6.47784682962502 2.445940453365309 0.5386766222511737
7.219196473158032 0.5592201493384467 0.7082979362491004 6.48540140162482 2.4487533288137935 0.5390040445456293
7.221881978765949 0.5593365518618885 0.7081077555167722 6.492964859983029 2.451567287255814 0.5393316752074239
7.224568456272057 0.5594529833449505 0.7079175201217278 6.5005372152332 2.4543823291035842 0.539659514377537
7.227255905994912 0.5595694437979281 0.7077272300393662 6.508118477947032 2.4571984547789687 0.5399875621981582
7.229944328243703 0.5596859332307134 0.7075368852457361 6.515708658682297 2.460015664694117 0.5403158188104329
7.2326337233383065 0.5598024516536652 0.7073464857161165 6.5233077680394445 2.462833959272481 0.5406442843569097
7.235324091586021 0.5599189990766003 0.707156031426664 6.5309158165959005 2.4656533389244317 0.5409729589787001
7.238015433308166 0.5600355755099459 0.7069655223525295 6.538532814981262 2.4684738040751357 0.541301842818727
7.240707748813106 0.5601521809635714 0.7067749584697676 6.54615877380103 2.4712953551362835 0.5416309360184292
7.243401038419312 0.5602688154477875 0.7065843397537052 6.553793703701866 2.4741179925302585 0.5419602387205795
7.24609530244007 0.5603854789726824 0.7063936661800224 6.561437615328352 2.4769417166741143 0.5422897510674171
7.248790541187857 0.5605021715483136 0.7062029377244438 6.569090519335331 2.479766527984156 0.5426194732011799
7.251486754981393 0.5606188931850113 0.7060121543622386 6.576752426408004 2.482592426883335 0.5429494052649697
7.254183944130456 0.5607356438927226 0.7058213160692955 6.5844233472187925 2.4854194137853316 0.5432795474008939
7.256882108952612 0.5608524236817338 0.7056304228209402 6.592103292474877 2.4882474891120925 0.5436098997521114
7.259581249764028 0.560969232562275 0.7054394745925825 6.599792272892147 2.4910766532841984 0.5439404624617104
7.262281366874352 0.5610860705442965 0.7052484713600813 6.607490299180576 2.4939069067155017 0.5442712356720799
7.264982460602572 0.5612029376381564 0.7050574130986208 6.615197382089443 2.496738249829746 0.5446022195268531
7.26768453126413 0.5613198338540628 0.7048662997836234 6.6229135323706405 2.499570683047061 0.5449334141693286
7.2703875791704045 0.5614367592020508 0.7046751313907847 6.630638760777157 2.5024042067834205 0.5452648197424067
7.273091604638089 0.561553713692389 0.7044839078954123 6.638373078089899 2.50523882146047 0.5455964363897393
7.275796607983754 0.5616706973353435 0.704292629272808 6.646116495102181 2.5080745274998324 0.5459282642550637
7.2785025895223425 0.5617877101411138 0.7041012954983761 6.653869022615434 2.5109113253215263 0.5462603034820176
7.281209549564648 0.5619047521197229 0.7039099065478007 6.661630671431962 2.513749215341322 0.5465925542138297
7.283917488430094 0.5620218232815702 0.7037184623961421 6.669401452391612 2.516588197984144 0.5469250165948888
7.286626406433865 0.5621389236368755 0.7035269630187471 6.677181376334883 2.5194282736705715 0.5472576907691631
7.28933630389115 0.5622560531958615 0.7033354083909489 6.684970454115129 2.522269442821296 0.5475905768807228
7.2920471811154695 0.5623732119686825 0.7031437984881845 6.69276869659374 2.525111705855363 0.5479236750735333
7.294759038422367 0.5624903999655835 0.7029521332857348 6.7005761146507785 2.5279550631940406 0.5482569854919098
7.297471876128934 0.5626076171968792 0.7027604127587587 6.7083927191836334 2.530799515260326 0.5485905082804579
7.3001856945506125 0.5627248636728174 0.7025686368825164 6.716218521097855 2.533645062475591 0.5489242435836822
7.302900494002909 0.5628421394036509 0.7023768056322511 6.7240535313120775 2.536491705261377 0.5492581915461962
7.305616274801393 0.5629594443996391 0.702184918983188 6.731897760758036 2.5393394440393986 0.549592352312722
7.308333037261129 0.5630767786710228 0.7019929769105739 6.739751220378946 2.542188279230944 0.5499267260280211
7.311050781696907 0.5631941422280345 0.7018009793896616 6.747613921130185 2.545038211257119 0.5502613128369227
7.313769508426152 0.5633115350810236 0.7016089263955042 6.7554858739877055 2.5478892405418945 0.5505961128846812
7.31648921776468 0.5634289572402734 0.7014168179032548 6.763367089935815 2.5507413675076633 0.5509311263164555
7.3192099100283645 0.5635464087160733 0.7012246538880484 6.771257579971972 2.5535945925769803 0.5512663532775122
7.3219315855331555 0.5636638895187188 0.7010324343250018 6.779157355106886 2.5564489161725867 0.5516017939132298
7.324654244595051 0.5637813996585117 0.7008401591892133 6.7870664263644365 2.559304338717379 0.5519374483690945
7.327377887530117 0.5638989391457592 0.700647828455764 6.7949848047817465 2.5621608606344317 0.5522733167907026
7.3301025146544765 0.5640165079907753 0.7004554420997162 6.802912501409177 2.5650184823469817 0.5526093993237596
7.332828126284326 0.5641341062038797 0.7002630000961139 6.810849527310377 2.5678772042784517 0.5529456961140823
7.33555472273591 0.5642517337953981 0.7000705024199838 6.818795893562237 2.570737026852418 0.5532822073075955
7.338282304325548 0.564369390775663 0.6998779490463328 6.8267516112549815 2.5735979504926427 0.5536189330503358
7.3410108713696065 0.5644870771550117 0.6996853399501517 6.834716691492094 2.5764599756230426 0.5539558734884478
7.343740424184531 0.5646047929437887 0.6994926751064111 6.842691145390442 2.579323102667725 0.5542930287681884
7.346470963086809 0.5647225381523442 0.6992999544900652 6.8506749840801815 2.582187332050944 0.5546303990359228
7.3492024883930105 0.5648403127910347 0.6991071780760479 6.858668218704875 2.5850526641971507 0.5549679844381286
7.351935000419754 0.5649581168702227 0.6989143458392761 6.866670860421436 2.587919099530951 0.5553057851213924
7.3546684994837195 0.5650759504002765 0.6987214577546486 6.87468292040016 2.590786638477122 0.5556438012324114
7.357402985901659 0.565193813391571 0.6985285137970447 6.882704409824783 2.593655281460624 0.5559820329179948
7.360138459990375 0.5653117058544874 0.6983355139413262 6.890735339892432 2.5965250289065755 0.5563204803250607
7.362874922066741 0.5654296277994124 0.6981424581623362 6.898775721813712 2.5993958812402793 0.5566591436006402
7.365612372447196 0.5655475792367183 0.6979493464349343 6.906825566811203 2.6022678388866867 0.5569980228918125
7.3683508114473195 0.5656655601767433 0.6977561787340266 6.914884886118266 2.6051409022699548 0.5573371183456552
7.37109023938584 0.5657835706299653 0.6975629550342828 6.922953690990821 2.6080150718176527 0.5576764301097383
7.373830656579885 0.5659016106067964 0.6973696753104713 6.931031992693419 2.6108903479557775 0.5580159583315379
7.376572063346621 0.5660196801176541 0.6971763395373446 6.939119802504059 2.6137667311104744 0.5583557031586383
7.379314460003292 0.5661377791729626 0.6969829476896343 6.9472171317143285 2.616644221708077 0.5586956647387371
7.382057846867192 0.5662559077831517 0.6967894997420552 6.955323991629334 2.6195228201750793 0.5590358432196423
7.384802224252266 0.566374065958511 0.696595995669543 6.963440393557678 2.6224025269345703 0.5593762387488507
7.387547592478867 0.5664922537096089 0.6964024354465695 6.971566348840296 2.62528334241647 0.5597168514747572
7.390293951864739 0.5666104710469059 0.6962088190477733 6.979701868823849 2.628165267048068 0.5600576815455381
7.39304130272743 0.5667287179808564 0.6960151464477949 6.987846964867863 2.6310483012565604 0.5603987291094495
7.395789645382646 0.5668469945218406 0.6958214176213894 6.996001648339849 2.633932445467314 0.5607399943146231
7.398538980147067 0.566965300680283 0.6956276325432288 7.004165930623675 2.6368177001068296 0.5610814773094163
7.4012893073410755 0.5670836364667713 0.6954337911877103 7.012339823127685 2.6397040656056006 0.5614231782427501
7.404040627282465 0.5672020018917859 0.6952398935293987 7.020523337266059 2.642591542391513 0.5617650972633299
7.406792940285302 0.5673203969656501 0.6950459395431076 7.028716484455404 2.6454801308886498 0.5621072345195018
7.409546246669397 0.5674388216989376 0.694851929203231 7.036919276142939 2.6483698315272313 0.5624495901604308
7.412300546754366 0.567557276102218 0.6946578624841625 7.045131723788895 2.651260644737385 0.5627921643353634
7.415055840855467 0.5676757601858766 0.694463739360588 7.053353838854064 2.65415257094477 0.5631349571931085
7.417812129290027 0.5677942739603915 0.6942695598070335 7.061585632818999 2.6570456105773306 0.5634779688828381
7.420569412379517 0.5679128174364226 0.6940753237977184 7.069827117190227 2.6599397640674662 0.5638211995543444
7.423327690438436 0.5680313906243339 0.6938810313073387 7.078078303467087 2.662835031840372 0.5641646493566584
7.426086963785494 0.5681499935346739 0.6936866823102792 7.0863392031751165 2.66573141432577 0.5645083184394398
7.428847232742074 0.5682686261781095 0.6934922767807222 7.094609827861533 2.6686289119563 0.5648522069527874
7.431608497619974 0.5683872885648994 0.6932978146935102 7.10289018905851 2.6715275251546493 0.5651963150457114
7.434370758743175 0.5685059807058301 0.6931032960226128 7.1111802983484145 2.674427254356404 0.5655406428688461
7.437134016427722 0.5686247026113499 0.6929087207425448 7.119480167303528 2.6773280999889306 0.565885190571942
7.439898270990702 0.5687434542919563 0.6927140888277321 7.127789807512985 2.6802300624808013 0.5662299583049865
7.442663522754445 0.5688622357583751 0.6925194002522174 7.136109230595403 2.6831331422661995 0.5665749462187258
7.445429772030834 0.5689810470208878 0.6923246549907632 7.144438448151745 2.686037339768456 0.5669201544627105
7.448197019146084 0.5690998880903946 0.6921298530171097 7.152777471839875 2.688942655426056 0.5672655831883845
7.450965264410705 0.5692187589771251 0.6919349943060871 7.161126313284143 2.6918490896611074 0.5676112325453383
7.453734508150936 0.5693376596919884 0.6917400788314034 7.16948498417013 2.694756642912346 0.5679571026852333
7.456504750678398 0.569456590245269 0.6915451065677816 7.177853496153126 2.6976653156032677 0.5683031937580111
7.459275992318441 0.5695755506478453 0.6913500774889633 7.186231860943725 2.7005751081718956 0.5686495059154354
7.462048233382945 0.5696945409100209 0.6911549915696227 7.194620090225669 2.7034860210422242 0.5689960393076939
7.464821474198103 0.5698135610427176 0.6909598487834127 7.203018195739864 2.7063980546533832 0.5693427940868695
7.467595715074315 0.5699326110561831 0.6907646491050818 7.211426189193307 2.7093112094280354 0.5696897704031784
7.470370956338807 0.5700516909613909 0.6905693925081807 7.219844082357866 2.712225485806622 0.5700369684090475
7.473147198303439 0.5701708007686592 0.6903740789673256 7.228271886972756 2.7151408842135605 0.570384388255089
7.475924441292332 0.5702899404888356 0.6901787084562553 7.236709614828328 2.7180574050862547 0.5707320300935562
7.478702685622185 0.5704091101324537 0.6899832809492158 7.245157277706376 2.7209750488544313 0.571079894075882
7.481481931611317 0.5705283097101199 0.6897877964203243 7.253614887407571 2.7238938159496255 0.5714279803538085
7.484262179582907 0.5706475392326532 0.6895922548433405 7.262082455761381 2.726813706808593 0.5717762890797947
7.487043429849042 0.5707667987104006 0.6893966561927906 7.2705599945775 2.7297347218565493 0.5721248204050177
7.489825682735307 0.5708860881542918 0.689201000442235 7.279047515720775 2.7326568615330036 0.5724735744824532
7.4926089385597265 0.5710054075749361 0.6890052875657511 7.28754503104707 2.7355801262696335 0.5728225514642384
7.495393197637677 0.5711247569828332 0.6888095175375881 7.296052552418203 2.7385045164954507 0.5731717515022857
7.498178460293731 0.5712441363888809 0.6886136903313328 7.3045700917381655 2.741430032649239 0.5735211747497688
7.500964726845648 0.5713635458036888 0.688417805921036 7.313097660904242 2.7443566751627384 0.5738708213591158
7.503751997609562 0.5714829852378007 0.6882218642808473 7.321635271822832 2.747284444466096 0.5742206914826586
7.506540272909618 0.5716024547021077 0.688025865384339 7.330182936438994 2.7502133409979863 0.5745707852738429
7.509329553065196 0.5717219542073005 0.6878298092054018 7.338740666697369 2.7531433651921944 0.5749211028856251
7.512119838390887 0.5718414837638688 0.6876336957182485 7.347308474542044 2.756074517477587 0.5752716444704691
7.514911129210716 0.5719610433827097 0.6874375248964136 7.355886371960244 2.759006798293055 0.5756224101821316
7.517703425844799 0.5720806330745576 0.6872412967136907 7.364474370941413 2.7619402080734985 0.5759734001739881
7.520496728612524 0.5722002528501191 0.68704501114391 7.3730724834869745 2.7648747472531663 0.5763246145994314
7.52329103782947 0.5723199027199418 0.6868486681611529 7.381680721600839 2.76781041626242 0.5766760536114838
7.526086353819908 0.5724395826949495 0.6866522677388753 7.390299097327952 2.7707472155408674 0.5770277173643703
7.528882676903637 0.5725592927858784 0.6864558098508324 7.398927622713761 2.7736851455235336 0.5773796060118631
7.531680007400503 0.5726790330034706 0.6862592944707597 7.407566309818138 2.7766242066456064 0.5777317197078489
7.5344783456292275 0.5727988033584241 0.6860627215724572 7.416215170711796 2.779564399341209 0.578084058606183
7.5372776919086535 0.5729186038614463 0.6858660911297 7.424874217480131 2.782505724044707 0.5784366228608452
7.540078046561317 0.5730384345234063 0.6856694031159892 7.433543462234302 2.78544818119446 0.5787894126263902
7.542879409907299 0.5731582953550723 0.6854726575049825 7.442222917092241 2.788391771226366 0.5791424280571732
7.545681782266737 0.573278186367219 0.6852758542703176 7.450912594186437 2.791336494576495 0.5794956693076668
7.548485163959811 0.5733981075706266 0.6850789933856145 7.459612505663901 2.794282351681081 0.5798491365324587
7.551289555306775 0.5735180589760831 0.6848820748244718 7.46832266368628 2.7972293429765482 0.5802028298862562
7.554094956626728 0.5736380405943304 0.6846850985605539 7.477043080426067 2.800177468898225 0.5805567495237309
7.556901368240465 0.5737580524361874 0.6844880645673912 7.485773768075453 2.803126729883337 0.5809108955998785
7.559708790469392 0.5738780945125032 0.6842909728184541 7.49451473884302 2.8060771263698703 0.5812652682698829
7.562517223633972 0.5739981668340906 0.684093823287264 7.503266004948893 2.8090286587949347 0.5816198676889193
7.565326668054748 0.5741182694117694 0.6838966159473221 7.512027578627938 2.8119813275958396 0.5819746940122831
7.568137124052297 0.5742384022563658 0.6836993507721101 7.520799472129664 2.8149351332100494 0.5823297473953857
7.570948591947268 0.5743585653787124 0.6835020277350898 7.529581697718318 2.817890076075218 0.5826850279937577
7.573761072060356 0.5744787587896483 0.6833046468097036 7.538374267672865 2.8208461566291687 0.5830405359630468
7.5765745647123195 0.5745989825000193 0.6831072079693736 7.547177194287032 2.8238033753099048 0.5833962714590202
7.579389070223964 0.574719236520677 0.6829097111875031 7.5559904898692825 2.8267617325555983 0.5837522346375615
7.582204588916167 0.5748395208624807 0.6827121564374744 7.564814166742905 2.829721228804613 0.5841084256546749
7.585021121109845 0.574959835536295 0.6825145436926511 7.573648237245953 2.832681864495472 0.5844648446664813
7.587838667125981 0.5750801805529919 0.6823168729263764 7.58249271373132 2.8356436400668863 0.584821491829221
7.590657227285612 0.5752005559234497 0.6821191441119738 7.591347608566733 2.838606555957741 0.5851783672992533
7.593476801909823 0.5753209616585525 0.6819213572227472 7.600212934134759 2.8415706126070894 0.5855354712330552
7.596297391319772 0.5754413977691925 0.6817235122319798 7.609088702832876 2.84453581045418 0.5858928037872242
7.599118995836653 0.5755618642662668 0.6815256091129362 7.617974927073404 2.847502149938416 0.586250365118475
7.601941615781735 0.57568236116068 0.68132764783886 7.626871619283624 2.8504696314994002 0.5866081553836432
7.6047652514763255 0.575802888463343 0.6811296283829751 7.635778791905705 2.8534382555768927 0.5869661747396824
7.607589903241804 0.5759234461851738 0.6809315507184853 7.6446964573967975 2.8564080226108484 0.5873244233436665
7.610415571398234 0.5760440343370379 0.6807334148186707 7.65362462822469 2.8593789330399577 0.5876829013526156
7.613242256267313 0.5761646529298753 0.6805352206566798 7.662563316877132 2.862350987304746 0.588041608923869
7.61606995817149 0.5762853019746621 0.680336968205593 7.671512535859077 2.8653241858466516 0.5884005462149743
7.618898677432364 0.5764059814823425 0.6801386574385339 7.680472297687644 2.8682985291063345 0.5887597133834841
7.621728414371578 0.5765266914638666 0.6799402883286068 7.689442614894944 2.8712740175246223 0.5891191105870689
7.624559169310841 0.5766474319301916 0.6797418608488952 7.6984235000281895 2.8742506515425323 0.589478737983521
7.627390942571915 0.576768202892281 0.679543374972463 7.707414965649641 2.877228431601254 0.589838595730752
7.630223734473565 0.5768890043609753 0.6793448306725678 7.716417024326965 2.8802073581389482 0.5901986839864061
7.633057545339639 0.5770098363473357 0.6791462279220939 7.725429688658909 2.8831874315992403 0.5905590029088869
7.635892375492899 0.5771306988623811 0.6789475666939865 7.734452971255711 2.8861686524247316 0.5909195526565724
7.638728225255325 0.5772515919171018 0.6787488469612287 7.7434868847401175 2.889151021057324 0.5912803333878557
7.641565094948854 0.5773725155224901 0.6785500686967904 7.752531441749726 2.8921345379389924 0.5916413452612378
7.644402984890736 0.5774934696893433 0.6783512318739534 7.761586654922177 2.895119203506905 0.5920025884347365
7.647241895407816 0.5776144544288717 0.6781523364653114 7.770652536940735 2.898105018208438 0.5923640630677044
7.650081826822302 0.5777354697520922 0.6779533824437656 7.779729100488954 2.901091982486218 0.5927257693190189
7.65292277945569 0.577856515669996 0.6777543697822511 7.788816358263151 2.9040800967822364 0.5930877073475795
7.655764753625827 0.5779775921934226 0.6775552984539428 7.797914322963046 2.9070693615347722 0.5934498773119358
7.658607749660052 0.5780986993336209 0.677356168431333 7.80702300733383 2.9100597771922083 0.5938122793719599
7.661451767880794 0.5782198371016346 0.6771569796872421 7.816142424120125 2.9130513441978843 0.594174913687014
7.664296808605462 0.5783410055082979 0.6769577321948257 7.825272586065565 2.9160440629899806 0.5945377804159336
7.667142872159793 0.5784622045648043 0.6767584259266393 7.834413505955655 2.9190379340155608 0.5949008797187312
7.669989958867983 0.5785834342822858 0.6765590608553297 7.84356519658615 2.922032957720187 0.5952642117553373
7.672838069047227 0.5787046946715809 0.6763596369540175 7.85272767074549 2.92502913454218 0.595627776684904
7.675687203023475 0.5788259857439052 0.6761601541951929 7.8619009412654695 2.9280264649291934 0.5959915746678155
7.678537361121419 0.5789473075104249 0.675960612551419 7.871085020989093 2.931024949327678 0.5963556058644108
7.681388543655974 0.5790686599818946 0.6757610119959252 7.880279922743087 2.934024588173921 0.5967198704338945
7.684240750957413 0.5791900431697271 0.6755613525008498 7.889485659418971 2.9370253819204923 0.5970843685375493
7.687093983345295 0.5793114570848836 0.6753616340390644 7.898702243889001 2.9400273310088103 0.597449100335404
7.689948241140907 0.5794329017384034 0.6751618565833022 7.907929689046291 2.9430304358822337 0.5978140659878233
7.692803524672112 0.5795543771416095 0.6749620201058202 7.917168007820549 2.946034696991165 0.5981792656561281
7.695659834252995 0.5796758833052438 0.6747621245798224 7.926417213112253 2.9490401147716314 0.5985446994999938
7.698517170215591 0.5797974202408159 0.6745621699772396 7.9356773178953395 2.9520466896786712 0.5989103676815065
7.701375532875621 0.5799189879591461 0.674362156271128 7.944948335106294 2.9550544221502792 0.5992762703607819
7.704234922561182 0.5800405864715855 0.67416208343366 7.954230277737114 2.9580633126375977 0.5996424076996352
7.7070953395915724 0.5801622157891156 0.6739619514376075 7.9635231587666695 2.961073361582633 0.6000087798588709
7.709956784292265 0.5802838759229849 0.673761760255293 7.972826991209318 2.9640845694340126 0.6003753870002011
7.712819256984485 0.5804055668842656 0.6735615098593193 7.982141788081072 2.9670969366360187 0.6007422292849098
7.715682757992905 0.5805272886841811 0.6733612002220313 7.991467562424626 2.9701104636366855 0.6011093068748391
7.718547287638838 0.5806490413338169 0.6731608313159911 8.000804327287232 2.973125150880635 0.601476619931517
7.721412846248001 0.5807708248444496 0.6729604031134369 8.010152095746015 2.9761409988172502 0.6018441686171532
7.724279434139945 0.5808926392270987 0.6727599155870199 8.019510880873515 2.979158007889547 0.6022119530932831
7.7271470516433 0.5810144844931737 0.6725593687087402 8.028880695787452 2.982176178550223 0.6025799735227232
7.730015699073974 0.5811363606535487 0.6723587624514696 8.038261553579577 2.985195511238711 0.6029482300667759
7.732885376763533 0.581258267719767 0.6721580967869685 8.047653467408395 2.988216006411048 0.603316722888869
7.735756085027916 0.5813802057027128 0.6719573716880725 8.057056450396916 2.991237664506949 0.6036854521505421
7.738627824195841 0.581502174613818 0.6717565871267063 8.066470515725594 2.9942604859797046 0.6040544180150929
7.741500594589611 0.5816241744642462 0.6715557430752264 8.07589567656954 2.997284471275979 0.6044236206451126
7.74437439652966 0.5817462052650865 0.6713548395061022 8.085331946113381 3.0003096208405946 0.6047930602030697
7.74724923034513 0.5818682670278023 0.6711538763911773 8.09477933758601 3.003335935127664 0.6051627368526699
7.750125096354074 0.5819903597633908 0.670952853703053 8.104237864195623 3.006363414579756 0.605532650756311
7.753001994882857 0.5821124834832068 0.6707517714137329 8.113707539193424 3.0093920596483144 0.6059028020775772
7.755879926257548 0.5822346381985968 0.6705506294952227 8.12318837584543 3.0124218707845953 0.6062731909801332
7.758758890795883 0.5823568239205589 0.6703494279200943 8.13268038740596 3.015452848431211 0.6066438176266893
7.761638888825995 0.5824790406605367 0.6701481666601744 8.142183587179364 3.018484993041846 0.6070146821814121
7.7645199206729645 0.5826012884298488 0.6699468456874872 8.15169798847577 3.0215183050670977 0.6073857848081943
7.767401986656314 0.5827235672395831 0.6697454649744261 8.161223604602744 3.0245527849518377 0.6077571256703305
7.770285087101734 0.5828458771010934 0.6695440244929367 8.170760448904069 3.0275884331475584 0.6081287049320286
7.7731692223354285 0.5829682180257603 0.6693425242149119 8.1803085347411 3.0306252501064215 0.6085005227576818
7.776054392680808 0.5830905900248502 0.6691409641124215 8.189867875481841 3.033663236277774 0.608872579311442
7.778940598456901 0.5832129931094491 0.6689393441578232 8.199438484495657 3.0367023921064766 0.6092448747570147
7.781827839993126 0.5833354272910877 0.668737664322733 8.209020375202254 3.0397427180484566 0.6096174092595642
7.784716117613466 0.5834578925810712 0.6685359245791272 8.218613561019287 3.0427842145540467 0.6099901829836735
7.787605431641958 0.5835803889907117 0.6683341248989617 8.22821805538055 3.045826882073765 0.610363196094052
7.7904957823984 0.5837029165311464 0.668132265254471 8.23783387172169 3.048870721053793 0.6107364487549803
7.793387170210929 0.5838254752138706 0.6679303456172885 8.247461023522085 3.0519157319492205 0.6111099411319358
7.796279595404222 0.5839480650502384 0.6677283659592719 8.257099524265648 3.0549619152116247 0.611483673390069
7.799173058302516 0.5840706860515892 0.6675263262522928 8.266749387450842 3.0580092712922466 0.6118576456945928
7.802067559230086 0.5841933382292689 0.6673242264682008 8.276410626592329 3.0610578006424953 0.6122318582108452
7.804963098508984 0.5843160215945343 0.667122066578984 8.286083255213404 3.064107503711568 0.6126063111039965
7.807859676464757 0.5844387361587953 0.6669198465563683 8.295767286865132 3.0671583809524723 0.6129810045397892
7.810757293423182 0.5845614819334757 0.6667175663720453 8.305462735115475 3.0702104328185875 0.613355938684116
7.813655949708731 0.5846842589299494 0.6665152259977807 8.315169613544152 3.0732636597620457 0.6137311137028204
7.8165556456459395 0.5848070671595974 0.666312825405317 8.324887935747272 3.0763180622351776 0.6141065297618754
7.8194563815593865 0.5849299066338077 0.6661103645663762 8.334617715337247 3.079373640690488 0.6144821870273799
7.822358157773699 0.5850527773639752 0.6659078434526586 8.344358965942853 3.082430395580663 0.6148580856655594
7.825260974613552 0.5851756793615014 0.6657052620358436 8.354111701209238 3.0854883273585667 0.6152342258427671
7.828164832403378 0.5852986126377825 0.6655026202876093 8.363875934796964 3.0885474364769427 0.6156106077254447
7.831069731467019 0.5854215772041949 0.6652999181796566 8.373651680380862 3.091607723388037 0.6159872314800793
7.833975672130767 0.5855445730722231 0.6650971556834978 8.383438951660278 3.0946691885468107 0.6163640972735962
7.8368826547194965 0.5856676002532968 0.6648943327707258 8.393237762346084 3.0977318324068617 0.6167412052728584
7.839790679558127 0.5857906587588528 0.6646914494129122 8.40304812616563 3.100795655421964 0.6171185556448563
7.842699746971637 0.5859137486003345 0.6644885055816067 8.412870056862776 3.1038606580460875 0.6174961485567088
7.845609857285041 0.5860368697891923 0.6642855012483377 8.422703568197878 3.1069268407333683 0.6178739841756619
7.848521010823415 0.5861600223368844 0.6640824363846114 8.432548673947876 3.109994203938141 0.618252062669091
7.8514332079118745 0.5862832062548748 0.6638793109619129 8.442405387906224 3.113062748114911 0.6186303842044987
7.854346448875593 0.5864064215546358 0.6636761249517049 8.452273723882989 3.1161324737183778 0.6190089489495165
7.8572607340397775 0.5865296682476455 0.66347287832543 8.4621536957048 3.1192033812034063 0.619387757071903
7.860176063729706 0.5866529463453899 0.663269571054507 8.472045317214965 3.1222754710250697 0.6197668087395478
7.86309243827068 0.5867762558593617 0.6630662031103348 8.481948602273363 3.125348743638597 0.6201461041204664
7.8660098579880735 0.5868995968010605 0.6628627744642887 8.491863564756601 3.1284231994994256 0.6205256433828057
7.868928323207285 0.5870229691819933 0.662659285087724 8.501790218557899 3.131498839063152 0.6209054266948386
7.871847834252085 0.5871463730136021 0.6624557349520915 8.511728577581454 3.1345756627837877 0.6212854542247486
7.8747683914493125 0.5872698083074643 0.6622521240286087 8.521678655758478 3.1376536711187124 0.6216657261412416
7.87768999512464 0.587393275075113 0.6620484522885567 8.531640467032782 3.1407328645242076 0.6220462426129946
7.880612645603673 0.587516773328083 0.6618447197032028 8.541614025364552 3.143813243456619 0.6224270038087987
7.883536343212059 0.5876403030779165 0.6616409262437919 8.551599344730738 3.1468948083724686 0.6228080098975739
7.886461088275504 0.5877638643361632 0.661437071881547 8.561596439125129 3.1499775597284723 0.6231892610483715
7.8893868811197505 0.5878874571143786 0.6612331565876705 8.571605322558286 3.1530614979815197 0.6235707574303698
7.892313722070597 0.5880110814241268 0.6610291803333407 8.581626009057661 3.1561466235886915 0.6239524992128792
7.895241611452223 0.5881347372769079 0.6608251430898309 8.591658512661846 3.1592329370054966 0.6243344865651218
7.898170549589826 0.5882584246842704 0.6606210448283254 8.601702847429634 3.1623204386886505 0.6247167196565767
7.901100536811444 0.5883821436578873 0.6604168855197909 8.611759027446292 3.165409129097997 0.6250991986572166
7.904031573443074 0.5885058942093514 0.6602126651353177 8.621827066806878 3.168499008691363 0.6254819237368736
7.906963659810743 0.5886296763502611 0.6600083836459756 8.631906979623324 3.17159007792674 0.6258648950655062
7.909896796239867 0.5887534900921948 0.6598040410228581 8.641998780022263 3.1746823372616104 0.6262481128131184
7.912830983052651 0.5888773354465997 0.6595996372372634 8.652102482136083 3.1777757871502086 0.6266315771494181
7.915766220579613 0.5890012124252799 0.6593951722598919 8.662218100142647 3.180870428055664 0.6270152882453248
7.918702509146967 0.5891251210398627 0.6591906460617245 8.672345648221874 3.1839662604367063 0.6273992462713202
7.9216398490809885 0.5892490613019827 0.6589860586137193 8.682485140570773 3.187063284752264 0.6277834513980178
7.924578240702239 0.5893730332230394 0.6587814098872133 8.692636591383529 3.1901615014553766 0.62816790379541
7.92751768434208 0.5894970368148924 0.658576699852773 8.702800014908531 3.193260911010606 0.6285526036350254
7.9304581803274266 0.5896210720892193 0.6583719284812543 8.712975425395797 3.1963615138779624 0.6289375510879373
7.933399728982515 0.5897451390575902 0.6581670957436814 8.72316283710303 3.1994633105147665 0.6293227463249929
7.9363423306310255 0.5898692377315562 0.6579622016110979 8.733362264302977 3.202566301377889 0.6297081895170921
7.9392859856042985 0.5899933681229974 0.6577572460539951 8.743573721311948 3.2056704869324135 0.6300938808362634
7.942230694228075 0.5901175302435626 0.6575522290432355 8.75379722244389 3.208775867637657 0.6304798204539276
7.945176456822683 0.5902417241046778 0.6573471505500381 8.76403278201098 3.211882443947362 0.6308660085409218
7.948123273721727 0.5903659497183342 0.6571420105446796 8.774280414388596 3.2149902163294124 0.631252445269949
7.9510711452502685 0.5904902070961676 0.6569368089980118 8.784540133939531 3.2180991852428167 0.6316391308127182
7.954020071729656 0.5906144962496629 0.6567315458811256 8.794811955030744 3.2212093511428046 0.6320260653405771
7.9569700534935714 0.5907388171908301 0.6565262211642342 8.805095892089296 3.224320714497752 0.6324132490266189
7.959921090864168 0.5908631699311988 0.6563208348183341 8.815391959519232 3.2274332757640125 0.6328006820425487
7.962873184168254 0.5909875544824997 0.6561153868140781 8.825700171757992 3.2305470354029855 0.6331883645608102
7.96582633373738 0.5911119708566691 0.6559098771217703 8.836020543276794 3.2336619938812117 0.6335762967545955
7.968780539888547 0.5912364190650352 0.6557043057127072 8.846353088513224 3.236778151650023 0.6339644787953131
7.971735802958485 0.5913608991197629 0.6554986725567937 8.856697821991098 3.2398955091816983 0.6343529108570901
7.97469212326771 0.5914854110323391 0.6552929776250431 8.867054758194763 3.243014066931552 0.6347415931120498
7.977649501145849 0.5916099548146407 0.6550872208878152 8.877423911657756 3.2461338253646486 0.63513052573364
7.9806079369197285 0.591734530478431 0.6548814023156454 8.887805296921103 3.2492547849432367 0.6355197088950677
7.983567430913809 0.5918591380353797 0.6546755218792141 8.898198928534859 3.252376946127207 0.6359091427693562
7.986527983459289 0.5919837774974452 0.6544695795487134 8.90860482109008 3.2555003093836965 0.6362988275305422
7.9894895948774165 0.592108448876173 0.6542635752950078 8.919022989160236 3.258624875169486 0.6366887633514812
7.992452265501798 0.5922331521836335 0.6540575090880829 8.92945344737963 3.261750643954532 0.6370789504067824
7.995415995652437 0.5923578874313302 0.6538513808988508 8.939896210352126 3.2648776161945783 0.6374693888693923
7.998380785663371 0.5924826546313628 0.6536451906972278 8.950351292748424 3.268005792360316 0.6378600789142334
8.001346635855338 0.592607453795277 0.653438938454035 8.960818709209834 3.2711351729085445 0.6382510207146044
8.004313546560837 0.5927322849351183 0.6532326241392566 8.971298474436598 3.2742657583086108 0.6386422144454819
8.007281518103305 0.5928571480625567 0.6530262477234865 8.981790603114487 3.27739754902044 0.6390336602807765
8.010250550811714 0.5929820431895004 0.652819809176915 8.992295109966328 3.2805305455099383 0.6394253583952565
8.013220645014218 0.593106970327829 0.6526133084697677 9.002812009729633 3.283664748242291 0.6398173089637119
8.01619180103424 0.5932319294892282 0.652406745572581 9.01334131714269 3.2868001576778285 0.6402095121604364
8.019164019206077 0.5933569206858466 0.6522001204551148 9.02388304699991 3.2899367742884964 0.6406019681612877
8.022137299847357 0.5934819439291372 0.6519934330882678 9.03443721405421 3.2930745985287952 0.6409946771400518
8.025111643294272 0.5936069992313399 0.6517866834416283 9.045003833142003 3.296213630872954 0.6413876392730959
8.028087049870694 0.5937320866041811 0.6515798714856209 9.055582919073618 3.2993538717823405 0.6417808547352887
8.031063519902256 0.5938572060594675 0.6513729971905287 9.06617448668328 3.302495321720325 0.6421743237018601
8.034041053721872 0.5939823576093168 0.6511660605261073 9.076778550848838 3.305637981158101 0.6425680463491332
8.03701965165071 0.5941075412653593 0.6509590614629096 9.087395126424028 3.3087818505546083 0.6429620228520068
8.03999931401973 0.5942327570396418 0.6507519999707879 9.098024228315197 3.3119269303792636 0.6433562533868044
8.042980041159018 0.5943580049441802 0.6505448760196342 9.10866587144336 3.315073221100703 0.6437507381298643
8.045961833389857 0.5944832849906263 0.6503376895799332 9.119320070715887 3.318220723178413 0.6441454772564896
8.048944691044062 0.5946085971910795 0.650130440621417 9.129986841095535 3.3213694370831384 0.6445404709435071
8.051928614451132 0.594733941557548 0.6499231291139588 9.140666197554658 3.3245193632833243 0.644935719367568
8.054913603934729 0.5948593181017999 0.6497157550278165 9.15135815506255 3.327670502241395 0.6453312227046802
8.057899659823006 0.5949847268357983 0.6495083183329162 9.162062728622427 3.33082285442466 0.645726981131577
8.060886782447108 0.5951101677716372 0.6493008189989554 9.17277993326616 3.333976420303729 0.6461229948255197
8.063874972134704 0.5952356409212697 0.6490932569958542 9.183509784031047 3.337131200345686 0.6465192639634381
8.066864229207738 0.5953611462964155 0.6488856322939076 9.194252295951776 3.3402871950117166 0.6469157887216354
8.069854553999273 0.5954866839092655 0.6486779448626203 9.205007484120898 3.343444404774884 0.6473125692780188
8.072845946837763 0.5956122537718239 0.6484701946717946 9.215775363632416 3.346602830103535 0.6477096058100164
8.07583840805104 0.5957378558960733 0.6482623816912574 9.226555949596095 3.3497624714654988 0.6481068984951047
8.078831937963365 0.5958634902938535 0.6480545058910618 9.237349257126846 3.352923329324982 0.6485044475104178
8.081826536904648 0.5959891569772461 0.6478465672408483 9.248155301377963 3.3560854041522976 0.6489022530339706
8.084822205204683 0.5961148559583336 0.6476385657102464 9.258974097520404 3.3592486964177803 0.6493003152438944
8.087818943191456 0.5962405872491288 0.6474305012689885 9.269805660736722 3.3624132065900043 0.6496986343182131
8.090816751193012 0.5963663508616526 0.6472223738867832 9.280650006227766 3.3655789351377465 0.6500972104350894
8.093815629535811 0.5964921468078649 0.6470141835334291 9.291507149206788 3.3687458825282577 0.6504960437726072
8.096815578547188 0.5966179750997684 0.6468059301786417 9.30237710490835 3.3719140492298565 0.6508951345090996
8.099816598557922 0.5967438357495161 0.6465976137918793 9.313259888597665 3.3750834357146444 0.6512944828234891
8.10281868989621 0.596869728769158 0.6463892343427564 9.32415551554881 3.3782540424521432 0.651694088894488
8.105821852890276 0.5969956541707516 0.6461807918008656 9.335064001054176 3.3814258699120465 0.6520939529009445
8.108826087868403 0.5971216119663623 0.6459722861357753 9.345985360424619 3.3845989185642575 0.6524940750218473
8.111831395158898 0.5972476021680625 0.6457637173170307 9.356919608989342 3.387773188878852 0.652894455436321
8.114837775090123 0.5973736247879328 0.6455550853141524 9.36786676209604 3.390948681326108 0.6532950943236306
8.117845227989863 0.597499679838035 0.6453463900966804 9.37882683510861 3.39412539637584 0.6536959918630969
8.12085375418579 0.5976257673304328 0.6451376316341414 9.389799843408875 3.397303334497894 0.6540971482341594
8.123863354007991 0.5977518872772966 0.6449288098958739 9.40078580240582 3.400482496164809 0.6544985636167124
8.126874027784982 0.5978780396907364 0.6447199248513041 9.411784727521077 3.4036628818476142 0.6549002381905743
8.129885775845324 0.5980042245828707 0.6445109764698344 9.422796634194858 3.406844492017532 0.6553021721357031
8.132898598517608 0.5981304419658249 0.6443019647208437 9.433821537885905 3.4100273271459662 0.6557043656321947
8.135912496130459 0.5982566918517312 0.6440928895736879 9.444859454071532 3.413211387704502 0.6561068188602834
8.13892746901256 0.5983829742527312 0.6438837509976977 9.455910398247735 3.4163966741649334 0.656509532000345
8.141943517492619 0.5985092891809725 0.6436745489621806 9.466974385929095 3.419583186999232 0.6569125052328929
8.144960641899386 0.5986356366486109 0.6434652834364202 9.478051432648867 3.422770926679557 0.6573157387385805
8.147978842561656 0.5987620166678097 0.6432559543896764 9.489141553959003 3.4259598936782663 0.6577192326982009
8.15099811980825 0.5988884292507399 0.643046561791185 9.500244765430121 3.4291500884678934 0.6581229872926864
8.154018473968048 0.5990148744095803 0.6428371056101568 9.51136108265164 3.432341511521183 0.6585270027031107
8.157039905369949 0.5991413521565168 0.6426275858157812 9.522490521231644 3.4355341633110488 0.6589312791106853
8.160062414342907 0.5992678625037432 0.6424180023772207 9.533633096797066 3.43872804431061 0.659335816696764
8.163086001215897 0.5993944054634608 0.6422083552636159 9.54478882499357 3.4419231549931597 0.6597406156428386
8.16611066631795 0.5995209810478787 0.6419986444440822 9.555957721485694 3.445119495832198 0.6601456761305434
8.16913640997765 0.5996475892691937 0.641788869887744 9.56713980195503 3.448317067300902 0.660550998341588
8.172163232522664 0.5997742301395701 0.6415790315637688 9.578335082098477 3.4515158698716295 0.6609565824576943
8.175191134283775 0.5999009036713087 0.6413691294410858 9.589543577643244 3.4547159040201825 0.6613624286611383
8.178220115590168 0.6000276098766493 0.6411591634887136 9.600765304329355 3.4579171702208225 0.6617685371341162
8.18125017677106 0.6001543487678394 0.6409491336756474 9.612000277915786 3.4611196689479966 0.6621749080589658
8.184281318155701 0.6002811203571339 0.6407390399708581 9.623248514180426 3.4643234006763364 0.6625815416181643
8.18731354007339 0.6004079246567955 0.640528882343292 9.634510028920197 3.4675283658806766 0.6629884379943319
8.190346842853454 0.6005347616790946 0.6403186607618717 9.645784837950988 3.4707345650360324 0.6633955973702292
8.193381226824958 0.6006616314362965 0.6401083751955166 9.657072957106578 3.473941998617291 0.663803019928717
8.196416692313413 0.6007885339405243 0.6398980256133694 9.668374402226462 3.4771506670957386 0.6642107058523171
8.199453239652195 0.6009154692042357 0.639687611984008 9.67968918919828 3.4803605709511216 0.6646186553247417
8.20249086917078 0.6010424372397318 0.6394771342762569 9.691017333914166 3.483571710659219 0.6650268685293184
8.205529581198698 0.6011694380593219 0.6392665924589167 9.702358852285418 3.4867840866960154 0.6654353456495173
8.208569376065507 0.601296471675323 0.6390559865007633 9.713713760242443 3.489997699537679 0.6658440868689507
8.211610254096385 0.6014235380998745 0.6388453163708545 9.725082073718301 3.4932125496559023 0.666253092370778
8.214652215623671 0.6015506373454221 0.6386345820377297 9.736463808691843 3.4964286375300953 0.6666623623392596
8.217695260978463 0.6016777694243655 0.6384237834699926 9.747858981156373 3.4996459636385113 0.6670718969586258
8.220739390490476 0.6018049343490524 0.6382129206363211 9.75926760711914 3.502864528458095 0.6674816964130594
8.223784604486092 0.6019321321316982 0.6380019935056019 9.770689702594 3.506084332462419 0.6678917608864321
8.226830903294605 0.6020593627846457 0.6377910020464975 9.782125283624836 3.509305376128288 0.6683020905631445
8.229878287249404 0.6021866263204154 0.6375799462273646 9.793574366290105 3.512527659936989 0.6687126856282879
8.232926756680344 0.6023139227513858 0.6373688260167838 9.805036966674184 3.515751184366227 0.6691235462666151
8.235976311910806 0.602441252089672 0.6371576413837606 9.816513100856302 3.5189759498870137 0.6695346726621447
8.239026953275443 0.6025686143478656 0.6369463922964986 9.828002784977322 3.5222019569824368 0.6699460650005533
8.242078681105719 0.6026960095384316 0.6367350787233994 9.8395060351854 3.5254292061323613 0.6703577234672263
8.24513149572685 0.6028234376735805 0.6365237006332752 9.851022867624417 3.5286576978102047 0.6707696482468453
8.248185397469344 0.6029508987657496 0.6363122579945505 9.862553298477483 3.531887432495129 0.6711818395249433
8.251240386667316 0.6030783928275337 0.636100750775376 9.874097343960704 3.535118410670271 0.6715942974876807
8.254296463645423 0.6032059198711386 0.6358891789445364 9.885655020273788 3.5383506328089163 0.6720070223200794
8.257353628734762 0.6033334799090456 0.6356775424703476 9.897226343660163 3.5415840993913195 0.6724200142081704
8.26041188226974 0.6034610729538803 0.635465841320874 9.908811330395208 3.5448188109013867 0.672833273338571
8.263471224572084 0.6035886990177459 0.6352540754650352 9.920409996725692 3.548054767809774 0.6732467998963251
8.266531655978225 0.6037163581133649 0.6350422448707111 9.932022358973542 3.551291970602839 0.6736605940686027
8.269593176817885 0.6038440502531867 0.6348303495062231 9.94364843345477 3.554530419760004 0.6740746560418079
8.272655787415237 0.6039717754494356 0.6346183893402537 9.955288236483774 3.5577701157549746 0.6744889860017336
8.275719488109091 0.6040995337149528 0.634406364340451 9.966941784450091 3.561011059077097 0.6749035841362924
8.278784279220229 0.6042273250618341 0.6341942744756869 9.978609093694272 3.5642532501968027 0.6753184506310984
8.281850161086142 0.6043551495028782 0.6339821197136555 9.990290180640002 3.567496689602356 0.6757335856741673
8.284917134033211 0.6044830070504275 0.633769900022796 10.00198506168827 3.5707413777704238 0.6761489894521511
8.287985198391908 0.604610897717001 0.6335576153712427 10.013693753275255 3.5739873151821584 0.6765646621523966
8.291054354494728 0.6047388215152089 0.633345265726967 10.025416271864518 3.5772345023210095 0.676980603962665
8.294124602667216 0.6048667784573777 0.633132851058398 10.037152633912738 3.5804829396632316 0.6773968150699174
8.297195943245868 0.6049947685562973 0.6329203713331847 10.048902855938142 3.583732627696822 0.6778132956627402
8.300268376553422 0.6051227918241906 0.6327078265199051 10.060666954426045 3.5869835668953804 0.6782300459279949
8.30334190292827 0.6052508482739389 0.6324952165860316 10.072444945941417 3.5902357577492254 0.6786470660548076
8.306416522692437 0.6053789379177489 0.6322825415001456 10.084236847006302 3.593489200731517 0.6790643562302259
8.309492236184088 0.6055070607685055 0.6320698012296891 10.096042674224408 3.5967438963326526 0.6794819166436289
8.312569043726699 0.6056352168384886 0.6318569957430974 10.1078624441629 3.599999845027643 0.6798997474825438
8.315646945656038 0.605763406140497 0.6316441250079327 10.119696173455978 3.603257047304667 0.6803178489363086
8.318725942299173 0.6058916286869729 0.6314311889923356 10.131543878724267 3.606515503642853 0.6807362211932216
8.32180603398734 0.606019884490539 0.6312181876641356 10.143405576624305 3.6097752145259023 0.6811548644422895
8.324887221053366 0.6061481735638915 0.6310051209910292 10.155281283838685 3.6130361804393574 0.6815737788728777
8.327969503821766 0.6062764959193863 0.6307919889412645 10.167171017037886 3.6162984018601225 0.6819929646733641
8.331052882631761 0.6064048515699985 0.6305787914820487 10.17907479296907 3.619561879280828 0.6824124220342691
8.334137357803593 0.6065332405279197 0.6303655285818797 10.190992628326127 3.6228266131741758 0.6828321511436735
8.33722292967615 0.6066616628061242 0.6301522002079423 10.20292453989497 3.626092604032763 0.6832521521923387
8.34030959857764 0.6067901184171489 0.6299388063281354 10.214870544440297 3.6293598523380433 0.6836724253697162
8.343397364834809 0.6069186073734759 0.6297253469104374 10.22683065874116 3.632628358570082 0.6840929708651997
8.346486228785361 0.6070471296880505 0.6295118219220444 10.23880489963915 3.635898123220706 0.6845137888698204
8.34957619075331 0.6071756853732545 0.6292982313310763 10.250793283942931 3.639169146767412 0.6849348795728873
8.352667251071761 0.6073042744418551 0.6290845751050017 10.26279582851649 3.6424414296974765 0.6853562431650909
8.355759410074995 0.6074328969066752 0.6288708532111829 10.274812550248628 3.645714972499589 0.6857778798374279
8.358852668086794 0.6075615527801072 0.6286570656176856 10.286843466007475 3.6489897756514806 0.6861997897796048
8.36194702544177 0.6076902420750012 0.6284432122918034 10.298888592723493 3.652265839642513 0.6866219731829515
8.365042482473212 0.607818964804159 0.6282292932008972 10.310947947342237 3.6555431649608066 0.68704443023876
8.368139039507106 0.6079477209800849 0.6280153083128099 10.323021546801076 3.658821752086912 0.6874671611374706
8.371236696874703 0.6080765106155094 0.6278012575949962 10.335109408078159 3.662101601507118 0.6878901660703867
8.374335454910721 0.608205333723314 0.627587141014648 10.347211548185488 3.6653827137115456 0.6883134452294296
8.377435313945789 0.6083341903162166 0.6273729585392159 10.359327984139457 3.668665089186149 0.6887369988061073
8.380536274302957 0.6084630804066272 0.6271587101366507 10.371458732947143 3.671948728409021 0.6891608269910363
8.383638336320741 0.6085920040076057 0.62694439577381 10.383603811696519 3.675233631874794 0.6895849299770929
8.386741500329887 0.6087209611318949 0.6267300154180666 10.395763237465534 3.6785198000700325 0.6900093079562347
8.389845766661143 0.6088499517922459 0.6265155690367664 10.407937027352654 3.681807233481473 0.6904339611205674
8.392951135638988 0.6089789760011549 0.6263010565976671 10.420125198452133 3.685095932589372 0.6908588896614826
8.396057607600499 0.6091080337716495 0.6260864780676304 10.432327767928143 3.6883858978874917 0.6912840937722416
8.399165182876795 0.6092371251165156 0.6258718334139071 10.444544752942011 3.6916771298634505 0.6917095736454364
8.402273861798736 0.6093662500485362 0.6256571226037407 10.456776170674583 3.694969629004757 0.6921353294737697
8.405383644696624 0.6094954085804771 0.6254423456043905 10.469022038325049 3.69826339579849 0.6925613614500132
8.408494531897317 0.6096246007249689 0.6252275023833284 10.481282373099608 3.7015584307282485 0.6929876697666133
8.411606523736687 0.6097538264950231 0.6250125929073806 10.493557192260587 3.704854734287343 0.6934142546173978
8.414719620545709 0.6098830859034544 0.624797617143687 10.505846513071644 3.7081523069640614 0.6938411161956696
8.417833822655398 0.6100123789630866 0.6245825750593609 10.518150352817269 3.7114511492469 0.6942682546948838
8.420949130396783 0.6101417056867511 0.6243674666214895 10.5304687288027 3.7147512616245355 0.6946956703086451
8.424065544100939 0.6102710660872878 0.6241522917971343 10.54280165835405 3.7180526445858577 0.6951233632307102
8.42718306409682 0.6104004601774555 0.6239370505534776 10.55514915880977 3.721355298617677 0.6955513336546926
8.430301690716442 0.6105298879701478 0.6237217428574668 10.56751124754118 3.724659224210215 0.6959795817747723
8.433421424292467 0.6106593494782916 0.6235063686759796 10.57988794194297 3.727964421854539 0.6964081077853662
8.436542265156069 0.6107888447147589 0.6232909279759735 10.592279259424739 3.7312708920403113 0.6968369118808341
8.43966421363845 0.6109183736924304 0.6230754207243776 10.60468521741705 3.734578635257389 0.6972659942556878
8.44278727007085 0.611047936424195 0.6228598468880963 10.617105833371465 3.7378876519958366 0.6976953551045912
8.445911434784536 0.6111775329229501 0.6226442064340056 10.629541124760554 3.741197942745913 0.6981249946223609
8.449036708110789 0.6113071632016004 0.622428499328958 10.641991109077848 3.7445095079980613 0.6985549130039628
8.452163090380933 0.61143682727306 0.6222127255397761 10.654455803837994 3.747822348242937 0.6989851104445168
8.455290581926308 0.6115665251502501 0.6219968850332598 10.666935226576662 3.7511364639713785 0.6994155871392939
8.458419183078288 0.6116962568461011 0.6217809777761794 10.679429394850667 3.7544518556744317 0.6998463432837183
8.461548894168272 0.6118260223735513 0.6215650037352802 10.691938326237938 3.757768523843336 0.7002773790733665
8.464679715527692 0.6119558217455471 0.6213489628772806 10.70446203833756 3.7610864689695314 0.7007086947039675
8.467811647487988 0.6120856549750429 0.6211328551688732 10.717000548769743 3.7644056915446376 0.7011402903714009
8.470944690380652 0.6122155220750024 0.6209166805767222 10.729553875175986 3.7677261920604987 0.7015721662717029
8.474078844537184 0.6123454230583965 0.6207004390674674 10.742122035218966 3.771047971009136 0.70200432260106
8.477214110289124 0.6124753579382051 0.6204841306077198 10.754705046582634 3.774371028882781 0.7024367595558131
8.480350487968028 0.6126053267274162 0.6202677551640655 10.767302926972219 3.7776953661738535 0.7028694773324557
8.483487977905485 0.6127353294390258 0.6200513127030631 10.779915694114244 3.781020983374975 0.7033024761276346
8.48662658043311 0.6128653660860389 0.6198348031912438 10.7925433657566 3.7843478809789692 0.7037357561381512
8.489766295882545 0.6129954366814683 0.6196182265951132 10.805185959668506 3.7876760594788523 0.7041693175609594
8.492907124585445 0.6131255412383348 0.6194015828811498 10.817843493640549 3.791005519367831 0.7046031605931666
8.496049066873514 0.6132556797696687 0.6191848720158046 10.830515985484793 3.794336261139331 0.705037285432036
8.499192123078469 0.6133858522885076 0.6189680939655022 10.843203453034691 3.7976682852869628 0.7054716922749836
8.502336293532052 0.6135160588078982 0.6187512486966406 10.855905914145167 3.801001592304534 0.7059063813195798
8.505481578566034 0.6136462993408947 0.6185343361755906 10.868623386692638 3.8043361826860562 0.7063413527635491
8.50862797851221 0.6137765739005605 0.6183173563686953 10.88135588857504 3.8076720569257363 0.7067766068047713
8.511775493699087 0.6139068824998296 0.6181003092425011 10.894103437698401 3.8110092155144653 0.7072121436408209
8.514924124460975 0.6140372251518839 0.6178831947631277 10.906866052013724 3.814347658949462 0.7076479634702273
8.51807387113031 0.6141676018698351 0.6176660128967989 10.919643749485932 3.8176873877261266 0.7080840664914125
8.521224734038984 0.6142980126667796 0.6174487636097508 10.932436548099243 3.8210284023394583 0.708520452902874
8.524376713518926 0.6144284575558228 0.6172314468681915 10.945244465859595 3.824370703284665 0.708957122903267
8.527529809902084 0.6145589365500781 0.6170140626383025 10.958067520794554 3.827714291057151 0.7093940766914004
8.530684023518745 0.6146894496625975 0.6167966108863546 10.970905730946523 3.831059166150728 0.7098313144660049
8.53383935469837 0.6148199969064069 0.6165790915786498 10.983759114376157 3.8344053290585083 0.7102688364258491
8.536995803776902 0.6149505782948069 0.6163615046810175 10.996627689192144 3.8377527802806477 0.7107066427707526
8.540153371086395 0.6150811938409454 0.6161438501595302 11.009511473509049 3.841101520313356 0.7111447337001481
8.543312056958912 0.6152118435579775 0.6159261279802335 11.022410485463158 3.8444515496530225 0.7115831094136222
8.546471861723653 0.6153425274589478 0.6157083381093454 11.035324743200793 3.8478028687931753 0.7120217701105171
8.549632785711175 0.6154732455569647 0.6154904805129644 11.048254264895558 3.851155478228958 0.7124607159905162
8.552794829257786 0.615603997865381 0.6152725551567665 11.061199068766358 3.854509378461785 0.7128999472542539
8.555957992695651 0.6157347843973867 0.6150545620066883 11.07415917303699 3.8578645699888523 0.7133394641019432
8.55912227635423 0.6158656051660669 0.6148365010288267 11.087134595942002 3.8612210533046625 0.7137792667335746
8.562287680562664 0.615996460184501 0.6146183721892746 11.100125355736447 3.8645788289035523 0.7142193553492472
8.565454205658694 0.616127349466132 0.6144001754535063 11.11313147073258 3.867937897289161 0.7146597301504096
8.568621851974594 0.616258273024184 0.6141819107873474 11.126152959242166 3.871298258959499 0.7151003913379045
8.571790619835499 0.6163892308715936 0.6139635781570892 11.139189839569529 3.874659914405181 0.7155413391117351
8.574960509578268 0.6165202230217895 0.6137451775281897 11.152242130089173 3.878022864129438 0.7159825736736897
8.578131521537522 0.6166512494881161 0.6135267088662338 11.165309849188441 3.8813871086332967 0.7164240952254003
8.581303656040072 0.616782310283602 0.6133081721373198 11.178393015244499 3.8847526484096817 0.7168659039675653
8.584476913418763 0.6169134054215326 0.613089567307104 11.191491646681413 3.88811948395809 0.7173080001018779
8.587651294010767 0.6170445349153807 0.6128708943409173 11.204605761963245 3.8914876157827893 0.71775038383079
8.590826798141975 0.6171756987781597 0.6126521532048432 11.217735379529541 3.8948570443762556 0.7181930553553352
8.594003426146372 0.6173068970232254 0.6124333438643806 11.230880517875422 3.8982277702397274 0.7186360148778306
8.597181178361115 0.6174381296640723 0.6122144662847836 11.244041195531334 3.9015997938779896 0.7190792626011915
8.600360055108586 0.6175693967135925 0.6119955204322978 11.257217430988721 3.9049731157803254 0.7195227987264275
8.60354005672907 0.6177006981854248 0.6117765062719097 11.270409242835388 3.9083477364551924 0.719966623457201
8.606721183553876 0.6178320340928454 0.6115574237691971 11.283616649644237 3.911723656401705 0.7204107369960784
8.609903435909024 0.6179634044489195 0.6113382728900766 11.296839669988422 3.915100876113538 0.7208551395450424
8.613086814136578 0.6180948092673827 0.6111190535993324 11.31007832253008 3.918479396101577 0.7212998313084735
8.616271318557947 0.6182262485611256 0.6108997658631452 11.323332625867794 3.9218592168549624 0.7217448124880225
8.619456949514156 0.6183577223438563 0.610680409646318 11.33660259870409 3.9252403388838317 0.7221900832882364
8.622643707333145 0.6184892306287504 0.6104609849145294 11.34988825970944 3.928622762684617 0.7226356439119919
8.625831592347355 0.6186207734291775 0.6102414916331195 11.363189627595442 3.932006488758705 0.7230814945629503
8.629020604892236 0.6187523507586387 0.6100219297671967 11.376506721108706 3.935391517610857 0.7235276354453508
8.632210745293941 0.6188839626302595 0.6098022992824815 11.389839558979475 3.938777849736144 0.7239740667622888
8.635402013893165 0.6190156090577732 0.6095826001436668 11.403188160021259 3.9421654856452566 0.7244207887190524
8.638594411012035 0.6191472900541549 0.6093628323166974 11.41655254299243 3.9455544258293527 0.7248678015184866
8.641787936994191 0.6192790056332752 0.6091429957660103 11.429932726763946 3.948944670802611 0.7253151053666075
8.644982592160051 0.6194107558080544 0.6089230904576133 11.443328730132082 3.9523362210547344 0.7257627004663356
8.648178376853886 0.6195425405924047 0.6087031163558467 11.456740572015685 3.955729077100934 0.7262105870240909
8.651375291396723 0.6196743599992872 0.6084830734266234 11.470168271258734 3.9591232394319236 0.7266587652431942
8.654573336131131 0.61980621404256 0.6082629616343461 11.483611846818313 3.962518708561469 0.7271072353301438
8.657772511381086 0.6199381027353219 0.6080427809446708 11.497071317596067 3.9659154849837783 0.7275559974889896
8.660972817485112 0.6200700260912795 0.6078225313222255 11.510546702577509 3.9693135692086865 0.7280050519259794
8.664174254772488 0.6202019841237661 0.6076022127322465 11.52403802073204 3.9727129617363977 0.7284543988462242
8.667376823575331 0.6203339768462407 0.607381825139748 11.537545291063731 3.976113663070308 0.7289040384553905
8.670580524230576 0.6204660042723678 0.6071613685093864 11.551068532619793 3.979515673719114 0.7293539709599804
8.673785357061563 0.6205980664152604 0.606940842806725 11.564607764412886 3.9829189941772594 0.7298041965647463
8.676991322411885 0.6207301632888735 0.6067202479959075 11.578163005564054 3.986323624960878 0.7302547154774439
8.6801984206039 0.6208622949062959 0.6064995840425106 11.591734275127493 3.9897295665637365 0.7307055279030058
8.683406651976362 0.6209944612812992 0.6062788509109559 11.605321592249641 3.993136819497199 0.7311566340488277
8.686616016862716 0.6211266624274447 0.6060580485660031 11.618924976077423 3.99654538426717 0.7316080341217186
8.689826515587011 0.6212588983579147 0.6058371769730311 11.632544445740894 3.999955261369764 0.7320597283273258
8.693038148491917 0.6213911690866665 0.6056162360961095 11.646180020472078 4.003366451321056 0.7325117168740768
8.696250915904638 0.6215234746270284 0.6053952259003453 11.659831719460415 4.006778954620879 0.7329639999683825
8.699464818155883 0.6216558149924815 0.6051741463505766 11.673499561933228 4.010192771772972 0.733416577817307
8.702679855584655 0.6217881901968563 0.604952997411043 11.687183567176234 4.01360790329007 0.7338694506292438
8.705896028517946 0.6219206002534966 0.6047317790467835 11.700883754447137 4.017024349672335 0.7343226186110546
8.709113337287873 0.6220530451759658 0.6045104912224565 11.71460014304858 4.020442111425559 0.7347760819704839
8.71233178223238 0.6221855249780753 0.6042891339022918 11.728332752331234 4.0238611890619085 0.7352298409162586
8.715551363680918 0.6223180396732948 0.6040677070510758 11.74208160163276 4.027281583084716 0.7356838956560701
8.718772081961678 0.6224505892750504 0.6038462106336543 11.755846710308601 4.030703293996158 0.7361382463975917
8.721993937414219 0.6225831737972446 0.6036246446140623 11.769628097786054 4.034126322310677 0.7365928933502632
8.725216930370882 0.6227157932534905 0.6034030089568048 11.78342578348487 4.0375506685352365 0.7370478367226674
8.728441061157321 0.6228484476571345 0.6031813036268179 11.79723978681945 4.040976333169875 0.7375030767226046
8.731666330110633 0.6229811370220023 0.6029595285882231 11.811070127276514 4.044403316726982 0.7379586135596523
8.73489273756544 0.623113861361826 0.6027376838052839 11.824916824355604 4.047831619716505 0.7384144474432014
8.738120283854162 0.6232466206902547 0.6025157692423883 11.838779897570207 4.051261242646235 0.7388705785824938
8.741348969303367 0.6233794150207059 0.6022937848642971 11.852659366432086 4.054692186017936 0.739327007186107
8.744578794249607 0.623512244367016 0.6020717306350574 11.866555250519326 4.058124450344169 0.7397837334641917
8.747809759027303 0.6236451087429412 0.6018496065188349 11.88046756942437 4.061558036135418 0.74024075762676
8.751041863968922 0.6237780081621667 0.6016274124799009 11.894396342754797 4.064992943900279 0.7406980798837122
8.754275109406773 0.6239109426383788 0.60140514848251 11.90834159014101 4.06842917414737 0.7411557004450877
8.757509495667264 0.62404391218503 0.6011828144912936 11.922303331211523 4.071866727379227 0.7416136195202546
8.760745023089402 0.6241769168160989 0.6009604104699893 11.93628158567279 4.075305604111963 0.7420718373205272
8.763981692005697 0.6243099565453054 0.6007379363827525 11.950276373226897 4.078745804854977 0.7425303540564648
8.767219502748663 0.6244430313863781 0.6005153921937108 11.964287713599598 4.082187330117863 0.7429891699387903
8.770458455650846 0.6245761413530551 0.60029277786696 11.978315626540462 4.085630180410439 0.7434482851783952
8.773698551044792 0.624709286459083 0.6000700933665682 11.99236013182277 4.089074356242709 0.7439076999863348
8.776939789258757 0.6248424667180407 0.5998473386568698 12.006421249224942 4.092519858120315 0.7443674145732209
8.780182170629597 0.6249756821438688 0.5996245137015793 12.02049899858646 4.095966686558225 0.7448274291510487
8.78342569549021 0.6251089327503537 0.5994016184646551 12.034593399753449 4.099414842067393 0.7452877439314168
8.786670364173206 0.6252422185512786 0.5991786529100471 12.048704472594618 4.102864325158658 0.7457483591260476
8.789916177011184 0.6253755395604343 0.5989556170016759 12.062832237002512 4.106315136343039 0.7462092749468279
8.793163134336774 0.6255088957916222 0.5987325107034328 12.076976712893675 4.10976727613178 0.7466704916058126
8.796411236482609 0.6256422872586513 0.5985093339791795 12.091137920208586 4.113220745036319 0.7471320093152228
8.799660483781343 0.6257757139753412 0.5982860867927468 12.105315878911794 4.116675543568311 0.7475938282874487
8.80291087656564 0.625909175955519 0.5980627691079379 12.11951060899182 4.120131672239611 0.748055948735046
8.806162415168169 0.6260426732130219 0.5978393808885247 12.133722130461258 4.123589131562273 0.7485183708707382
8.809415099921605 0.6261762057616951 0.5976159220982514 12.147950463356757 4.127047922048552 0.7489810949074153
8.812668931157837 0.6263097736153608 0.5973923927008855 12.16219562773558 4.1305080442100595 0.749444121058021
8.815923909210174 0.6264433767879073 0.5971687926600702 12.176457643685307 4.133969498560107 0.7499074495358679
8.819180034411836 0.6265770152932285 0.5969451219394236 12.190736531317262 4.137432285612113 0.7503710805544219
8.82243730709557 0.626710689145207 0.5967213805025692 12.205032310764853 4.140896405879178 0.7508350143272483
8.825695727594105 0.6268443983577341 0.5964975683131005 12.219345002185621 4.144361859874586 0.7512992510680776
8.828955296240203 0.6269781429447102 0.5962736853345818 12.233674625761429 4.147828648111841 0.7517637909908103
8.832216013366613 0.6271119229200444 0.5960497315305472 12.24802120169836 4.151296771104638 0.7522286343095134
8.835477879306124 0.6272457382976557 0.5958257068645003 12.262384750226934 4.154766229366902 0.7526937812384261
8.838740894391506 0.6273795890914718 0.5956016112999153 12.276765291601919 4.158237023412737 0.7531592319919534
8.84200505895478 0.6275134753153976 0.5953774448002902 12.291162846099075 4.161709153755643 0.7536249867845596
8.845270373328603 0.6276473969833732 0.595153207329048 12.305577434021371 4.165182620909996 0.754091045830969
8.848536837846405 0.6277813541093791 0.5949288988495308 12.320009075699552 4.168657425391186 0.7545574093461827
8.851804452841007 0.6279153467073795 0.5947045193250922 12.334457791486129 4.172133567714154 0.7550240775452843
8.855073218645243 0.6280493747913479 0.5944800687190559 12.348923601758118 4.175611048394049 0.7554910506435271
8.858343135591957 0.6281834383752675 0.5942555469947146 12.363406526917066 4.17908986794623 0.7559583288563337
8.861614204014009 0.6283175374731299 0.5940309541153319 12.377906587389122 4.182570026886268 0.7564259123992991
8.864886424244249 0.6284516720989363 0.5938062900441404 12.39242380362492 4.186051525729924 0.7568938014881842
8.868159796615547 0.6285858422666966 0.5935815547443433 12.406958196099783 4.189534364993173 0.7573619963389225
8.871434321460795 0.628720047990431 0.5933567481791119 12.42150978531372 4.193018545192213 0.7578304971676197
8.874709999112872 0.6288542892841681 0.593131870311588 12.436078591791356 4.196504066843427 0.7582993041905496
8.877986829903746 0.6289885661619076 0.5929069211049476 12.450664636077887 4.199990930462426 0.7587684176240238
8.881264814163053 0.6291228786375629 0.5926819005224954 12.465267938732836 4.20347913656254 0.7592378376841906
8.884543952227599 0.6292572267253498 0.5924568085270154 12.479888520372375 4.206968685664922 0.7597075645883942
8.887824244430297 0.6293916104393339 0.5922316450815281 12.494526401620128 4.2104595782867875 0.7601775985535918
8.891105691104087 0.6295260297935906 0.5920064101490222 12.509181603124624 4.2139518149455775 0.760647939796915
8.894388292581905 0.6296604848022039 0.5917811036924571 12.523854145559188 4.217445396158926 0.7611185885356642
8.897672049196283 0.6297949754792508 0.5915557256747891 12.53854404962023 4.220940322444241 0.7615895449872541
8.900956961273968 0.6299295018385798 0.5913302760593421 12.553251336003079 4.224436594312971 0.7620608093684383
8.904243029154221 0.6300640638945612 0.5911047548085505 12.567976025484027 4.2279342122900845 0.7625323818979379
8.90753025317001 0.6301986616613162 0.5908791618852511 12.582718138836139 4.2314331768940505 0.7630042627937411
8.910818633654326 0.6303332951529766 0.5906534972522484 12.59747769685758 4.2349334886435654 0.7634764522740117
8.91410817093768 0.6304679643835814 0.5904277608724863 12.612254720360387 4.238435148054888 0.7639489505567291
8.91739886534935 0.630602669367128 0.5902019527089637 12.627049230176024 4.241938155643163 0.764421757859865
8.920690717228192 0.630737410118015 0.5899760727239923 12.64186124720412 4.245442511933933 0.7648948744029411
8.9239837269072 0.6308721866504107 0.5897501208802539 12.656690792343076 4.2489482174467055 0.7653683004048082
8.927277894716976 0.6310069989783937 0.589524097140566 12.67153788650561 4.252455272698637 0.7658420360841448
8.93057322098544 0.6311418471159426 0.5892980014678983 12.686402550617494 4.255963678204238 0.7663160816594158
8.93386970605281 0.6312767310775482 0.5890718338243468 12.701284805685162 4.259473434491309 0.7667904373510281
8.937167350252109 0.631411650877416 0.5888455941724702 12.716184672707849 4.262984542080197 0.7672651033785264
8.940466153908975 0.6315466065294588 0.5886192824753029 12.731102172676652 4.266497001483588 0.7677400799605647
8.94376611736001 0.6316815980480466 0.5883928986950971 12.746037326657461 4.270010813226043 0.768215367317548
8.947067240941776 0.6318166254475573 0.5881664427940768 12.760990155741393 4.273525977832287 0.7686909656700499
8.950369524982094 0.6319516887420207 0.5879399147350346 12.775960681005293 4.277042495817941 0.7691668752375573
8.953672969812253 0.6320867879456168 0.587713314480495 12.790948923567079 4.280560367702521 0.7696430962402305
8.95697757577199 0.6322219230728816 0.5874866419923711 12.805954904608422 4.284079594014746 0.7701196288996217
8.96028334318851 0.6323570941378466 0.5872598972334061 12.820978645279553 4.28760017527019 0.7705964734356491
8.963590272393386 0.6324923011547321 0.5870330801660111 12.836020166775986 4.29112211198929 0.771073630069036
8.966898363726727 0.6326275441381163 0.5868061907519816 12.85107949035759 4.294645404701774 0.7715510990219108
8.970207617512271 0.6327628231019176 0.5865792289542048 12.866156637235258 4.29817005392014 0.772028880514214
8.97351803408757 0.6328981380606279 0.5863521947345898 12.881251628708322 4.301696060171809 0.7725069747680544
8.976829613789468 0.6330334890287204 0.5861250880550618 12.896364486098573 4.305223423983647 0.7729853820056143
8.98014235693776 0.6331688760199798 0.5858979088786854 12.911495230675577 4.308752145864574 0.7734641024467871
8.983456263879303 0.633304299049307 0.5856706571666379 12.926643883858125 4.3122822263525356 0.773943136315552
8.98677133493817 0.6334397581306809 0.5854433328816264 12.941810466986649 4.315813665961421 0.7744224838327711
8.99008757044964 0.6335752532785474 0.58521593598556 12.956995001478486 4.319346465217256 0.7749021452211012
8.993404970749737 0.6337107845073924 0.5849884664402648 12.972197508780184 4.322880624647074 0.7753821207034826
8.996723536162218 0.6338463518312105 0.5847609242083758 12.98741801030788 4.326416144765046 0.7758624105012579
9.00004326703285 0.6339819552649044 0.5845333092509887 13.00265652760443 4.329953026108999 0.7763430148391296
9.003364163678032 0.6341175948221867 0.5843056215311799 13.017913082103766 4.333491269185676 0.7768239339377253
9.00668622644669 0.6342532705181081 0.5840778610097652 13.033187695415105 4.337030874536688 0.7773051680225593
9.01000945565807 0.6343889823665166 0.5838500276495635 13.048480389037161 4.340571842672232 0.7777867173150235
9.013333851655911 0.6345247303822701 0.5836221214116822 13.06379118460727 4.344114174128809 0.7782685820402354
9.016659414763376 0.6346605145793955 0.5833941422586085 13.079120103694006 4.347657869421205 0.7787507624205069
9.01998614532155 0.6347963349726611 0.5831660901515686 13.094467167974532 4.351202929083512 0.7792332586809251
9.023314043654992 0.6349321915761702 0.5829379650528901 13.109832399075875 4.354749353632425 0.7797160710443592
9.026643110104674 0.6350680844047054 0.5827097669237437 13.125215818726838 4.358297143602335 0.7801991997362344
9.029973344993994 0.6352040134723422 0.582481495726472 13.140617448601214 4.361846299509118 0.7806826449796064
9.033304748666362 0.6353399787939815 0.5822531514220158 13.156037310491396 4.365396821890186 0.7811664070006102
9.036637321441447 0.6354759803835657 0.5820247339729097 13.171475426106136 4.36894871125786 0.7816504860221145
9.039971063666767 0.6356120182561829 0.5817962433397474 13.186931817309354 4.3725019681543555 0.7821348822712098
9.043305975658434 0.6357480924256492 0.5815676794852438 13.20240650584563 4.376056593088622 0.7826195959706019
9.04664205776406 0.6358842029070763 0.5813390423699231 13.21789951363192 4.379612586603399 0.7831046273477533
9.049979310306037 0.6360203497145559 0.5811103319560044 13.233410862494448 4.383169949214753 0.7835899766266397
9.053317733621846 0.6361565328628052 0.580881548204642 13.248940574355828 4.386728681455048 0.7840756440336085
9.056657328045333 0.6362927523664028 0.5806526910772059 13.264488671148186 4.390288783852987 0.7845616297946589
9.059998093901205 0.6364290082395646 0.5804237605356607 13.280055174787476 4.393850256927743 0.7850479341346388
9.063340031533398 0.6365653004972999 0.580194756540621 13.295640107305655 4.397413101219197 0.7855345572813741
9.066683141263193 0.6367016291537043 0.5799656790542211 13.311243490655556 4.400977317243295 0.7860214994595728
9.070027423429933 0.6368379942236196 0.5797365280373254 13.32686534690073 4.404542905535454 0.7865087608967524
9.073372878368858 0.6369743957217299 0.5795073034510467 13.342505698112184 4.408109866626927 0.7869963418200135
9.07671950639998 0.6371108336621084 0.579278005257509 13.358164566316246 4.411678201032948 0.7874842424544175
9.080067307868806 0.6372473080598775 0.5790486334170567 13.373841973685067 4.415247909296145 0.7879724630289219
9.083416283104553 0.6373838189295054 0.578819187891118 13.389537942341272 4.418818991941996 0.7884610037702905
9.086766432432182 0.6375203662852964 0.5785896686413794 13.405252494414114 4.422391449491652 0.7889498649048464
9.090117756194253 0.6376569501422824 0.5783600756282892 13.420985652142097 4.425965282485249 0.7894390466616623
9.093470254720865 0.6377935705149972 0.578130408813117 13.436737437731988 4.429540491449846 0.7899285492681721
9.096823928336102 0.637930227417739 0.577900668157511 13.452507873389031 4.433117076906308 0.7904183729511142
9.100178777382492 0.6380669208655682 0.5776708536218234 13.468296981431955 4.436695039395382 0.7909085179401008
9.103534802192154 0.63820365087313 0.5774409651670869 13.484104784157408 4.440274379446933 0.7913989844634061
9.10689200308782 0.6383404174546983 0.5772110027549431 13.499931303844638 4.443855097581029 0.7918897727481145
9.1102503804095 0.6384772206252598 0.5769809663458182 13.515776562881186 4.447437194336383 0.7923808830240169
9.11360993449111 0.6386140603995636 0.5767508559005226 13.531640583652852 4.451020670245429 0.7928723155201971
9.116970665663118 0.6387509367922279 0.5765206713800689 13.54752338855609 4.454605525837135 0.793364070465416
9.120332574250966 0.6388878498176768 0.5762904127457819 13.56342499999058 4.45819176163533 0.7938561480878821
9.123695660595347 0.6390247994909649 0.5760600799579076 13.579345440455105 4.461779378180328 0.7943485486182181
9.127059925028366 0.6391617858268074 0.575829672977248 13.59528473243494 4.465368376003499 0.7948412722859733
9.130425367882115 0.6392988088399291 0.5755991917645716 13.611242898442407 4.468958755636421 0.7953343193208787
9.133791989480136 0.6394358685447166 0.5753686362812 13.627219960976328 4.472550517601765 0.795827689951595
9.137159790163183 0.6395729649562675 0.5751380064872422 13.643215942644359 4.476143662440788 0.7963213844094887
9.14052877026349 0.6397100980893424 0.574907302343357 13.659230866040934 4.479738190685873 0.796815402924862
9.143898930113119 0.6398472679587056 0.5746765238101816 13.675264753786918 4.483334102869441 0.7973097457281756
9.14727027004396 0.6399844745791237 0.5744456708483325 13.691317628529589 4.48693139952395 0.797804413050049
9.15064279038129 0.640121717965105 0.5742147434188432 13.707389512912016 4.490530081175025 0.798299405120316
9.154016491464398 0.6402589981317379 0.5739837414817563 13.723480429671312 4.494130148363453 0.7987947221710505
9.157391373625325 0.6403963150938262 0.5737526649975764 13.739590401537464 4.497731601622518 0.7992903644334477
9.160767437196087 0.6405336688661829 0.5735215139267744 13.755719451267728 4.501334441485695 0.7997863321388845
9.16414468250872 0.6406710594636316 0.5732902882297884 13.771867601646877 4.504938668486701 0.8002826255189253
9.167523109895226 0.6408084869010053 0.5730589878670238 13.788034875486996 4.50854428315944 0.8007792448053154
9.170902719684804 0.6409459511930331 0.5728276127990439 13.8042212956142 4.512151286035044 0.8012761902295722
9.174283512210234 0.6410834523546 0.5725961629861336 13.820426884899302 4.515759677648692 0.8017734620239267
9.177665487805854 0.6412209904006645 0.5723646383884362 13.836651666248123 4.5193694585374455 0.8022710604210236
9.181048646803646 0.6413585653461 0.5721330389662228 13.85289566258283 4.522980629236078 0.8027689856533479
9.184432989535582 0.6414961772057893 0.5719013646797312 13.86915889685315 4.526593190279572 0.8032672379535695
9.18781851633363 0.6416338259946257 0.5716696154891652 13.88544139203648 4.530207142203132 0.8037658175545439
9.191205227529748 0.6417715117275123 0.5714377913546947 13.901743171137825 4.533822485542173 0.8042647246893113
9.194593123455876 0.6419092344193622 0.5712058922364572 13.918064257189883 4.537439220832318 0.8047639595910971
9.197982204443951 0.642046994085098 0.5709739180945561 13.934404673253075 4.5410573486094075 0.8052635224933127
9.201372470825914 0.642184790739654 0.5707418688890592 13.950764442415654 4.544676869409513 0.8057634136295571
9.204763922933674 0.6423226243979726 0.5705097445800029 13.96714358779354 4.548297783768897 0.806263633233612
9.208156561099148 0.6424604950750074 0.5702775451273892 13.983542132530568 4.551920092224055 0.8067641815394481
9.211550385654228 0.6425984027857213 0.570045270491186 13.999960099798358 4.555543795311681 0.8072650587812198
9.214945396930812 0.6427363475450882 0.5698129206313272 14.016397512796505 4.559168893568703 0.8077662651932712
9.218341595260771 0.6428743293680913 0.5695804955077132 14.032854394752427 4.562795387532244 0.8082678010101295
9.221738980975937 0.6430123482697225 0.5693479950802132 14.049330768921385 4.566423277739613 0.8087696664665055
9.225137554408306 0.6431504042649911 0.5691154193086498 14.065826658587445 4.57005256472852 0.8092718617973216
9.228537315889588 0.6432884973689054 0.568882768152831 14.082342087061388 4.573683249036598 0.8097743872376478
9.231938265751666 0.6434266275964908 0.5686500415725178 14.098877077682944 4.577315331201892 0.8102772430227682
9.235340404326376 0.6435647949627822 0.5684172395274394 14.115431653819767 4.580948811762623 0.8107804293881492
9.23874373194552 0.6437029994828228 0.5681843619772932 14.132005838867498 4.584583691257204 0.8112839465694411
9.242148248940913 0.6438412411716677 0.5679514088817393 14.148599656250086 4.588219970224288 0.8117877948024862
9.245553955644347 0.6439795200443813 0.5677183802004062 14.165213129419612 4.591857649202738 0.8122919743233129
9.2489608523876 0.6441178361160381 0.5674852758928869 14.181846281856373 4.595496728731626 0.8127964853681375
9.252368939502452 0.6442561894017234 0.5672520959187403 14.198499137068978 4.599137209350253 0.8133013281733662
9.25577821732065 0.6443945799165318 0.5670188402374906 14.215171718594279 4.602779091598122 0.813806502975592
9.25918868617395 0.6445330076755692 0.5667855088086287 14.231864049997506 4.606422376014968 0.8143120100115978
9.26260034639408 0.6446714726939508 0.5665521015916095 14.248576154872236 4.61006706314073 0.8148178495183552
9.266013198312772 0.6448099749868027 0.5663186185458543 14.265308056840468 4.613713153515578 0.8153240217330257
9.269427242261726 0.6449485145692606 0.56608505963075 14.282059779552595 4.617360647679883 0.815830526892958
9.272842478572644 0.645087091456471 0.5658514248056491 14.29883134668752 4.621009546174246 0.8163373652356922
9.27625890757619 0.6452257056635491 0.5656177140299385 14.315622781947617 4.624659849538393 0.8168445369988059
9.279676529600465 0.6453643572055168 0.5653839272631456 14.332434109051226 4.6283115583095364 0.8173520424196868
9.283095344981351 0.6455030460977227 0.5651500644642297 14.349265351783615 4.631964673033442 0.8178598817370715
9.286515354050506 0.6456417723553546 0.5649161255924035 14.36611653393794 4.635619194251589 0.8183680551892599
9.289936557139555 0.64578053599361 0.5646821106068463 14.38298767933594 4.639275122505658 0.8188765630147409
9.293358954580118 0.6459193370276971 0.5644480194667014 14.399878811828037 4.642932458337553 0.819385405452194
9.296782546703783 0.6460581754728337 0.5642138521310797 14.41678995529331 4.64659120228938 0.8198945827404875
9.300207333836884 0.646197051344035 0.5639796085594151 14.433721133613638 4.65025135489786 0.8204040951179
9.303633316313459 0.6463359646566403 0.5637452887105782 14.450672370737813 4.653912916708185 0.82091394282405
9.307060494467505 0.6464749154259979 0.5635108925434066 14.467643690643374 4.657575888265735 0.821424126098743
9.310488868630571 0.6466139036673673 0.5632764200168703 14.484635117324641 4.661240270113507 0.8219346451816139
9.313918439134177 0.6467529293960183 0.5630418710899037 14.501646674804785 4.664906062794703 0.8224455003124869
9.317349206303371 0.6468919926269693 0.5628072457218491 14.518678387103819 4.668573266845842 0.8229566917304163
9.320781170472744 0.6470310933756362 0.5625725438713596 14.535730278318097 4.672241882813877 0.8234682196760711
9.324214331976794 0.647170231657443 0.5623377654970575 14.552802372572664 4.675911911245899 0.8239800843903021
9.327648691146988 0.6473094074877008 0.5621029105577379 14.569894694006594 4.679583352685996 0.8244922861137023
9.331084248309715 0.6474486208815268 0.561867979012505 14.587007266762805 4.683256207673058 0.8250048250863024
9.334521003795253 0.6475878718542063 0.5616329708201624 14.604140115032711 4.686930476750376 0.8255177015489072
9.337958957940868 0.6477271604213194 0.5613978859389981 14.621293263071793 4.690606160468945 0.82603091574356
9.341398111077964 0.6478664865982195 0.561162724327665 14.638466735135585 4.694283259373727 0.826544467911625
9.344838463528742 0.6480058503998983 0.5609274859454089 14.655660555462902 4.697961774000087 0.827058358293287
9.348280015630213 0.6481452518419588 0.5606921707504263 14.672874748395826 4.701641704899461 0.8275725871311381
9.351722767716897 0.6482846909399141 0.5604567787010465 14.690109338293421 4.705323052620858 0.8280871546675953
9.35516672011504 0.6484241677089532 0.5602213097561298 14.707364349502713 4.7090058177046785 0.8286020611440345
9.358611873152318 0.6485636821643346 0.5599857638744001 14.724639806407255 4.71269000069309 0.8291173068022412
9.36205822716839 0.648703234321813 0.5597501410137262 14.741935733480172 4.716375602141316 0.8296328918859904
9.365505782490425 0.6488428241966487 0.5595144411327937 14.759252155161454 4.720062622591459 0.8301488166373854
9.368954539442983 0.6489824518040079 0.5592786641904296 14.776589095907454 4.723751062583073 0.830665081298335
9.372404498367745 0.6491221171597608 0.5590428101442538 14.793946580290154 4.727440922674261 0.8311816861135086
9.375855659589677 0.6492618202791122 0.5588068789529915 14.811324632827116 4.731132203405491 0.8316986313252703
9.379308023436481 0.6494015611773897 0.5585708705751439 14.828723278079257 4.734824905320396 0.8322159171765912
9.382761590248737 0.6495413398704525 0.5583347849682951 14.84614254070209 4.738519028976625 0.8327335439125698
9.386216360346031 0.6496811563733221 0.5580986220914266 14.863582445274973 4.74221457490961 0.833251511775356
9.38967233406553 0.6498210107017427 0.557862381902281 14.88104301649571 4.745911543673834 0.8337698210099332
9.393129511741346 0.6499609028713466 0.5576260643587725 14.898524279076542 4.749609935820753 0.8342884718610265
9.396587893691109 0.6501008328971095 0.5573896694199056 14.91602625767612 4.753309751884429 0.8348074645710847
9.400047480261222 0.6502408007951843 0.5571531970426787 14.933548977128588 4.7570109924299535 0.8353267993870757
9.403508271769917 0.6503808065805944 0.55691664718598 14.951092462155328 4.76071365799252 0.8358464765519353
9.40697026855489 0.6505208502691623 0.5566800198073287 14.968656737606281 4.764417749128386 0.8363664963117226
9.410433470946051 0.6506609318764074 0.5564433148647399 14.986241828321903 4.768123266385728 0.8368868589115259
9.413897879268497 0.6508010514176656 0.5562065323165184 15.003847759148192 4.771830210307811 0.8374075645959105
9.417363493863267 0.6509412089089294 0.5559696721198429 15.021474555042234 4.775538581455205 0.8379286136120376
9.420830315045603 0.651081404365159 0.5557327342336175 15.039122240859967 4.77924838036112 0.8384500062033892
9.424298343164205 0.6512216378026798 0.5554957186144209 15.056790841657751 4.7829596075948135 0.8389717426186797
9.427767578529437 0.6513619092362783 0.5552586252214153 15.074480382326845 4.786672263684762 0.8394938231010577
9.43123802149164 0.651502218682369 0.5550214540109921 15.092190887992452 4.79038634920247 0.840016247899886
9.434709672362832 0.6516425661558285 0.5547842049421238 15.109922383614553 4.7941018646786775 0.8405390172589623
9.438182531490623 0.6517829516729844 0.5545468779713124 15.127674894365084 4.797818810682457 0.8410621314276427
9.44165659918828 0.6519233752487869 0.5543094730573698 15.145448445270793 4.801537187746372 0.8415855906503122
9.445131875803463 0.6520638368995887 0.554071990156718 15.163243061564703 4.8052569964400496 0.84210939517674
9.448608361647857 0.6522043366402999 0.5538344292282005 15.181058768326036 4.808978237294849 0.8426335452514742
9.452086057071226 0.6523448744873811 0.55359679022802 15.19889559085952 4.812700910883144 0.8431580411250053
9.455564962383287 0.6524854504556868 0.553359073115077 15.216753554295034 4.816425017734683 0.8436828830419879
9.459045077933135 0.652626064561674 0.5531212778455435 15.234632683994954 4.820150558421617 0.8442080712532176
9.46252640403589 0.6527667168204384 0.552883404377875 15.252533005177778 4.823877533479975 0.8447336060045672
9.466008941032005 0.652907407248112 0.5526454526687562 15.270454543222726 4.827605943473156 0.8452594875459348
9.469492689246591 0.6530481358602178 0.5524074226758826 15.288397323460753 4.83133578894838 0.8457857161251064
9.472977649008548 0.653188902672444 0.5521693143566525 15.306361371272914 4.835067070457174 0.8463122919906422
9.476463820655912 0.6533297077008599 0.5519311276678011 15.324346712118063 4.838799788561096 0.8468392153926863
9.479951204503088 0.6534705509605918 0.5516928625676384 15.342353371363883 4.842533943796655 0.8473664865780157
9.483439800896647 0.6536114324680775 0.5514545190122393 15.360381374574821 4.846269536735046 0.8478941057984734
9.486929610155544 0.6537523522386508 0.551216096959527 15.378430747203504 4.8500065679181485 0.8484220733019299
9.490420632612636 0.6538933102882193 0.5509775963664347 15.396501514805218 4.8537450379029785 0.8489503893385635
9.493912868604642 0.6540343066328582 0.5507390171895941 15.414593702986185 4.857484947250937 0.8494790541593417
9.497406318444856 0.654175341287709 0.5505003593871973 15.432707337262139 4.861226296498591 0.8500080680118899
9.500900982478232 0.6543164142692034 0.5502616229152351 15.450842443343838 4.864969086216668 0.8505374311488317
9.504396861032152 0.6544575255930754 0.5500228077308598 15.468999046882017 4.868713316957326 0.8510671438203365
9.507893954425402 0.6545986752747245 0.5497839137917709 15.487177173513658 4.872458989263769 0.8515972062754749
9.511392263000676 0.6547398633305267 0.5495449410539965 15.505376849031068 4.876206103705061 0.8521276187671459
9.514891787084345 0.6548810897762117 0.5493058894746403 15.523598099172851 4.879954660833037 0.8526583815459816
9.518392526996482 0.6550223546272669 0.5490667590111964 15.541840949675867 4.883704661193039 0.8531894948618634
9.521894483078487 0.6551636579000523 0.5488275496196636 15.560105426419259 4.887456105353504 0.8537209589681137
9.525397655659477 0.6553049996104445 0.5485882612568391 15.578391555249455 4.891208993869972 0.8542527741163995
9.528902045055085 0.6554463797737885 0.5483488938804025 15.596699361973677 4.894963327283789 0.8547849405565463
9.532407651607869 0.655587798406527 0.5481094474461551 15.615028872570988 4.898719106165399 0.8553174585426728
9.53591447564713 0.6557292555245808 0.5478699219107632 15.63338011298267 4.902476331071303 0.8558503283270947
9.539422517495849 0.6558707511436271 0.5476303172312859 15.651753109148212 4.906235002551481 0.8563835501613728
9.54293177748266 0.6560122852795846 0.5473906333643556 15.67014788706809 4.909995121162233 0.8569171242981345
9.54644225594316 0.6561538579486634 0.5471508702660902 15.688564472810715 4.913756687467567 0.857451050991273
9.549953953206252 0.6562954691668171 0.5469110278930254 15.70700289244097 4.91751970202458 0.8579853304938729
9.553466869594283 0.656437118949747 0.546671106202103 15.725463172020778 4.921284165383603 0.8585199630582289
9.55698100543816 0.6565788073135115 0.5464311051496418 15.743945337688547 4.925050078104392 0.8590549489381454
9.560496361071467 0.6567205342742891 0.5461910246917376 15.762449415628408 4.92881744074983 0.859590288388044
9.564012936822978 0.6568622998480774 0.545950864784774 15.780975432030884 4.932586253877908 0.8601259816618227
9.567530733020273 0.6570041040508376 0.5457106253851761 15.79952341311186 4.93635651804559 0.860662029013407
9.57104974998481 0.6571459468982969 0.5454703064497477 15.8180933850866 4.9401282338035415 0.8611984306959974
9.574569988053995 0.657287828406837 0.5452299079341626 15.836685374286255 4.943901401719775 0.8617351869654346
9.578091447556469 0.6574297485924996 0.544989429794653 15.855299407027587 4.947676022353174 0.8622722980764339
9.581614128820828 0.6575717074713364 0.544748871987414 15.873935509658942 4.9514520962628294 0.8628097642839129
9.585138032175644 0.6577137050594108 0.5445082344686017 15.892593708560417 4.9552296240080675 0.8633475858429961
9.588663157943778 0.6578557413725684 0.544267517194722 15.911274030113741 4.959008606142352 0.8638857630081455
9.592189506457682 0.657997816427054 0.5440267201215848 15.929976500783392 4.962789043229691 0.8644242960354986
9.595717078047896 0.6581399302390474 0.5437858432050908 15.948701147055726 4.9665709358323 0.8649631851811107
9.599245873042848 0.6582820828246564 0.5435448864012434 15.967447995437997 4.970354284510396 0.8655024307009272
9.602775891770946 0.6584242741999998 0.5433038496660076 15.986217072469358 4.974139089824433 0.8660420328510999
9.606307134560543 0.6585665043812075 0.5430627329553102 16.005008404720833 4.977925352335072 0.8665819918879853
9.609839601739973 0.6587087733844207 0.5428215362250399 16.02382201879547 4.9817130726032115 0.8671223080681472
9.613373293635366 0.6588510812257045 0.5425802594311938 16.04265794131675 4.985502251187654 0.8676629816480244
9.616908210574415 0.6589934279211999 0.542338902529622 16.06151619894871 4.989292888649137 0.8682040128845069
9.620444352888416 0.6591358134872053 0.5420974654758869 16.080396818406857 4.993084985552527 0.8687454020352481
9.623981720905556 0.6592782379399065 0.5418559482257236 16.099299826422467 4.996878542459621 0.8692871493576382
9.62752031495398 0.6594207012955005 0.541614350734827 16.11822524975893 5.000673559932433 0.8698292551092738
9.631060135361798 0.6595632035701956 0.5413726729588545 16.137173115211855 5.004470038533207 0.8703717195479597
9.634601182457086 0.6597057447802112 0.5411309148534243 16.15614344960906 5.0082679788244135 0.870914542931707
9.638143456567882 0.659848324941778 0.5408890763741161 16.175136279810676 5.012067381368748 0.8714577255187362
9.641686958022177 0.6599909440711379 0.5406471574764705 16.194151632709065 5.015868246729122 0.8720012675674733
9.64523168714794 0.6601336021845441 0.5404051581159894 16.21318953522901 5.019670575468686 0.8725451693365545
9.648777644273098 0.6602762992982613 0.5401630782481355 16.232250014327676 5.023474368150818 0.8730894310848237
9.652324829725528 0.6604190354285648 0.5399209178283331 16.25133309699459 5.027279625339101 0.873634053071332
9.655873243833089 0.6605618105917425 0.5396786768119665 16.27043881025184 5.031086347597374 0.8741790355553415
9.65942288692358 0.6607046248040919 0.5394363551543824 16.289567181153917 5.0348945354896735 0.8747243787963205
9.662973759324778 0.6608474780819231 0.5391939528108876 16.308718236787936 5.038704189580283 0.8752700830539483
9.666525861364407 0.6609903704415568 0.5389514697367496 16.327892004273508 5.042515310433694 0.875816148588111
9.670079193370174 0.6611333018993263 0.5387089058871963 16.347088510763008 5.04632789861465 0.8763625756589086
9.67363375566972 0.6612762724715742 0.5384662612174183 16.366307783441297 5.050141954688093 0.876909364526645
9.677189548590665 0.6614192821746562 0.5382235356825645 16.38554984952608 5.053957479219214 0.8774565154518387
9.680746572460588 0.661562331024939 0.5379807292377459 16.404814736267742 5.057774472773426 0.8780040286952159
9.68430482760702 0.6617054190388001 0.5377378418380336 16.424102470949435 5.06159293591636 0.8785519045177129
9.687864314357453 0.6618485462326289 0.5374948734384597 16.443413080887147 5.065412869213877 0.879100143180477
9.691425033039344 0.661991712622826 0.5372518239940168 16.462746593429706 5.069234273232072 0.8796487449448654
9.69498698398011 0.662134918225804 0.5370086934596571 16.482103035958893 5.073057148537266 0.8801977100724476
9.698550167507118 0.6622781630579858 0.5367654817902948 16.501482435889343 5.076881495696 0.8807470388250014
9.70211458394771 0.6624214471358071 0.5365221889408022 16.52088482066876 5.080707315275056 0.881296731464519
9.705680233629169 0.662564770475714 0.5362788148660148 16.540310217777783 5.084534607841431 0.8818467882532013
9.709247116878752 0.6627081330941648 0.5360353595207258 16.559758654730164 5.088363373962361 0.8823972094534622
9.712815234022422 0.662851535007579 0.5357918228597749 16.579230159065947 5.0921936142039685 0.8829479953277352
9.716384585384162 0.6629949762323094 0.5355482048380944 16.598724758347668 5.096025329130522 0.883499146138365
9.719955171295128 0.6631384567850108 0.5353045054100833 16.61824248021046 5.099858519314265 0.8840506621490233
9.723526992082395 0.6632819766821867 0.5350607245303781 16.637783352300623 5.1036931853233325 0.8846025436229702
9.727100048073009 0.6634255359403533 0.5348168621535725 16.657347402297802 5.107529327726106 0.8851547908236808
9.73067433959396 0.6635691345760368 0.5345729182342229 16.67693465791485 5.111366947091179 0.8857074040148404
9.73424986697221 0.6637127726057768 0.534328892726843 16.696545146898043 5.1152060439873885 0.88626038346035
9.737826630534661 0.6638564500461226 0.534084785585909 16.71617889702695 5.119046618983787 0.8868137294243206
9.741404630600822 0.6640001669133411 0.5338405967663575 16.735835936074157 5.12288867264176 0.8873674421699398
9.744983867503436 0.6641439232242431 0.533596326222179 16.755516291918582 5.12673220553718 0.8879215219626616
9.748564341570313 0.664287718995455 0.5333519739076581 16.775219992445884 5.130577218240903 0.888475969067399
9.752146053128195 0.6644315542435739 0.5331075397771085 16.794947065569584 5.134423711322911 0.8890307837491197
9.75572900250377 0.6645754289852077 0.5328630237848037 16.814697539236754 5.138271685353407 0.8895859662730041
9.759313190018908 0.6647193432367848 0.5326184258853033 16.834471441401732 5.1421211408976975 0.8901415169037068
9.76289861599897 0.6648632970148868 0.532373746032885 16.85426880007197 5.145972078525116 0.890697435906645
9.766485280776113 0.6650072903363817 0.5321289841813194 16.874089643326375 5.14982449881257 0.8912537235485098
9.770073184676853 0.6651513232179249 0.5318841402847179 16.893933999246784 5.1536784023311935 0.891810380095342
9.773662328027646 0.6652953956761825 0.5316392142971527 16.913801895948687 5.157533789652331 0.8923674058133935
9.777252711143097 0.6654395077273583 0.5313942061734613 16.933693361516017 5.161390661334878 0.8929248009672999
9.780844334360406 0.6655836593885773 0.5311491158668945 16.953608424191877 5.16524901796228 0.893482565825425
9.78443719800648 0.6657278506765641 0.5309039433313626 16.973547112196623 5.1691088601072055 0.8940407006547596
9.788031302407344 0.6658720816080224 0.5306586885207917 16.993509453779946 5.172970188341661 0.8945992057223806
9.791626647875715 0.6660163521991346 0.5304133513899724 17.01349547715169 5.17683300322363 0.8951580812935178
9.795223234751113 0.6661606624671728 0.5301679318918219 17.033505210704973 5.180697305340176 0.8957173276377915
9.79882106335969 0.6663050124288863 0.5299224299801255 17.053538682793 5.184563095264283 0.8962769450229682
9.80242013402023 0.6664494021007424 0.5296768456091268 17.07359592176229 5.188430373561302 0.8968369337158928
9.806020447057723 0.6665938314994713 0.5294311787326026 17.093676956028233 5.192299140803532 0.8973972939845974
9.8096220028061 0.666738300642175 0.5291854293036747 17.11378181409059 5.196169397573161 0.8979580260987317
9.813224801587497 0.6668828095454972 0.5289395972762251 17.133910524417878 5.200041144439991 0.8985191303263349
9.81682884371853 0.6670273582258728 0.5286936826044684 17.15406311548216 5.203914381968172 0.8990806069348091
9.820434129537704 0.6671719467006292 0.5284476852410808 17.174239615912466 5.207789110745658 0.8996424561951919
9.824040659367032 0.6673165749864459 0.5282016051398197 17.1944400542803 5.211665331342972 0.9002046783761781
9.827648433521713 0.6674612430997432 0.5279554422548622 17.21466445915353 5.21554304432359 0.9007672737456243
9.831257452341369 0.6676059510579342 0.5277091965386748 17.234912859271624 5.219422250277531 0.9013302425754212
9.834867716144311 0.667750698877592 0.5274628679451331 17.255185283289347 5.223302949772187 0.9018935851343625
9.838479225251415 0.6678954865754057 0.5272164564278926 17.275481759910544 5.227185143377995 0.9024573016918674
9.842091979999857 0.6680403141687323 0.526969961939452 17.295802317965524 5.231068831683202 0.9030213925201259
9.845705980700703 0.6681851816738962 0.5267233844340466 17.316146986172676 5.234954015248272 0.9035858578874795
9.84932122768762 0.6683300891081413 0.5264767238643244 17.336515793412403 5.2388406946582515 0.9041506980660242
9.85293772128813 0.6684750364884795 0.5262299801833075 17.356908768565592 5.242728870491874 0.9047159133271261
9.85655546181341 0.6686200238312814 0.5259831533450884 17.37732594045588 5.24661854331058 0.9052815039398218
9.860174449606143 0.6687650511541944 0.5257362433015642 17.39776733811973 5.250509713709977 0.9058474701783022
9.863794684974849 0.6689101184735111 0.5254892500069183 17.418232990435836 5.254402382249231 0.9064138123116443
9.867416168255401 0.6690552258066339 0.5252421734134216 17.438722926472526 5.258296549517205 0.9069805306134305
9.8710388997687 0.6692003731703796 0.5249950134743219 17.459237175248706 5.262192216086952 0.907547625355131
9.8746628798359 0.6693455605815893 0.5247477701428036 17.479775765819856 5.266089382532088 0.9081150968084822
9.878288108790857 0.669490788057627 0.5245004433711395 17.50033872734875 5.269988049440178 0.90868294524744
9.881914586943113 0.6696360556148969 0.5242530331132152 17.52092608889555 5.273888217372934 0.9092511709423801
9.885542314636352 0.6697813632711853 0.5240055393205408 17.54153787974955 5.277789886929073 0.9098197741692576
9.889171292171614 0.669926711042584 0.5237579619474915 17.56217412899322 5.28169305866174 0.9103887551975739
9.892801519897862 0.6700720989471192 0.5235103009451251 17.582834866016857 5.2855977331759165 0.9109581143045725
9.896432998115104 0.67021752700087 0.5232625562677954 17.603520119967754 5.28950391102422 0.9115278517600507
9.900065727170924 0.6703629952218357 0.5230147278665627 17.62422992029962 5.293411592810736 0.9120979678414992
9.903699707366394 0.670508503626167 0.522766815695616 17.644964296236658 5.297320779089811 0.9126684628193407
9.907334939048633 0.6706540522318729 0.5225188197059554 17.665723277301336 5.301231470465618 0.913239336971457
9.910971422517376 0.6707996410550793 0.5222707398517683 17.686506892781257 5.30514366749165 0.9138105905685201
9.914609158120935 0.6709452701138716 0.5220225760838817 17.70731517227728 5.309057370773955 0.9143822238890645
9.918248146159048 0.6710909394244048 0.5217743283563898 17.72814814514824 5.312972580866613 0.9149542372042233
9.921888386977198 0.6712366490046798 0.5215259966202195 17.74900584105056 5.316889298373222 0.9155266307925523
9.92552988088148 0.671382398871135 0.5212775808289387 17.7698882894509 5.320807523855294 0.9160994049266453
9.929172628208093 0.6715281890414283 0.5210290809340157 17.79079552002433 5.324727257907024 0.9166725598840642
9.932816629273823 0.6716740195324552 0.5207804968881949 17.811727562370525 5.3286485011020215 0.9172460959395495
9.936461884402302 0.6718198903613996 0.5205318286437087 17.832684446164357 5.332571254021555 0.9178200133691511
9.940108393924286 0.6719658015457449 0.5202830761522558 17.85366620115773 5.336495517254857 0.9183943124502739
9.943756158147565 0.6721117531020705 0.5200342393670548 17.874672857006434 5.340421291366743 0.91896899345694
9.94740517741396 0.6722577450483318 0.5197853182389562 17.895704443598273 5.344348576958952 0.9195440566687653
9.951055452030676 0.6724037774011135 0.5195363127211252 17.91676099065777 5.34827737459626 0.9201195023601445
9.954706982329983 0.672549850178018 0.5192872227649703 17.937842528090105 5.352207684870725 0.9206953308096575
9.958359768637491 0.6726959633963961 0.5190380483223058 17.958949085798405 5.356139508367537 0.9212715422950702
9.962013811261416 0.6728421170729172 0.5187887893460872 17.980080693621424 5.360072845653456 0.9218481370916372
9.96566911054198 0.6729883112255457 0.5185394457870384 18.00123738161932 5.364007697329999 0.922425115479898
9.969325666792649 0.6731345458711904 0.5182900175976617 18.022419179733888 5.367944063970182 0.9230024777364064
9.97298348033411 0.6732808210270641 0.5180405047299189 18.043626117985013 5.3718819461550895 0.9235802241390892
9.97664255149949 0.6734271367108913 0.5177909071348767 18.06485822650123 5.375821344479506 0.9241583549680746
9.98030288059996 0.6735734929395335 0.5175412247650512 18.0861155353202 5.3797622595148775 0.9247368705002583
9.983964467961382 0.6737198897304547 0.5172914575719088 18.10739807460134 5.383704691848768 0.9253157710150924
9.987627313913453 0.6738663271012866 0.5170416055066077 18.128705874563025 5.387648642073173 0.9258950567928729
9.991291418768661 0.674012805068988 0.5167916685214312 18.15003896536017 5.3915941107618615 0.9264747281114105
9.99495678285079 0.6741593236509844 0.5165416465678443 18.17139737725006 5.39554109850107 0.9270547852505399
9.998623406489706 0.6743058828649587 0.51629153959685 18.19278114056216 5.399489605883886 0.9276352284912941
10.002291290002935 0.6744524827281161 0.5160413475602449 18.21419028559083 5.403439633490415 0.9282160581129922
10.005960433704765 0.674599123257547 0.515791070409998 18.23562484264825 5.4073911818975775 0.9287972743946771
10.009630837928933 0.6747458044711341 0.5155407080967044 18.25708484219701 5.411344251703547 0.9293788776187089
10.01330250299704 0.6748925263862904 0.5152902605717375 18.278570314665846 5.415298843493729 0.9299608680657657
10.016975429220539 0.6750392890200375 0.5150397277871169 18.300081290460927 5.419254957842905 0.9305432460151528
10.02064961692663 0.6751860923900423 0.5147891096937379 18.32161780011759 5.423212595343127 0.9311260117489117
10.024325066441417 0.6753329365139428 0.5145384062425226 18.343179874201894 5.4271717565855715 0.93170916554915
10.028001778086242 0.675479821409201 0.5142876173846704 18.364767543289055 5.43113244215659 0.9322927076974573
10.031679752173014 0.6756267470929183 0.5140367430719749 18.386380837936002 5.435094652632682 0.9328766384741671
10.035358989028767 0.6757737135828146 0.5137857832551496 18.40801978882563 5.439058388606949 0.9334609581622518
10.039039488978515 0.6759207208965445 0.5135347378849965 18.429684426666256 5.4430236506706215 0.934045667044604
10.042721252343313 0.67606776905162 0.5132836069125408 18.451374782180228 5.4469904394109765 0.9346307654037277
10.046404279442188 0.676214858065487 0.5130323902888952 18.473090886115234 5.450958755413415 0.9352162535220453
10.050088570588727 0.676361987955389 0.5127810879654958 18.494832769224153 5.454928599257786 0.935802131681354
10.05377412611346 0.6765091587392622 0.5125296998925742 18.516600462397246 5.458899971542501 0.9363884001663857
10.057460946337168 0.6766563704346683 0.5122782260209768 18.538393996504738 5.462872872855781 0.9369750592605638
10.061149031580552 0.676803623059181 0.512026666301508 18.560213402453908 5.4668473037860705 0.9375621092475409
10.064838382164256 0.676950916630387 0.511775020684926 18.582058711189198 5.470823264922063 0.9381495504112011
10.06852899840218 0.6770982511656196 0.5115232891223997 18.6039299536527 5.474800756845496 0.9387373830345974
10.072220880619328 0.6772456266826704 0.5112714715642915 18.625827160889852 5.478779780150387 0.9393256074027919
10.075914029138694 0.6773930431992663 0.5110195679610523 18.647750363971944 5.482760335428897 0.9399142238007703
10.079608444280627 0.6775405007330438 0.5107675782632627 18.66969959399233 5.486742423270652 0.9405032325133393
10.083304126365418 0.6776879993016528 0.5105155024214589 18.691674882081763 5.490726044265528 0.9410926338255391
10.087001075713278 0.6778355389227554 0.5102633403861321 18.713676259408377 5.494711199003628 0.9416824280226412
10.090699292644356 0.6779831196140265 0.510011092107729 18.735703757177767 5.498697888075303 0.9422726153901495
10.094398777475986 0.6781307413930445 0.5097587575368376 18.757757406616676 5.502686112068184 0.9428631962133631
10.098099530527646 0.6782784042774889 0.5095063366238508 18.779837239002546 5.506675871572527 0.9434541707781664
10.101801552122918 0.678426108285218 0.5092538293188315 18.80194328567531 5.510667167183328 0.9440455393713433
10.105504842581649 0.6785738534339574 0.509001235572046 18.82407557799073 5.514659999491874 0.944637302279327
10.109209402223607 0.6787216397414447 0.5087485553337188 18.84623414734217 5.518654369089684 0.9452294597887819
10.112915231368515 0.6788694672254314 0.5084957885540248 18.868419025160875 5.52265027656854 0.9458220121866103
10.116622330335991 0.6790173359036806 0.5082429351830973 18.890630242915684 5.526647722520435 0.946414959759944
10.120330699445589 0.6791652457939685 0.5079899951710232 18.912867832113243 5.5306467075376045 0.9470083027961483
10.124040339016796 0.6793131969140843 0.5077369684678436 18.935131824298118 5.534647232212535 0.947602041582825
10.127751249369016 0.6794611892818296 0.5074838550235555 18.957422251052723 5.538649297137938 0.9481961764078086
10.131463430821583 0.679609222915019 0.5072306547881096 18.979739143997396 5.542652902906769 0.9487907075591677
10.135176883693745 0.6797572978314794 0.506977367711412 19.002082534790414 5.546658050112214 0.9493856353252045
10.138891608304693 0.6799054140490512 0.5067239937433231 19.02445245512818 5.550664739347712 0.9499809599944585
10.142607604973515 0.6800535715855869 0.5064705328336577 19.046848936745008 5.554672971206915 0.9505766818557004
10.14632487401925 0.6802017704589525 0.5062169849321849 19.06927201141349 5.558682746283741 0.9511728011979399
10.15004341576085 0.6803500106870266 0.5059633499886281 19.0917217109443 5.5626940651723356 0.9517693183104206
10.153763230517187 0.6804982922877003 0.5057096279526657 19.114198067186315 5.566706928467081 0.9523662334826208
10.157484318607047 0.6806466152788775 0.5054558187739305 19.136701112026586 5.5707213367625865 0.9529635470042536
10.16120668034916 0.6807949796784757 0.5052019224020085 19.159230877390616 5.574737290653727 0.9535612591652716
10.164930316062172 0.6809433855044249 0.5049479387864398 19.181787395242186 5.578754790735604 0.9541593702558622
10.168655226064633 0.6810918327746677 0.5046938678767207 19.204370697583364 5.582773837603544 0.9547578805664464
10.172381410675037 0.6812403215071597 0.5044397096222997 19.226980816454777 5.586794431853136 0.9553567903876857
10.176108870211785 0.6813888517198701 0.504185463972579 19.249617783935474 5.59081657408019 0.9559561000104765
10.179837604993216 0.6815374234307804 0.5039311308769153 19.272281632143088 5.594840264880777 0.956555809725954
10.183567615337568 0.6816860366578849 0.5036767102846204 19.29497239323372 5.598865504851184 0.9571559198254881
10.187298901563018 0.6818346914191914 0.5034222021449581 19.317690099402167 5.6028922945879565 0.9577564306006884
10.191031463987649 0.6819833877327205 0.5031676064071472 19.340434782881854 5.606920634687864 0.9583573423434009
10.194765302929476 0.6821321256165054 0.5029129230203601 19.363206475944917 5.61095052574793 0.9589586553457101
10.19850041870643 0.6822809050885933 0.5026581519337212 19.386005210902304 5.614981968365418 0.9595603698999404
10.20223681163636 0.6824297261670433 0.5024032930963107 19.408831020103676 5.619014963137824 0.9601624862986518
10.20597448203684 0.6825785888699205 0.5021483464571745 19.43168393593641 5.6230495106626766 0.960765004834613
10.209713430219114 0.6827274932150541 0.5018933119657386 19.454563990788497 5.627085611531005 0.9613679257998238
10.213453656506973 0.682876439220789 0.501638189570521 19.477471217164098 5.6311232663477035 0.9619712494885583
10.21719516121794 0.6830254269052369 0.5013829792204146 19.50040564756859 5.635162475711237 0.9625749761943337
10.22093794466946 0.6831744562865231 0.5011276808642664 19.523367314546366 5.63920324022031 0.9631791062109066
10.224682007178886 0.683323527382785 0.5008722944508761 19.54635625068086 5.6432455604738605 0.9637836398322721
10.228427349063503 0.6834726402121746 0.500616819928996 19.569372488594727 5.647289437071085 0.9643885773526681
10.232173970640492 0.683621794792855 0.500361257247334 19.59241606094963 5.651334870611396 0.9649939190665677
10.23592187221998 0.6837709911427259 0.5001056063550252 19.61548700040358 5.655381861686921 0.9655996652675596
10.239671054122574 0.6839202292801206 0.4998498672004372 19.638585339718777 5.65943041090144 0.9662058162511785
10.243421516668176 0.6840695092233604 0.4995940397319345 19.661711111692973 5.663480518858298 0.9668123723131002
10.247173260173623 0.6842188309906613 0.4993381238980361 19.684864349144963 5.6675321861578665 0.9674193337487604
10.250926284955712 0.6843681946002546 0.4990821196472118 19.708045084933204 5.671585413400807 0.9680267008538428
10.254680591328396 0.6845176000702744 0.498826026928072 19.73125335193855 5.675640201185045 0.9686344739238262
10.258436179601064 0.6846670474186904 0.49856984568948604 19.754489183053572 5.679696550103907 0.9692426532537047
10.262193050099714 0.6848165366641495 0.4983135758791364 19.77775261131366 5.683754460768996 0.969851239141418
10.265951203140773 0.6849660678249345 0.4980572174453055 19.80104366973517 5.687813933781911 0.9704602318836119
10.269710639040575 0.6851156409193414 0.49780077033622866 19.82436239137409 5.691874969744489 0.9710696317771746
10.273471358106013 0.6852652559653071 0.49754423450073193 19.847708809267974 5.695937569248701 0.971679439117719
10.277233360657076 0.685414912981306 0.4972876098866952 19.871082956575858 5.700001732901005 0.9722896542032374
10.280996647014934 0.6855646119858769 0.49703089644186343 19.89448486650453 5.704067461309468 0.9729002773321722
10.284761217495598 0.6857143529973694 0.4967740941142803 19.917914572269144 5.708134755076927 0.9735113088023862
10.288527072404577 0.6858641360337331 0.4965172028526518 19.941372107059824 5.712203614795205 0.9741227489102947
10.29229421206169 0.6860139611135025 0.496260222604655 19.964857504196186 5.716274041071927 0.9747345979548931
10.296062636788587 0.6861638282553032 0.49600315331778694 19.988370797049935 5.7203460345170365 0.9753468562357347
10.299832346900605 0.6863137374775253 0.4957459949399217 20.011912018993968 5.724419595733992 0.9759595240516044
10.303603342695757 0.6864636887978876 0.49548874742006227 20.035481203333514 5.7284947253078755 0.9765726016987305
10.307375624506886 0.6866136822355109 0.49523141070477955 20.059078383632077 5.732571423861743 0.9771860894792612
10.311149192649385 0.6867637178088385 0.4949739847417832 20.082703593384917 5.73664969200014 0.9777999876927684
10.314924047424778 0.6869137955357801 0.4947164694796726 20.10635686604118 5.740729530312959 0.978414296636827
10.318700189155694 0.6870639154351011 0.49445886486555374 20.130038235222912 5.744810939413245 0.9790290166127043
10.322477618163088 0.6872140775255173 0.4942011708465929 20.153747734582712 5.748893919912581 0.9796441479216574
10.326256334749004 0.6873642818250103 0.4939433873711909 20.17748539769537 5.752978472402445 0.9802596908621241
10.330036339232812 0.6875145283522668 0.4936855143865138 20.201251258285325 5.7570645974933905 0.9808756457356226
10.33381763193738 0.6876648171261305 0.4934275518394318 20.225045350140217 5.7611522958000965 0.9814920128445057
10.33760021316125 0.6878151481644946 0.4931694996784227 20.248867706935606 5.765241567911287 0.9821087924874199
10.341384083228554 0.6879655214862872 0.49291135785016166 20.272718362549234 5.769332414443697 0.9827259849674456
10.345169242460079 0.6881159371103203 0.4926531263014985 20.2965973508791 5.773424836010788 0.9833435905873811
10.3489556911468 0.6882663950542385 0.49239480498126054 20.320504705676274 5.77751883319414 0.9839616096454217
10.352743429625711 0.6884168953375326 0.49213639383508134 20.344440461023517 5.78161440662543 0.9845800424475348
10.356532458201892 0.6885674379784421 0.4918778928107171 20.368404650843466 5.785711556902177 0.9851988892947423
10.360322777183352 0.6887180229953408 0.491619301855668 20.392397309118515 5.789810284625415 0.9858181504888055
10.364114386899441 0.6888686504074671 0.4913606209159234 20.416418470007578 5.793910590419601 0.9864378263352356
10.367907287640493 0.6890193202325275 0.49110184994007894 20.44046816746394 5.798012474867349 0.9870579171334328
10.37170147974093 0.6891700324899965 0.4908429888736671 20.464546435761765 5.802115938599299 0.9876784231902653
10.375496963503052 0.6893207871980908 0.4905840376643564 20.48865330901318 5.806220982211705 0.9882993448076157
10.379293739241106 0.6894715843755186 0.4903249962589443 20.512788821447636 5.810327606314085 0.9889206822895831
10.383091807275415 0.6896224240412471 0.4900658646037583 20.536953007374986 5.814435811522882 0.9895424359415264
10.386891167903569 0.6897733062133581 0.48980664264662116 20.56114590100216 5.818545598430302 0.9901646060653482
10.390691821460395 0.6899242309114298 0.4895473303327588 20.5853675368149 5.82265696766918 0.9907871929693127
10.394493768230342 0.6900751981530576 0.4892879276107788 20.60961794901985 5.8267699198182035 0.9914101969536996
10.398297008555435 0.6902262079581404 0.4890284344253041 20.633897172232576 5.8308844555187 0.9920336183284854
10.402101542721873 0.6903772603443782 0.4887688507247105 20.658205240754405 5.835000575351956 0.9926574573947651
10.405907371065336 0.6905283553314533 0.4885091764539418 20.68254218924462 5.839118279953141 0.9932817144620111
10.409714493877013 0.6906794929372995 0.48824941156092067 20.706908052120202 5.843237569909642 0.9939063898326672
10.41352291148858 0.6908306731814752 0.48798955599075144 20.73130286409916 5.847358445853007 0.9945314838160844
10.41733262419301 0.6909818960820205 0.4877296096911222 20.75572665969389 5.851480908373262 0.9951569967155308
10.42114363232161 0.6911331616585148 0.4874695726070494 20.780179473704592 5.855604958102265 0.9957829288408339
10.424955936165514 0.6912844699289606 0.4872094446862333 20.80466134071607 5.8597305956287595 0.9964092804954929
10.428769536059288 0.6914358209131022 0.48694922587335493 20.8291722956342 5.863857821588846 0.9970360519904086
10.432584432288538 0.6915872146287585 0.4866889161163788 20.85371237309265 5.867986636565993 0.997663243628705
10.436400625192324 0.6917386510958877 0.48642851535956444 20.87828160811122 5.872117041201881 0.9982908557225625
10.440218115054462 0.6918901303322739 0.48616802355088473 20.902880035396606 5.876249036078756 0.9989188885753447
10.444036902210451 0.6920416523577693 0.4859074406347296 20.92750769003088 5.8803826218351585 0.9995473424991869
10.44785698695403 0.6921932171905877 0.48564676655827943 20.952164606869523 5.884517799064789 1.000176217799622
10.451678369606046 0.6923448248500361 0.4853860012668091 20.97685082098544 5.888654568391051 1.0008055147869146
10.455501050476341 0.6924964753550032 0.48512514470628704 21.001566367423234 5.8927929304257916 1.0014352337697878
10.459325029867347 0.6926481687241013 0.4848641968231294 21.026311281222206 5.8969328857731975 1.002065375056014
10.463150308107153 0.6927999049769791 0.4846031575619443 21.051085597630486 5.901074435065591 1.0026959389578638
10.466976885480952 0.6929516841316011 0.4843420268702096 21.075889351661232 5.905217578889216 1.0033269257808088
10.470804762322194 0.6931035062078651 0.4840808046920521 21.100722578683126 5.909362317882926 1.0039583358385478
10.474633938931758 0.6932553712243942 0.48381949097376425 21.125585313896647 5.913508652650667 1.0045901694396788
10.478464415615305 0.6934072792000199 0.4835580856612537 21.150477592576205 5.917656583801927 1.0052224268938617
10.48229619269742 0.6935592301543423 0.4832965886990786 21.175399450162214 5.921806111967052 1.0058551085141512
10.486129270468824 0.6937112241056363 0.483035000034051 21.20035092191796 5.925957237740073 1.006488214608283
10.489963649252482 0.6938632610734747 0.48277331961072334 21.225332043359614 5.930109961750311 1.0071217454895909
10.493799329363194 0.6940153410771241 0.482511547374148 21.25034284999355 5.934264284618605 1.007755701470334
10.497636311087325 0.6941674641347418 0.4822496832712598 21.27538337718383 5.938420206935364 1.0083900828583434
10.501474594756855 0.6943196302663127 0.4819877272458206 21.30045366063537 5.9425777293407664 1.0090248899692653
10.505314180680024 0.6944718394908984 0.48172567924315585 21.325553735941675 5.946736852449644 1.0096601231150955
10.50915506914577 0.6946240918268137 0.48146353920984913 21.350683638613248 5.950897576856286 1.0102957826049086
10.512997260483996 0.694776387294016 0.4812013070896292 21.375843404471986 5.955059903199725 1.0109318687548328
10.516840755003283 0.6949287259116357 0.4809389828276217 21.401033069243937 5.959223832096265 1.0115683818777437
10.520685552993848 0.6950811076980941 0.48067656637014694 21.42625266857818 5.96338936414268 1.0122053222837488
10.524531654780597 0.6952335326732054 0.48041405766109907 21.451502238394813 5.9675564999736945 1.0128426902889767
10.528379060673911 0.6953860008562275 0.4801514566453038 21.47678181456251 5.971725240208669 1.0134804862074271
10.53222777097229 0.695538512265965 0.4798887632683395 21.502091432915485 5.975895585454457 1.014118710351405
10.536077785984379 0.6956910669216443 0.4796259774750325 21.527431129398355 5.980067536329277 1.0147573630351734
10.539929106027518 0.6958436648428539 0.47936309920955683 21.5528009400568 5.984241093461139 1.0153964445747137
10.54378173140949 0.6959963060488229 0.4791001284166793 21.578200900917597 5.988416257468068 1.0160359552847003
10.54763566242403 0.6961489905582423 0.47883706504206625 21.603631047958675 5.992593028953236 1.0166758954777513
10.551490899389735 0.6963017183908069 0.4785739090296274 21.629091417365924 5.996771408547133 1.01731626547089
10.555347442617395 0.6964544895659209 0.47831066032374636 21.654582045317827 6.000951396872158 1.0179570655801211
10.55920529241433 0.69660730410287 0.47804731886898283 21.68010296801415 6.005132994547328 1.018598296121153
10.56306444907705 0.69676016202053 0.47778388461057575 21.7056542216271 6.009316202180313 1.0192399574081727
10.56692491291903 0.6969130633384684 0.47752035749254584 21.731235842485365 6.013501020397543 1.0198820497584669
10.570786684252019 0.6970660080762023 0.47725673745897107 21.756847866950565 6.017687449823959 1.0205245734893151
10.574649763382872 0.6972189962530743 0.47699302445420505 21.78249033139619 6.021875491079569 1.0211675289174613
10.578514150618354 0.6973720278884422 0.47672921842254523 21.808163272239522 6.026065144784656 1.0218109163599152
10.582379846252044 0.6975251030011609 0.47646531930913116 21.833866725854552 6.030256411545592 1.0224547361317697
10.586246850603755 0.6976782216111428 0.47620132705725 21.859600728834046 6.034449291997561 1.0230989885527653
10.59011516398006 0.6978313837377951 0.4759372416110324 21.885365317727434 6.038643786761772 1.0237436739407202
10.59398478668722 0.6979845894005317 0.47567306291457057 21.911160529126565 6.042839896459474 1.0243887926136794
10.597855719031383 0.6981378386187813 0.475408790911903 21.936986399667255 6.047037621712175 1.0250343448899526
10.60172796131521 0.6982911314118532 0.47514442554724645 21.962842966006626 6.051236963137975 1.0256803310875466
10.60560151384094 0.6984444677990597 0.4748799667647848 21.988730264843703 6.055437921354902 1.0263267515246806
10.609476376921863 0.6985978478001694 0.47461541450788747 22.014648332996128 6.059640496993344 1.026973606521698
10.613352550863656 0.6987512714346686 0.4743507687203826 22.04059720727558 6.063844690675815 1.0276208963979554
10.617230035971865 0.698904738722058 0.47408602934604566 22.066576924537802 6.068050503025069 1.028268621473071
10.621108832551926 0.6990582496818528 0.4738211963285993 22.092587521682706 6.072257934664123 1.0289167820669256
10.624988940909128 0.6992118043335821 0.4735562696117146 22.118629035654273 6.076466986216216 1.0295653784996601
10.628870361348676 0.6993654026967904 0.4732912491390075 22.144701503440952 6.080677658304879 1.030214411091684
10.632753094171248 0.699519044790863 0.4730261348543406 22.170804962045906 6.084889951549114 1.030863880162933
10.636637139683836 0.6996727306354541 0.47276092670108544 22.196939448559863 6.08910386657516 1.0315137860346835
10.640522498194038 0.6998264602502614 0.47249562462250927 22.22310500012291 6.093319404010294 1.0321641290285968
10.64440917000654 0.6999802336548866 0.4722302285620177 22.24930165390086 6.097536564479023 1.032814909466133
10.648297155425904 0.7001340508689462 0.47196473846296205 22.27552944710406 6.101755348606104 1.0334661276690158
10.65218645475658 0.7002879119120717 0.47169915426863984 22.301788416987453 6.105975757016554 1.0341177839592355
10.656077068302887 0.7004418168039088 0.47143347592229623 22.328078600850606 6.110197790335643 1.0347698786590462
10.659968996369011 0.7005957655641176 0.47116770336712244 22.354400036037667 6.114421449188877 1.0354224120909654
10.66386223925901 0.7007497582123728 0.47090183654625667 22.380752759937497 6.118646734202016 1.0360753845777753
10.66775679727683 0.700903794768364 0.4706358754027829 22.407136809983825 6.12287364600108 1.0367287964425258
10.671652670726292 0.7010578752517955 0.47036981987973137 22.433552223655212 6.127102185212351 1.0373826480085326
10.675549859911067 0.701211999682386 0.47010366992007974 22.459999038474958 6.131332352462331 1.038036939599374
10.679448365134727 0.7013661680798693 0.46983742546675 22.486477292011465 6.135564148377807 1.0386916715388987
10.683348186700693 0.7015203804639928 0.46957108646261203 22.51298702187795 6.139797573585795 1.0393468441512173
10.687249324912274 0.70167463685452 0.4693046528504807 22.539528265732805 6.1440326287135765 1.0400024577607103
10.691151780072634 0.701828937271228 0.4690381245731182 22.566101061279376 6.148269314388669 1.0406585126920223
10.695055552484835 0.7019832817339094 0.4687715015732306 22.592705446266336 6.152507631238873 1.0413150092700687
10.698960642451782 0.7021376702623713 0.46850478379347177 22.619341458487366 6.156747579892209 1.0419719478200278
10.702867050276263 0.7022921028764351 0.46823797117644034 22.646009135781487 6.160989160976965 1.0426293286673483
10.706774776260945 0.7024465795959378 0.4679710636646807 22.672708516033087 6.165232375121692 1.0432871521377476
10.710683820708345 0.7026011004407307 0.46770406120068336 22.699439637171746 6.169477222955174 1.0439454185572072
10.71459418392086 0.7027556654306797 0.4674369637268845 22.72620253717256 6.173723705106456 1.04460412825198
10.718505866200763 0.7029102745856661 0.4671697711856648 22.752997254056105 6.177971822204845 1.0452632815485874
10.722418867850187 0.703064927925586 0.46690248351935154 22.77982382588846 6.182221574879896 1.045922878773819
10.726333189171127 0.7032196254703497 0.46663510067021685 22.80668229078117 6.186472963761407 1.0465829202547317
10.730248830465467 0.7033743672398832 0.466367622580478 22.833572686891586 6.1907259894794535 1.0472434063186553
10.734165792034931 0.7035291532541266 0.4661000491922984 22.860495052422554 6.194980652664338 1.0479043372931849
10.738084074181138 0.703683983533036 0.4658323804477853 22.887449425622822 6.199236953946644 1.0485657135061899
10.742003677205549 0.7038388580965809 0.46556461628899254 22.914435844786755 6.203494893957183 1.0492275352858054
10.745924601409515 0.7039937769647475 0.4652967566579172 22.94145434825473 6.207754473327048 1.0498898029604404
10.749846847089133 0.7041487401573341 0.46502880149685116 22.9685049743777 6.212015692682025 1.0505525168579104
10.75377041454759 0.7043037476944394 0.4647607507475384 22.995587761602298 6.216278552655999 1.0512156773075203
10.757695304088294 0.7044587995961918 0.46449260435164197 23.02270274842371 6.2205430538835005 1.0518792846389073
10.761621516012038 0.7046138958826358 0.46422436225094094 23.04984997336604 6.22480919699662 1.0525433391815608
10.765549050619484 0.7047690365738318 0.463956024387157 23.077029474999573 6.229076982627708 1.053207841265243
10.769477908211163 0.704924221689855 0.4636875907019572 23.104241291940756 6.233346411409377 1.0538727912199877
10.773408089087473 0.7050794512507962 0.46341906113695236 23.131485462852314 6.237617483974495 1.054538189376102
10.777339593548662 0.7052347252767605 0.4631504356336987 23.15876202644312 6.241890200956176 1.055204036064163
10.7812724218839 0.7053900437874359 0.46288171413444557 23.186071021392383 6.2461645629758955 1.0558703316131657
10.785206574402865 0.7055454068033409 0.4626128965799741 23.213412486568973 6.250440570677824 1.0565370763558752
10.789142051406126 0.7057008143446553 0.46234398291162426 23.240786460826012 6.254718224696638 1.057204270623811
10.793078853193379 0.7058562664315444 0.46207497307072926 23.268192983057993 6.258997525666473 1.0578719147486408
10.797016980064198 0.7060117630841897 0.46180586699856613 23.295632092206105 6.263278474221738 1.0585400090623096
10.800956432314631 0.7061673043226537 0.4615366646365871 23.32310382723445 6.267561070993417 1.0592085538964595
10.804897210235902 0.7063228901668298 0.46126736592650847 23.350608227121047 6.2718453166076555 1.0598775495822121
10.808839314138055 0.7064785206373748 0.46099797080869476 23.378145331022917 6.276131211711471 1.060546996454181
10.812782744320094 0.7066341957545302 0.46072847922419946 23.40571517806786 6.2804187569402865 1.0612168948454046
10.816727501080877 0.706789915538553 0.4604588911140198 23.433317807430466 6.284707952929778 1.0618872450891956
10.820673584710764 0.706945680009385 0.46018920641966793 23.460953258273637 6.288998800306793 1.0625580475177205
10.824620995507637 0.7071014891872863 0.4599194250820768 23.488621569860765 6.293291299706762 1.0632293024647228
10.82856973377846 0.7072573430928963 0.45964954704149064 23.51632278156694 6.2975854517754115 1.0639010102657906
10.832519799821526 0.7074132417465328 0.45937957223868126 23.544056932754557 6.301881257149448 1.0645731712553375
10.836471193928364 0.7075691851682675 0.45910950061481726 23.57182406278659 6.306178716458637 1.0652457857669264
10.840423916390671 0.7077251733782004 0.4588393321109875 23.599624211075195 6.310477830333335 1.0659188541344484
10.844377967518701 0.7078812063971841 0.458569066666947 23.62745741721125 6.3147785994245 1.0665923766952543
10.848333347610192 0.7080372842455986 0.45829870422323987 23.655323720746015 6.31908102436989 1.067266353784867
10.852290056949652 0.7081934069433233 0.4580282447212469 23.683223161185744 6.3233851057932915 1.067940785736855
10.856248095838893 0.7083495745109409 0.45775768810109996 23.71115577820694 6.327690844337723 1.0686156728880367
10.860207464583333 0.708505786969198 0.45748703430261717 23.739121611560154 6.331998240650546 1.0692910155761495
10.864168163475709 0.7086620443383618 0.4572162832664162 23.767120700954965 6.336307295365747 1.0699668141370708
10.868130192798457 0.7088183466383143 0.45694543493375256 23.795153086076485 6.3406180091065165 1.0706430689052209
10.872093552866831 0.7089746938902536 0.45667448924357046 23.823218806890612 6.344930382532173 1.0713197802209249
10.876058243977205 0.7091310861146541 0.4564034461360374 23.85131790327852 6.349244416281913 1.0719969484215908
10.880024266401794 0.7092875233310589 0.45613230555290535 23.879450414998686 6.353560110969061 1.0726745738408012
10.883991620461105 0.7094440055609368 0.45586106743255683 23.90761638220078 6.357877467259915 1.073352656820693
10.887960306450532 0.7096005328247877 0.4555897317150242 23.935815844905427 6.3621964857938655 1.074031197699419
10.891930324641267 0.7097571051421786 0.45531829834192605 23.964048843009977 6.366517167184382 1.074710196811296
10.895901675354487 0.7099137225346688 0.4550467672513963 23.99231541681608 6.370839512099757 1.0753896544994945
10.899874358879934 0.7100703850225997 0.45477513838364986 24.02061560645102 6.375163521174497 1.0760695711021149
10.903848375497088 0.7102270926259295 0.45450341167953523 24.048949452017858 6.379489195032356 1.076749946955805
10.907823725523148 0.7103838453661253 0.45423158707725375 24.07731699393771 6.383816534338573 1.0774307824039764
10.91180040923745 0.7105406432631828 0.453959664517527 24.105718272410908 6.388145539717595 1.0781120777838642
10.915778426937226 0.7106974863378248 0.4536876439397857 24.13415332781465 6.392476211813772 1.078793833436074
10.919757778930961 0.7108543746112395 0.4534155252826214 24.162622200656102 6.396808551284136 1.079476049703449
10.923738465482826 0.7110113081028898 0.4531433084875879 24.191124931174713 6.401142558737896 1.0801587269215418
10.927720486917316 0.7111682868346386 0.4528709934920453 24.21966156009116 6.405478234850369 1.0808418654365568
10.93170384351203 0.7113253108265214 0.4525985802364913 24.24823212783987 6.409815580246237 1.0815254655869642
10.935688535563383 0.7114823800993374 0.45232606866006875 24.27683667503957 6.4141545955710955 1.082209527714769
10.939674563374417 0.7116394946741692 0.45205345870139746 24.305475242406345 6.418495281478193 1.0828940521634247
10.943661927217516 0.711796654570912 0.451780750301126 24.334147870485623 6.422837638587812 1.0835790392714277
10.947650627413939 0.7119538598114104 0.4515079433964898 24.36285460022403 6.427181667573899 1.08426448938598
10.951640664225549 0.7121111104151885 0.45123503792871855 24.39159547219062 6.431527369046139 1.084950402844387
10.955632037974244 0.7122684064041599 0.4509620338348654 24.420370527436607 6.435874743680037 1.0856367799945836
10.959624748930798 0.7124257477982445 0.4506889310554108 24.44917980669481 6.4402237920958445 1.0863236211760257
10.963618797403512 0.7125831346188631 0.45041572952820025 24.478023351018592 6.444574514955123 1.0870109267349322
10.967614183674039 0.7127405668864089 0.45014242919282976 24.506901201319117 6.448926912890838 1.0876986970132505
10.971610908041246 0.7128980446219749 0.4498690299876507 24.53581339868196 6.453280986555142 1.0883869323562008
10.975608970793495 0.7130555678462629 0.4495955318516609 24.564759984167 6.457636736589178 1.0890756331075078
10.979608372224401 0.7132131365802037 0.44932193472343057 24.59374099892231 6.461994163640246 1.0897647996121116
10.98360911262484 0.7133707508446416 0.449048238541646 24.622756484126437 6.466353268353097 1.0904544322147935
10.987611192287355 0.7135284106605101 0.44877444324480925 24.65180648102042 6.470714051374734 1.0911445312609351
10.991614611501133 0.7136861160486316 0.4485005487715826 24.680891030871326 6.4750765133489425 1.0918350970956525
10.995619370561913 0.7138438670301095 0.4482265550601086 24.710010175044346 6.479440654927084 1.092526130065505
10.999625469752889 0.7140016636255753 0.447952462049318 24.739163954863976 6.483806476747287 1.0932176305152013
11.003632909377268 0.7141595058564709 0.4476782696767012 24.768352411850994 6.488173979469929 1.093909598793219
11.007641689707981 0.7143173937430682 0.44740397788175046 24.797575587356324 6.4925431637228295 1.0946020352431218
11.01165181106001 0.7144753273073179 0.44712958660100866 24.826833523088162 6.496914030180083 1.0952949402160528
11.015663273691686 0.714633306568962 0.4468550957748242 24.856126260392223 6.501286579454471 1.0959883140536808
11.019676077926245 0.7147913315503207 0.44658050533903415 24.88545384113886 6.505660812229971 1.096682157109208
11.02369022402664 0.7149494022713633 0.4463058152335284 24.91481630680904 6.510036729125284 1.0973764697257313
11.02770571230101 0.7151075187538608 0.4460310253950334 24.944213699264992 6.514414330808818 1.0980712522544775
11.031722543032828 0.7152656810186354 0.44575613576189327 24.973646060239638 6.518793617922527 1.0987665050427242
11.035740716504902 0.715423889086506 0.44548114627242497 25.00311343151194 6.523174591108089 1.0994622284379485
11.039760233025751 0.7155821429793262 0.4452060568631152 25.03261585510072 6.527557251035656 1.1001584227923982
11.043781092853921 0.715740442717005 0.4449308674737978 25.062153372709204 6.53194159832134 1.1008550884499826
11.047803296306283 0.7158987883217706 0.444655578040244 25.0917260265202 6.536327633645292 1.1015522257650334
11.051826843661372 0.7160571798143641 0.44438018850077676 25.12133385848633 6.540715357646312 1.1022498350855587
11.055851735199765 0.7162156172156304 0.44410469879350634 25.15097691062644 6.545104770965868 1.1029479167602374
11.059877971228584 0.7163741005474819 0.4438291088546555 25.18065522520639 6.54949587427483 1.103646471142671
11.063905552015452 0.7165326298302992 0.4435534186230768 25.210368844252578 6.5538886682014335 1.1043454985799297
11.067934477859009 0.7166912050857066 0.4432776280354282 25.240117810071563 6.558283153408194 1.1050449994247833
11.071964749055827 0.71684982633527 0.4430017370284363 25.26990216500658 6.562679330555823 1.1057449740299654
11.075996365869281 0.7170084935992718 0.4427257455410278 25.299721951207204 6.567077200269271 1.1064454227427645
11.080029328606448 0.7171672068997369 0.4424496535090652 25.329577211197773 6.5714767632216065 1.1071463459183781
11.084063637558144 0.7173259662580743 0.4421734608694505 25.35946798743453 6.575878020068617 1.1078477439095051
11.088099292988383 0.7174847716946603 0.44189716756084874 25.389394322226885 6.580280971437303 1.1085496170645026
11.092136295202911 0.717643623231537 0.44162077351899454 25.419356258245458 6.58468561800064 1.1092519657393056
11.096174644491667 0.7178025208901477 0.44134427868063075 25.44935383809598 6.5890919604148195 1.1099547902874254
11.100214341124229 0.7179614646911578 0.44106768298382215 25.479387104284942 6.593499999314267 1.1106580910591504
11.104255385395172 0.7181204546562393 0.44079098636484776 25.509456099556637 6.597909735361139 1.1113618684094422
11.108297777598446 0.718279490807063 0.44051418875995646 25.539560866703162 6.602321169217365 1.1120661226934787
11.112341518014185 0.7184385731647791 0.4402372901062692 25.56970144846609 6.606734301530257 1.1127708542643544
11.116386606915825 0.7185977017502979 0.43996029034129247 25.599877887589226 6.6111491329402705 1.1134760634743193
11.120433044606301 0.7187568765857141 0.4396831894004376 25.63009022708887 6.615565664120515 1.1141817506810905
11.12448083137061 0.7189160976924391 0.43940598722027185 25.660338509900097 6.619983895724981 1.114887916239582
11.128529967483173 0.7190753650914925 0.43912868373801195 25.69062277893144 6.624403828396573 1.1155945605031887
11.132580453228737 0.7192346788043233 0.43885127889009345 25.720943077221094 6.628825462789926 1.11630168382743
11.136632288902481 0.7193940388528143 0.4385737726121635 25.751299447938127 6.633248799571525 1.1170092865699737
11.140685474788672 0.7195534452584429 0.43829616484054107 25.78169193422278 6.637673839396401 1.1177173690869093
11.14474001116484 0.7197128980424448 0.43801845551193325 25.812120579217506 6.642100582912695 1.1184259317334753
11.148795898309439 0.719872397226116 0.43774064456290906 25.842585426124383 6.646529030770016 1.119134974865396
11.152853136518663 0.7200319428314736 0.437462731928747 25.873086518331743 6.650959183637807 1.1198444988418252
11.156911726076038 0.7201915348800603 0.4371847175455194 25.90362389918587 6.65539104217214 1.1205545040200309
11.160971667264894 0.7203511733934349 0.43690660134923615 25.934197612084624 6.6598246070293445 1.1212649907575731
11.165032960358278 0.7205108583927755 0.4366283832765372 25.964807700401458 6.6642598788549785 1.1219759594105407
11.169095605643552 0.7206705898998469 0.4363500632630067 25.9954542076708 6.668696858310699 1.1226874103378552
11.173159603409738 0.7208303679365035 0.4360716412440384 26.026137177493002 6.673135546060446 1.1233993438990602
11.177224953939444 0.7209901925243704 0.4357931171553925 26.056856653473364 6.677575942761619 1.1241117604529032
11.181291657515082 0.7211500636850899 0.4355144909327647 26.087612679269146 6.682018049071874 1.1248246603584295
11.185359714418889 0.7213099814403208 0.43523576251178847 26.118405298589696 6.68646186564914 1.125538043974982
11.189429124919993 0.7214699458112308 0.4349569318289197 26.149234555098566 6.6909073931375005 1.126251911659935
11.193499889313427 0.7216299568200302 0.43467799881876257 26.180100492709027 6.695354632209802 1.1269662637755362
11.197572007881096 0.7217900144884365 0.4343989634167457 26.211003155288665 6.699803583525021 1.1276811006820622
11.201645480904492 0.7219501188381762 0.43411982555824946 26.24194258675571 6.70425424774216 1.1283964227400498
11.205720308664883 0.7221102698909903 0.4338405851785932 26.27291883108041 6.708706625520441 1.1291122303103274
11.20979649144338 0.7222704676686379 0.4335612422130315 26.303931932285664 6.71316071751939 1.1298285237540273
11.213874029520875 0.7224307121928945 0.4332817965967559 26.33498193444667 6.717616524398772 1.1305453034325774
11.21795292317339 0.7225910034853672 0.43300224826521744 26.366068881655416 6.722074046813495 1.13126256970688
11.222033172682076 0.7227513415678899 0.4327225971534374 26.39719281809695 6.726533285424552 1.1319803229390732
11.226114778331873 0.7229117264624696 0.4324428431961005 26.42835378803942 6.73099424089755 1.132698563492295
11.23019774040292 0.7230721581909487 0.43216298632814404 26.459551835768572 6.735456913893328 1.133417291729174
11.234282059175165 0.7232326367751869 0.4318830264844418 26.49078700562288 6.739921305072991 1.1341365080126382
11.23836773492837 0.7233931622370606 0.43160296359980255 26.52205934199376 6.744387415097919 1.1348562127059185
11.24245476794208 0.7235537345984625 0.43132279760897263 26.553368889325288 6.7488552446297305 1.1355764061725422
11.246543158495678 0.7237143538813033 0.4310425284466328 26.584715692114763 6.75332479433035 1.136297088776343
11.250632906868324 0.7238750201075096 0.4307621560474007 26.616099794912305 6.757796064861935 1.1370182608814527
11.254724013338999 0.7240357332990255 0.4304816803458293 26.64752124232117 6.762269056886928 1.1377399228523055
11.258816478186473 0.7241964934778112 0.430201101276408 26.678980078997654 6.766743771068023 1.1384620750536358
11.262910301689338 0.7243573006658454 0.42992041877356074 26.710476349651426 6.771220208068198 1.1391847178504844
11.267005484125972 0.724518154885122 0.42963963277164813 26.742010099045224 6.775698368550683 1.1399078516081897
11.271102025774576 0.7246790561576534 0.42935874320496453 26.773581371995295 6.7801782531789945 1.1406314766923982
11.275199926913139 0.7248400045054685 0.429077750007741 26.80519021337113 6.784659862616903 1.1413555934690556
11.279299187819447 0.7250009999506126 0.42879665311414417 26.836836668095653 6.789143197528442 1.1420802023044108
11.283399808771097 0.725162042515149 0.42851545245827494 26.86852078114535 6.793628258577922 1.1428053035650183
11.287501790045479 0.7253231322211573 0.42823414797417053 26.900242597550193 6.798115046429911 1.1435308976177336
11.291605131919807 0.7254842690907353 0.4279527395958 26.93200216239402 6.802603561749278 1.144256984829723
11.295709834671058 0.7256454531459965 0.4276712272570717 26.963799520813996 6.807093805201112 1.144983565568448
11.299815898576039 0.7258066844090729 0.42738961089182576 26.99563471800135 6.81158577745081 1.1457106402016821
11.30392332391133 0.7259679629021123 0.4271078904338386 27.027507799200873 6.816079479164008 1.1464382090974987
11.308032110953338 0.726129288647281 0.4268260658168204 27.05941880971147 6.820574911006639 1.147166272624281
11.312142259978243 0.7262906616667616 0.42654413697441657 27.091367794885794 6.8250720736448836 1.147894831150714
11.31625377126204 0.7264520819827545 0.426262103840206 27.12335480013064 6.829570967745207 1.1486238850457915
11.320366645080504 0.7266135496174766 0.4259799663477036 27.155379870906735 6.834071593974326 1.1493534346788103
11.324480881709217 0.7267750645931625 0.42569772443035775 27.187443052728977 6.83857395299924 1.150083480419375
11.328596481423565 0.7269366269320647 0.4254153780215501 27.219544391166565 6.843078045487226 1.1508140226373986
11.332713444498713 0.727098236656452 0.42513292705459793 27.251683931842805 6.8475838721058135 1.151545061703099
11.336831771209626 0.7272598937886109 0.4248503714627522 27.28386172043535 6.852091433522808 1.1522765979870007
11.340951461831066 0.7274215983508452 0.42456771117919767 27.316077802676247 6.856600730406288 1.1530086318599369
11.345072516637599 0.7275833503654764 0.4242849461370523 27.34833222435205 6.861111763424612 1.15374116369305
11.349194935903567 0.7277451498548432 0.4240020762693687 27.380625031303726 6.865624533246394 1.154474193857788
11.353318719899478 0.7279069968411587 0.42371910150938263 27.412956269398332 6.870139040536546 1.155207722725262
11.357443868896262 0.7280688913466785 0.4234360217902199 27.445325984562345 6.874655285960936 1.1559417506670011
11.361570383173666 0.7282308333940297 0.4231528370443205 27.477734222847857 6.87917327019559 1.1566762780564515
11.365698263005202 0.7283928230056204 0.4228695472044724 27.510181030314406 6.8836929939102065 1.1574113052662949
11.36982750866418 0.7285548602038766 0.4225861522033944 27.542666453076468 6.888214457774762 1.1581468326695257
11.373958120423696 0.7287169450112414 0.4223026519737409 27.575190537303317 6.8927376624595 1.1588828606394452
11.378090098556642 0.7288790774501757 0.4220190464480981 27.607753329219236 6.897262608634945 1.1596193895496671
11.382223443335688 0.7290412575431574 0.421735335558986 27.640354875103426 6.901789296971876 1.1603564197741127
11.386358155020636 0.7292034853121858 0.42145151923972657 27.672995221190206 6.9063177281274895 1.1610939516847563
11.39049423389393 0.729365760780174 0.4211675974220065 27.705674413949325 6.910847902784278 1.1618319856579578
11.394631680229454 0.7295280839697251 0.42088357003801746 27.738392499839936 6.915379821615865 1.1625705220689007
11.398770494299033 0.729690454903388 0.4205994370200112 27.77114952536195 6.919913485294128 1.1633095612927509
11.402910676374281 0.7298528736037286 0.42031519830017156 27.80394553707056 6.924448894491218 1.1640491037049863
11.407052226722978 0.7300153400931889 0.42003085381086364 27.83678058154767 6.928986049875592 1.1647891496807494
11.411195145605333 0.7301778543939399 0.4197464034848907 27.86965470537211 6.933524952107921 1.1655296995941786
11.415339433306277 0.7303404165291484 0.41946184725327484 27.90256795537608 6.938065601876469 1.1662707538241828
11.419485090096542 0.7305030265214504 0.41917718504793233 27.935520378336516 6.942607999854453 1.167012312747484
11.423632116246683 0.7306656843935011 0.41889241680070793 27.968512021086333 6.947152146715411 1.1677543767411256
11.427780512017613 0.730828390167604 0.418607542444026 28.001542930439058 6.951698043122821 1.1684969461807757
11.431930277676907 0.7309911438663501 0.4183225619097703 28.034613153318578 6.956245689747975 1.1692400214436465
11.436081413505722 0.7311539455128895 0.41803747512880873 28.067722736814666 6.9607950872775595 1.1699836029097355
11.440233919773732 0.7313167951299478 0.41775228203271564 28.10087172798333 6.9653462363861935 1.1707276909573379
11.444387796743934 0.7314796927400158 0.4174669825534402 28.134060173884894 6.969899137741691 1.1714722859639053
11.448543044674604 0.7316426383654253 0.417181576623172 28.167288121599587 6.974453792007204 1.1722173883063962
11.452699663851497 0.7318056320296122 0.4168960641721304 28.200555618485144 6.979010199876522 1.1729629983670495
11.456857654543397 0.7319686737553734 0.4166104451316164 28.2338627118217 6.9835683620253475 1.1737091165254179
11.461017017005734 0.7321317635650089 0.4163247194337646 28.2672094488403 6.988128279115263 1.1744557431590117
11.46517775150672 0.7322949014813463 0.4160388870097477 28.300595876932267 6.992689951822379 1.1752028786479891
11.469339858327086 0.7324580875277309 0.41575294778979505 28.33402204364763 6.997253380837046 1.1759505233751129
11.473503337733444 0.732621321726981 0.41546690170502026 28.36748799648148 7.0018185668346655 1.1766986777209691
11.47766818996772 0.7327846041009738 0.41518074868815047 28.400993782788404 7.006385510464081 1.1774473420620606
11.481834415323725 0.7329479346736474 0.4148944886682624 28.43453945039862 7.010954212431554 1.1781965167845734
11.486002014068696 0.7331113134679252 0.4146081215761745 28.468125046987232 7.015524673414728 1.1789462022702768
11.490170986444578 0.7332747405057656 0.4143216473443585 28.50175062008374 7.020096894064032 1.1796963988967453
11.494341332737324 0.733438215810879 0.41403506590217753 28.5354162176309 7.024670875078679 1.1804471070498288
11.498513053218678 0.7336017394064462 0.41374837717988544 28.56912188751582 7.029246617142829 1.1811983271131823
11.502686148129019 0.7337653113144452 0.41346158110980696 28.602867677430677 7.0338241209067585 1.18195005946517
11.506860617753462 0.7339289315586346 0.41317467762110777 28.636653635487946 7.038403387070342 1.1827023044925717
11.51103646236414 0.7340926001622914 0.41288766664375953 28.67047980975425 7.042984416319742 1.1834550625801916
11.515213682194293 0.7342563171471947 0.41260054811032226 28.70434624803983 7.04756720929898 1.1842083341061806
11.519392277539238 0.734420082537585 0.41231332194900305 28.738252998716998 7.052151766720707 1.1849621194602433
11.523572248657757 0.7345838963562967 0.41202598809043506 28.77220010992107 7.056738089258024 1.1857164190258582
11.527753595795025 0.7347477586256591 0.41173854646610075 28.806187629735643 7.061326177569627 1.1864712331844067
11.531936319243052 0.7349116693698639 0.4114509970041772 28.84021560668421 7.065916032366134 1.1872265623260871
11.536120419242481 0.7350756286111169 0.41116333963628665 28.874284088931827 7.0705076543023315 1.1879824068321851
11.540305896067075 0.7352396363729499 0.41087557429168764 28.908393124972243 7.075101044069877 1.18873876709033
11.544492749988855 0.735403692678853 0.4105877008996727 28.942542763344697 7.079696202359055 1.1894956434882011
11.548680981243399 0.7355677975509162 0.41029971939195375 28.976733052350504 7.084293129820684 1.1902530364072523
11.552870590127437 0.7357319510136529 0.4100116296959508 29.010964040849604 7.088891827173235 1.1910109462403589
11.557061576873611 0.7358961530890933 0.40972343174340375 29.045235777238187 7.093492295065371 1.191769373369168
11.561253941764814 0.7360604038012638 0.4094351254625107 29.079548310382766 7.098094534201449 1.1925283181847839
11.56544768505549 0.7362247031731034 0.40914671078333914 29.113901688977 7.102698545255135 1.1932877810735267
11.569642807002529 0.7363890512276755 0.4088581876357004 29.148295961794272 7.107304328903317 1.194047762422524
11.573839307883006 0.7365534479888614 0.4085695559479311 29.182731177833418 7.111911885845583 1.1948082626229268
11.57803718793265 0.7367178934789502 0.4082808156511235 29.217207385813946 7.116521216736661 1.1955692820587585
11.582236447446304 0.7368823877225752 0.4079919666722173 29.251724635000844 7.121132322296733 1.1963308211251256
11.586437086643388 0.7370469307414423 0.40770300894325134 29.286282974099347 7.125745203163694 1.1970928802038239
11.590639105828581 0.7372115225606256 0.4074139423903128 29.320882452576097 7.130359860069613 1.1978554596924829
11.594842505219107 0.7373761632018011 0.4071247669454162 29.35552311923815 7.134976293651056 1.19861855997323
11.599047285116098 0.7375408526899593 0.4068354825347163 29.390205023644096 7.139594504637285 1.1993821814437915
11.603253445740283 0.7377055910469699 0.40654608908981027 29.42492821475007 7.1442144936697956 1.2001463244876636
11.607460987389103 0.7378703782977349 0.40625658653693025 29.45969274220567 7.148836261474894 1.200910989502645
11.61166991028349 0.738035214464188 0.4059669748074832 29.494498655089117 7.153459808695385 1.201676176873001
11.61588021472223 0.7382000995713398 0.40567725382743064 29.529346003182862 7.158085136060143 1.2024418869975193
11.620091900921407 0.7383650336409909 0.40538742352833557 29.564234835645816 7.162712244207742 1.2032081202603195
11.624304969183317 0.7385300166983458 0.40509748383574085 29.599165202411463 7.167341133872012 1.2039748770615724
11.628519419722748 0.7386950487652102 0.40480743468112157 29.634137152748956 7.171971805691192 1.204742157785897
11.63273525283704 0.7388601298666517 0.4045172759901817 29.669150736673075 7.176604260394774 1.2055099628333115
11.636952468752325 0.7390252600249768 0.4042270076934381 29.704206003668453 7.181238498634555 1.206278292591238
11.6411710677486 0.7391904392646306 0.40393662971760963 29.73930300372832 7.185874521122077 1.207047147457284
11.645391050070922 0.7393556676087175 0.40364614199173066 29.774441786616556 7.190512328531036 1.2078165278230624
11.649612415976804 0.7395209450808591 0.4033555444438891 29.809622402261777 7.19515192154937 1.2085864340828287
11.653835165735389 0.7396862717051602 0.403064837001282 29.844844900750925 7.199793300878353 1.209356866633334
11.658059299576466 0.7398516475042137 0.40277401959372516 29.880109331904038 7.204436467176561 1.210127825864524
11.662284817789525 0.7400170725029783 0.40248309214683464 29.91541574610079 7.209081421168742 1.2108993121776117
11.666511720598388 0.7401825467238705 0.4021920545906576 29.95076419323397 7.213728163508024 1.2116713259621985
11.670740008280658 0.7403480701914412 0.40190090685144714 29.98615472370737 7.218376694907207 1.2124438676180815
11.674969681089337 0.7405136429293065 0.40160964885706 30.021587387780837 7.223027016052606 1.21321693754094
11.679200739261356 0.740679264960483 0.401318280536369 30.057062235641144 7.2276791276134285 1.2139905361238914
11.683433183079254 0.7408449363098004 0.40102680181501527 30.092579317919178 7.232333030309582 1.2147646637687668
11.687667012772277 0.7410106570000319 0.4007352126222191 30.128138684860723 7.236988724802941 1.2155393208680292
11.691902228606274 0.7411764270554123 0.40044351288458896 30.163740387080637 7.241646211796189 1.216314507821213
11.696138830847298 0.7413422465002133 0.4001517025286273 30.199384475257812 7.246305491992795 1.2170902250282705
11.70037681971551 0.7415081153569392 0.3998597814839071 30.235070999747002 7.250966566046325 1.2178664728811277
11.704616195494339 0.7416740336505998 0.39956774967555136 30.270800011497606 7.255629434680487 1.2186432517836754
11.708856958437407 0.7418400014050676 0.39927560703064446 30.306571561270598 7.260294098586776 1.2194205621347256
11.71309910876632 0.7420060186429909 0.39898335347838443 30.342385699618898 7.2649605584220325 1.2201984043275993
11.717342646765799 0.7421720853895173 0.39869098894352956 30.37824247769042 7.269628814913088 1.2209767787675674
11.721587572687454 0.7423382016685282 0.3983985133530272 30.41414194641637 7.274298868750926 1.2217556858542125
11.725833886750925 0.7425043675026829 0.3981059266359349 30.45008415651975 7.27897072059192 1.2225351259816288
11.730081589239836 0.7426705829171738 0.3978132287168097 30.486069159327492 7.2836443711634065 1.2233150995560325
11.734330680405078 0.7428368479359422 0.39752041952237016 30.522097005952563 7.288319821157284 1.224095606978018
11.738581160474425 0.7430031625820537 0.39722749898083703 30.55816774737434 7.292997071240581 1.2248766486443101
11.74283302971441 0.7431695268801204 0.3969344670176661 30.59428143496379 7.297676122123547 1.2256582249591381
11.747086288382418 0.743335940854426 0.396641323558851 30.63043812007738 7.3023569745069405 1.2264403363254333
11.751340936720558 0.7435024045286858 0.39634806853134474 30.666637854004808 7.307039629075281 1.2272229831437027
11.755596974966117 0.7436689179264562 0.3960547018623395 30.702880688057483 7.311724086508354 1.2280061658139465
11.759854403388971 0.743835481072598 0.3957612234766884 30.739166673887457 7.316410347522387 1.2287898847425447
11.764113222238146 0.7440020939911867 0.39546763330058726 30.77549586303273 7.321098412811241 1.2295741403324292
11.76837343175005 0.7441687567058329 0.39517393126100886 30.81186830698672 7.325788283055458 1.2303589329845885
11.772635032172605 0.7443354692406285 0.3948801172840376 30.84828405740435 7.330479958948837 1.2311442631025173
11.776898023767524 0.7445022316202339 0.39458619129471384 30.88474316612191 7.335173441200933 1.2319301310926376
11.78116240678274 0.7446690438688006 0.39429215321893407 30.92124568492162 7.339868730506714 1.2327165373592184
11.78542818145948 0.744835906010248 0.3939980029829616 30.957791665591827 7.344565827554347 1.2335034823056787
11.789695348035286 0.7450028180683809 0.3937037405132202 30.99438115995273 7.349264733028516 1.2342909663351425
11.793963906774172 0.7451697800680698 0.3934093657342146 31.031014220115242 7.353965447643639 1.2350789898560044
11.798233857922973 0.7453367920335432 0.39311487857153804 31.06769089810702 7.358667972095804 1.23586755327388
11.80250520172827 0.7455038539890502 0.39282027895070676 31.104411246017396 7.3633723070813994 1.2366566569947248
11.806777938426293 0.7456709659584646 0.3925255667978561 31.141175315910612 7.368078453286001 1.2374463014229702
11.811052068263573 0.7458381279660938 0.3922307420383161 31.177983160003357 7.372786411407111 1.238236486965337
11.815327591495997 0.7460053400366411 0.3919358045966756 31.214834830657203 7.377496182153127 1.2390272140306677
11.819604508369018 0.746172602194432 0.3916407543981484 31.25173038020813 7.382207766221542 1.2398184830262655
11.82388281912781 0.746339914463812 0.3913455913678704 31.288669861054043 7.38692116431013 1.2406102943597734
11.82816252401728 0.7465072768691456 0.3910503154309022 31.32565332565484 7.391636377116958 1.2414026484391734
11.832443623268736 0.7466746894342968 0.39075492651314525 31.362680826417208 7.396353405325702 1.2421955456703204
11.836726117137411 0.7468421521840952 0.39045942453875526 31.399752416019197 7.401072249646989 1.2429889864638917
11.841010005870407 0.7470096651430832 0.3901638094323521 31.43686814713322 7.405792910783078 1.2437829712294508
11.845295289711485 0.747177228335703 0.38986808111869065 31.47402807246752 7.410515389433142 1.2445775003763346
11.849581968904152 0.7473448417864178 0.38957223952244535 31.511232244792872 7.415239686296666 1.245372574314227
11.853870043691613 0.7475125055197092 0.3892762845682162 31.548480716942237 7.4199658020734 1.2461681934531477
11.858159514316789 0.747680219560079 0.3889802161805255 31.585773541811037 7.424693737463374 1.2469643582034577
11.862450381018196 0.747847983931887 0.38868403428410225 31.623110772321322 7.42942349316236 1.2477610689750949
11.8667426440353 0.7480157986595614 0.38838773880351407 31.660492461468333 7.4341550698677725 1.2485583261785653
11.871036303617833 0.7481836637679622 0.38809132966252186 31.697918662401896 7.438888468288942 1.249356130226678
11.875331360007575 0.7483515792816701 0.38779480678533734 31.735389428267887 7.443623689127033 1.250154481531161
11.879627813446007 0.7485195452252842 0.3874981700960972 31.772904812274867 7.448360733083482 1.2509533805040824
11.883925664174347 0.7486875616234253 0.38720141951885667 31.81046486769447 7.453099600860035 1.2517528275578582
11.888224912433518 0.7488556285007331 0.3869045549775946 31.848069647861198 7.457840293158715 1.252552823105245
11.892525558464143 0.7490237458818666 0.3866075763962123 31.885719206172443 7.462582810681817 1.2533533675593413
11.896827602506555 0.7491919137915051 0.386310483698533 31.92341359608868 7.46732715413192 1.2541544613335893
11.90113104480081 0.749360132254348 0.3860132768083007 31.96115287113365 7.472073324211903 1.2549561048417777
11.905435885586662 0.7495284012951143 0.38571595564918193 31.998937084894195 7.476821321624919 1.2557582984980367
11.909742125103566 0.7496967209385426 0.3854185201447648 32.03676629102036 7.481571147074394 1.25656104271684
11.914049763590713 0.7498650912093923 0.3851209702185577 32.074640543225826 7.486322801264074 1.2573643379130117
11.918358801286962 0.7500335121324414 0.3848233057939926 32.11255989528732 7.491076284897946 1.2581681845017125
11.922669238430904 0.750201983732489 0.3845255267944206 32.150524401045324 7.495831598680311 1.258972582898455
11.926981075260825 0.7503705060343536 0.3842276331431158 32.18853411440379 7.500588743315741 1.2597775335190944
11.931294312014732 0.7505390790628745 0.38392962476327086 32.22658908933038 7.505347719509118 1.2605830367798343
11.935608948930302 0.7507077028429097 0.3836315015780021 32.264689379856286 7.510108527965565 1.2613890930972202
11.939924986244945 0.7508763773993383 0.38333326351034464 32.30283504007666 7.51487116939053 1.2621957028881488
11.94424242419577 0.7510451027570594 0.38303491048325555 32.34102612415043 7.519635644489738 1.2630028665698607
11.94856126301958 0.7512138789409917 0.38273644241961174 32.37926268630048 7.524401953969194 1.2638105845599454
11.952881502952875 0.7513827059760744 0.38243785924221135 32.417544780813586 7.529170098535186 1.2646188572763377
11.95720314423187 0.7515515838872667 0.3821391608737719 32.45587246204071 7.5339400788942985 1.2654276851373223
11.961526187092476 0.7517205126995485 0.3818403472369316 32.49424578439692 7.538711895753403 1.2662370685615314
11.965850631770287 0.7518894924379187 0.38154141825425014 32.53266480236137 7.543485549819643 1.2670470079679435
11.970176478500619 0.7520585231273977 0.38124237384820503 32.57112957047766 7.548261041800467 1.2678575037758886
11.974503727518472 0.7522276047930255 0.38094321394119524 32.60964014335369 7.553038372403603 1.2686685564050446
11.978832379058554 0.7523967374598628 0.3806439384555385 32.64819657566177 7.557817542337073 1.2694801662754391
11.983162433355256 0.7525659211529898 0.3803445473134737 32.68679892213868 7.562598552309175 1.2702923338074477
11.987493890642677 0.7527351558975078 0.38004504043715837 32.725447237585826 7.567381403028506 1.2711050594217979
11.991826751154598 0.7529044417185381 0.3797454177486695 32.764141576869164 7.572166095203939 1.271918343539565
11.996161015124512 0.7530737786412225 0.37944567917000366 32.80288199491948 7.576952629544653 1.2727321865821775
12.000496682785604 0.7532431666907236 0.37914582462307633 32.84166854673235 7.5817410067601125 1.2735465889714146
12.004833754370733 0.7534126058922234 0.37884585402972304 32.880501287368034 7.586531227560051 1.274361551129403
12.009172230112467 0.7535820962709249 0.378545767311698 32.919380271951894 7.591323292654509 1.2751770734786245
12.013512110235213 0.7537516378517451 0.3782455643912173 32.95830555560375 7.59611720274514 1.275993156440434
12.017853394973546 0.7539212306600305 0.377945245189691 32.997277193602415 7.600912958545461 1.2768098004385087
12.022196084563578 0.7540908747212205 0.37764480962832014 33.03629524130854 7.605710560771318 1.277627005897227
12.026540179236651 0.7542605700606005 0.37734425762853363 33.07535975410792 7.610510010133918 1.2784447732404787
12.030885679223767 0.7544303167034757 0.37704358911167957 33.1144707874515 7.61531130734473 1.2792631028925046
12.035232584755644 0.7546001146751724 0.37674280399902393 33.15362839685574 7.6201144531155425 1.2800819952779006
12.039580896062665 0.7547699640010372 0.3764419022117517 33.19283263790238 7.6249194481584075 1.2809014508216143
12.043930613372284 0.7549398647063349 0.3761408836711471 33.23208356621504 7.6297262931827765 1.281721469948452
12.048281736901332 0.7551098168159482 0.3758397482991264 33.27138123738971 7.634534988886998 1.2825420530816307
12.052634266894065 0.755279820355864 0.37553849601560413 33.310725707338435 7.639345536000368 1.2833632006499498
12.056988203579614 0.7554498753515118 0.3752371267414365 33.35011703190551 7.644157935236105 1.2841849130797753
12.061343547186798 0.7556199818283412 0.3749356403973989 33.38955526700096 7.648972187307726 1.2850071907978264
12.065700297944113 0.7557901398118232 0.37463403690418307 33.4290404686007 7.653788292929031 1.2858300342311777
12.070058456069955 0.7559603493270667 0.37433231618307683 33.468572692657744 7.658606252803294 1.2866534438054098
12.074418021789139 0.756130610399465 0.3740304781548185 33.50815199525209 7.66342606764153 1.2874774199477308
12.078778995341285 0.7563009230550227 0.37372852273901663 33.54777843266714 7.668247738171765 1.2883019630885633
12.08314137695362 0.756471287319294 0.37342644985603285 33.58745206114309 7.6730712651089705 1.289127073656408
12.087505166853058 0.7566417032178537 0.3731242594261455 33.62717293698634 7.677896649168419 1.2899527520801208
12.091870365249548 0.7568121707756481 0.37282195137070195 33.66694111641801 7.682723891047268 1.2907789987857665
12.0962369723762 0.756982690018561 0.37251952560934126 33.70675665593918 7.687552991468934 1.2916058142042075
12.100604988467973 0.7571532609725823 0.37221698206146775 33.746619612137536 7.6923839511595276 1.2924331987670794
12.104974413750474 0.7573238836633697 0.3719143206470287 33.78653004158502 7.697216770835472 1.2932611529046654
12.109345248436773 0.7574945581161254 0.37161154128673285 33.826488000808475 7.70205145119997 1.294089677045292
12.113717492746835 0.7576652843563549 0.3713086439007056 33.866493546467204 7.7068879929645036 1.294918771619012
12.118091146921753 0.7578360624104218 0.371005628407503 33.90654673548357 7.711726396864579 1.2957484370603036
12.122466211185836 0.7580068923040681 0.37070249472673655 33.946647624696446 7.716566663617793 1.2965786738008869
12.126842685743657 0.7581777740622996 0.3703992427792797 33.986796270833395 7.721408793920559 1.2974094822691546
12.131220570825185 0.7583487077111472 0.3700958724841381 34.026992730924725 7.726252788498044 1.2982408628987423
12.135599866666073 0.7585196932768975 0.36979238375981804 34.067237062123176 7.731098648082365 1.299072816124787
12.139980573485806 0.7586907307852403 0.36948877652583795 34.107529321503335 7.735946373388406 1.299905342379781
12.144362691479241 0.7588618202609375 0.3691850507033164 34.14786956598309 7.740795965104455 1.3007384420919565
12.14874622089926 0.7590329617310511 0.3688812062092429 34.18825785308458 7.745647423983675 1.3015721157009974
12.153131161967885 0.7592041552214717 0.3685772429626383 34.22869424011665 7.7505007507457355 1.3024063636411494
12.157517514875503 0.7593754007568894 0.3682731608846088 34.26917878416655 7.75535594607596 1.3032411863410616
12.161905279868014 0.759546698364196 0.367968959892304 34.30971154290406 7.760213010721772 1.3040765842403692
12.166294457172372 0.7597180480695777 0.36766463990407877 34.350292573895224 7.765071945410295 1.3049125577755327
12.170685046978477 0.7598894498978086 0.367360200840749 34.39092193443402 7.769932750828296 1.3057491073763803
12.175077049527818 0.7600609038757112 0.36705564261944545 34.431599682362155 7.77479542772032 1.3065862334829894
12.179470465049214 0.760232410029648 0.36675096515806843 34.47232587547551 7.779659976817554 1.3074239365334575
12.183865293725463 0.7604039683842192 0.3664461683776007 34.513100571214096 7.784526398800898 1.3082622169575315
12.188261535806866 0.7605755789666948 0.3661412521942351 34.55392382771486 7.789394694426664 1.3091010751982595
12.192659191512169 0.760747241803148 0.36583621652624365 34.59479570289356 7.794264864416896 1.3099405116931013
12.197058261026335 0.7609189569183674 0.3655310612941324 34.63571625442278 7.799136909456896 1.3107805268734953
12.20145874460589 0.7610907243399702 0.36522578641333353 34.67668554071192 7.804010830311892 1.311621121184972
12.205860642446257 0.7612625440932231 0.36492039180340896 34.7177036196734 7.808886627680113 1.312462295061824
12.210263954763379 0.7614344162042288 0.36461487738238685 34.758770549481845 7.813764302283189 1.3133040489426913
12.214668681797978 0.7616063407000919 0.3643092430664664 34.79988638861491 7.818643854870876 1.3141463832713858
12.219074823720344 0.7617783176052031 0.36400348877662336 34.84105119496428 7.823525286115585 1.314989298478679
12.223482380791127 0.7619503469475147 0.3636976144274531 34.8822650273372 7.828408596790502 1.3158327950130575
12.227891353201601 0.7621224287523067 0.3633916199382549 34.923527943964714 7.833293787592639 1.3166768733101708
12.232301741170323 0.7622945630459588 0.3630855052263244 34.964840003404525 7.8381808592499125 1.3175215338113169
12.236713544926381 0.7624667498552966 0.36277927020811457 35.006201264385325 7.8430698125025895 1.3183667769602492
12.24112676465202 0.7626389892053534 0.3624729148032195 35.04761178526855 7.8479606480397095 1.3192126031921774
12.245541400604022 0.7628112811241066 0.3621664389259478 35.08907162518707 7.852853366633601 1.3200590129570309
12.24995745294705 0.7629836256359733 0.3618598424968915 35.13058084248118 7.857747968955181 1.3209060066875147
12.254374921939991 0.7631560227690841 0.3615531254299901 35.17213949644865 7.862644455780481 1.321753584834835
12.258793807760618 0.7633284725484388 0.36124628764470246 35.21374764569716 7.867542827796319 1.3226017478350771
12.263214110646466 0.7635009750014052 0.3609393290562264 35.25540534946907 7.872443085756438 1.3234504961362274
12.267635830792276 0.7636735301537169 0.3606322495826189 35.29711266667645 7.877345230367837 1.3242998301784972
12.272058968420168 0.7638461380322111 0.3603250491399243 35.33886965656197 7.882249262368552 1.3251497504077892
12.276483523735882 0.7640187986631217 0.3600177276452111 35.38067637828657 7.887155182479151 1.3260002572672984
12.28090949695212 0.7641915120729903 0.3597102850149516 35.42253289114978 7.892062991428614 1.3268513512019964
12.285336888279597 0.7643642782883163 0.3594027211656442 35.4644392545052 7.89697268994441 1.3277030326569095
12.289765697927626 0.7645370973355804 0.3590950360137713 35.50639552776622 7.901884278753148 1.3285553020772343
12.294195926105841 0.764709969241312 0.3587872294756797 35.548401770422366 7.906797758582485 1.329408159908669
12.298627573026243 0.7648828940321684 0.35847930146743867 35.59045804205872 7.911713130163402 1.3302616065978052
12.30306063889127 0.7650558717344699 0.3581712519056687 35.632564402242956 7.91663039421697 1.331115642589836
12.307495123921758 0.7652289023752911 0.3578630807055971 35.67472091079079 7.921549551485363 1.331970268333938
12.311931028306773 0.7654019859805029 0.35755478778454663 35.716927627289415 7.926470602676219 1.3328254842736076
12.316368352282165 0.7655751225778373 0.35724637305647367 35.759184611844596 7.931393548549769 1.3336812908618008
12.320807096017434 0.7657483121924746 0.35693783643983185 35.80149192400398 7.93631838979334 1.3345376885391216
12.325247259765542 0.7659215548528875 0.3566291778471599 35.843849624184195 7.941245127187558 1.335394677762717
12.329688843682497 0.7660948505838018 0.35632039719762126 35.88625777195108 7.9461737614061825 1.3362522589714676
12.334131848020018 0.7662681994137148 0.3560114944036098 35.92871642785769 7.951104293229874 1.3371104326231735
12.338576272955358 0.7664416013682542 0.35570246938258393 35.971225651819985 7.9560367233573706 1.3379691991617004
12.343022118705203 0.7666150564746232 0.35539332204914287 36.013785504204705 7.9609710525318755 1.3388285590389748
12.347469385483532 0.7667885647599558 0.3550840523179605 36.0563960454271 7.965907281494297 1.3396885127068465
12.351918073465637 0.7669621262499133 0.3547746601062843 36.099057335605856 7.970845410943313 1.3405490606101313
12.356368182895254 0.767135740972864 0.3544651453264872 36.14176943559013 7.975785441654284 1.3414102032073276
12.360819713939952 0.7673094089542414 0.3541555078961226 36.18453240557281 7.9807273743187315 1.342271940942646
12.365272666825422 0.7674831302217833 0.35384574772858646 36.22734630637911 7.985671209693413 1.34313427427199
12.369727041760846 0.7676569048026203 0.35353586473830595 36.27021119875062 7.990616948517472 1.3439972036485204
12.374182838914637 0.7678307327223297 0.35322585884242846 36.313127143110954 7.9955645914855 1.3448607295179427
12.378640058529385 0.7680046140094193 0.3529157299528238 36.35609420067272 8.000514139375168 1.3457248523407879
12.383098700786645 0.768178548690053 0.35260547798549213 36.39911243213551 8.005465592897094 1.3465895725662058
12.387558765882034 0.7683525367909801 0.35229510285533794 36.44218189840902 8.01041895277822 1.3474548906465194
12.392020254041759 0.7685265783401811 0.3519846044750202 36.485302660773584 8.01537421978019 1.348320807040439
12.396483165440088 0.7687006733636468 0.35167398276069467 36.52847478008275 8.020331394607677 1.3491873221970456
12.400947500285955 0.768874821888758 0.3513632376259873 36.571698317600216 8.025290478004578 1.3500544365725986
12.405413258796116 0.7690490239432379 0.35105236898386155 36.614973334740995 8.030251470724208 1.3509221506253317
12.409880441144576 0.7692232795531796 0.3507413767501395 36.65829989258126 8.03521437347311 1.3517904648056243
12.414349047539506 0.769397588746046 0.35043026083814655 36.70167805260356 8.04017918699651 1.3526593795709452
12.418819078195213 0.7695719515495774 0.35011902116066196 36.74510787642595 8.045145912047175 1.353528895380414
12.423290533292604 0.7697463679902483 0.3498076576326728 36.78858942541763 8.050114549341497 1.3543990126871062
12.427763413024794 0.7699208380950473 0.34949617016819773 36.832122761141875 8.055085099610151 1.355269731946924
12.432237717610779 0.7700953618920104 0.3491845586793335 36.8757079454898 8.060057563613308 1.3561410536212648
12.436713447245559 0.770269939408275 0.3488728230797294 36.91934504019507 8.065031942085202 1.3570129781673106
12.441190602092789 0.7704445706697942 0.34856096328509856 36.963034106761256 8.070008235725961 1.3578855060365889
12.44566918238331 0.770619255705179 0.34824897920635534 37.00677520742334 8.074986445311119 1.358758637694174
12.450149188312611 0.7707939945416993 0.3479368707567573 37.050568404147874 8.079966571577652 1.3596323735987115
12.454630620063092 0.7709687872061534 0.34762463785035325 37.09441375884965 8.084948615248724 1.36050671420675
12.459113477821894 0.7711436337255618 0.34731228040074213 37.138311333565674 8.089932577053501 1.3613816599762174
12.463597761804271 0.7713185341280798 0.34699979831944466 37.18226119068481 8.094918457753142 1.3622572113709865
12.468083472204137 0.7714934884410685 0.34668719151934724 37.2262633924637 8.099906258085822 1.363133368851227
12.472570609203988 0.7716684966914821 0.34637445991401195 37.27031800112342 8.10489597877776 1.364010132875335
12.477059172989032 0.7718435589064188 0.34606160341669073 37.314425078988066 8.109887620558927 1.3648875039026944
12.48154916377162 0.7720186751140734 0.34574862193862427 37.35858468872524 8.114881184190224 1.3657654823984549
12.486040581744058 0.7721938453418979 0.3454355153923273 37.40279689288272 8.119876670411005 1.3666440688243104
12.490533427098264 0.7723690696173674 0.3451222836902219 37.44706175408135 8.124874079960934 1.367523263642339
12.495027700002526 0.7725443479670737 0.3448089267462554 37.491379334786004 8.12987341355414 1.368403067310456
12.499523400668274 0.7727196804193301 0.3444954444712456 37.535749697963794 8.134874671953485 1.3692834802954803
12.504020529289837 0.7728950670018216 0.34418183677708075 37.580172906490795 8.139877855903558 1.37016450306135
12.508519086057515 0.7730705077421144 0.34386810357580944 37.62464902328057 8.144882966145214 1.3710461360716748
12.513019071161212 0.7732460026677985 0.3435542447793829 37.66917811132033 8.149890003419625 1.3719283797904542
12.51752048477522 0.7734215518058938 0.3432402603007207 37.71376023352003 8.154898968451333 1.3728112346790875
12.522023327096791 0.7735971551843539 0.3429261500510187 37.75839545309429 8.159909861991185 1.3736947012039382
12.526527598322375 0.7737728128311411 0.3426119139414046 37.80308383332785 8.16492268478989 1.3745787798316826
12.531033298640244 0.773948524773937 0.34229755188345395 37.847825437502195 8.169937437589816 1.3754634710278575
12.535540428238248 0.7741242910404461 0.34198306378864934 37.892620328972484 8.174954121133613 1.3763487752583827
12.54004898730384 0.7743001116583966 0.3416684495683765 37.9374685711679 8.17997273616425 1.3772346929895682
12.544558976019292 0.7744759866553537 0.34135370913425994 37.982370227544024 8.184993283419688 1.378121224687171
12.54907039456331 0.774651916058783 0.3410388423980485 38.02732536159887 8.190015763634673 1.3790083708167138
12.553583243135545 0.7748278998970063 0.3407238492699064 38.072334037117415 8.19504017756803 1.3798961318483056
12.558097521921818 0.7750039381978449 0.3404087296608382 38.117396317825275 8.200066525963956 1.3807845082498071
12.562613231107504 0.7751800309891428 0.34009348348175483 38.162512267522075 8.205094809566912 1.3816735004894602
12.567130370877575 0.7753561782987675 0.3397781106434716 38.20768195008183 8.210125029121675 1.3825631090358959
12.571648941416587 0.7755323801546098 0.3394626110567073 38.25290542945305 8.215157185373327 1.3834533343581352
12.57616894290867 0.7757086365845838 0.339146984632086 38.29818276965864 8.220191279067238 1.384344176925585
12.580690375537532 0.7758849476166265 0.3388312312801359 38.34351403479607 8.225227310949085 1.3852356372080414
12.585213239486484 0.7760613132786995 0.3385153509112876 38.38889928903764 8.230265281764863 1.386127715675692
12.589737534928615 0.7762377335984053 0.33819934343656044 38.43433859653198 8.235305192249958 1.3870204127971821
12.594263262056595 0.7764142086041502 0.33788320876547995 38.47983202170332 8.24034704316234 1.3879137290454908
12.598790421052827 0.7765907383239798 0.33756694680816207 38.52537962895204 8.245390835249312 1.3888076648920473
12.603319012098932 0.7767673227859494 0.3372505574746527 38.57098148274991 8.250436569258083 1.3897022208085992
12.607849035376118 0.776943962018138 0.3369340406748993 38.61663764764386 8.255484245936177 1.3905973972672876
12.612380491065135 0.7771206560486472 0.3366173963187551 38.66234818825567 8.26053386603139 1.3914931947406382
12.61691337934633 0.7772974049056032 0.33630062431597374 38.708113169282534 8.26558543029184 1.392389613701573
12.621447700399615 0.7774742086171548 0.3359837245762141 38.75393265549681 8.270638939465943 1.3932866546234017
12.625983454404487 0.7776510672114757 0.3356666970090354 38.799806711746484 8.275694394302436 1.3941843179798314
12.630520641539999 0.7778279807167624 0.3353495415239009 38.845735402954766 8.28075179555034 1.3950826042449576
12.635059261984786 0.7780049491612355 0.3350322580301751 38.891718794120514 8.285811143958997 1.395981513893269
12.639599315917042 0.778181972573139 0.33471484643712707 38.93775695031815 8.290872440278036 1.3968810473996474
12.644140803514553 0.7783590509807418 0.334397306653924 38.98384993669797 8.295935685257424 1.39778120523937
12.648683724954651 0.7785361844123351 0.334079638589639 39.0299978184859 8.301000879647406 1.3986819878881063
12.653228080414252 0.778713372896235 0.3337618421532449 39.076200660983844 8.30606802419855 1.3995833958219195
12.65777387006981 0.7788906164607807 0.33344391725361733 39.12245852956939 8.311137119661705 1.4004854295172642
12.662321094097374 0.7790679151343358 0.3331258637995324 39.16877148969646 8.31620816678805 1.4013880894509945
12.666869752672557 0.7792452689452884 0.33280768169966785 39.215139606895065 8.321281166329078 1.402291376100359
12.671419845970524 0.7794226779220496 0.3324893708626032 39.26156294677127 8.326356119036571 1.4031952899429994
12.67597137416601 0.779600142093055 0.3321709311968185 39.308041575007536 8.331433025662632 1.404099831456954
12.680524337433301 0.7797776614867639 0.3318523626106958 39.35457555736251 8.33651188695965 1.405005001120656
12.685078735946256 0.7799552361316597 0.33153366501251674 39.401164959671426 8.341592703680346 1.4059107994129356
12.689634569878285 0.7801328660562502 0.3312148383104653 39.44780984784593 8.346675476577733 1.4068172268130186
12.694191839402377 0.7803105512890676 0.3308958824126233 39.49451028787446 8.351760206405153 1.4077242838005313
12.698750544691052 0.780488291858667 0.33057679722697597 39.54126634582185 8.356846893916229 1.4086319708554917
12.703310685909974 0.7806660877933781 0.3302575826618575 39.588078087763876 8.361935539857734 1.4095402884570385
12.707872263231778 0.7808439391218436 0.3299382386249835 39.63494557992904 8.367026144985024 1.4104492370861814
12.712435276832213 0.7810218458728694 0.3296187650237192 39.68186888865952 8.372118710057736 1.4113588172250418
12.716999726882033 0.7811998080751078 0.32929916176565016 39.72884808032767 8.377213235830737 1.412269029355229
12.721565613551567 0.7813778257572366 0.32897942875825903 39.77588322138331 8.382309723059231 1.413179873958759
12.726132937010659 0.7815558989479567 0.32865956590892986 39.82297437835294 8.38740817249869 1.414091351518038
12.730701697428728 0.7817340276759936 0.3283395731249464 39.87012161784056 8.392508584904917 1.4150034625158758
12.735271894974739 0.7819122119700972 0.3280194503134912 39.917325006527456 8.397610961034024 1.4159162074354816
12.739843529817215 0.7820904518590424 0.3276991973816449 39.9645846111724 8.402715301642441 1.4168295867604657
12.744416602119156 0.7822687473714305 0.327378814236743 40.011900498559164 8.407821607481246 1.417743600973825
12.748991112038421 0.7824470985357046 0.32705830078634857 40.05927273550034 8.41292987929659 1.418658250558018
12.753567059756055 0.7826255053812539 0.326737656936267 40.106701389130905 8.418040117861327 1.41957353600063
12.758144445438772 0.7828039679369511 0.32641688259317425 40.154186526520085 8.423152323933138 1.4204894577868752
12.762723269252815 0.7829824862316924 0.32609597766364656 40.201728214814736 8.42826649826999 1.4214060164023645
12.767303531363993 0.7831610602944002 0.32577494205415614 40.24932652123986 8.433382641630185 1.4223232123331178
12.771885231937649 0.7833396901540207 0.3254537756710745 40.29698151309835 8.438500754772333 1.423241046065553
12.776468371117033 0.7835183758386812 0.3251324784221874 40.34469325754583 8.443620838431181 1.4241595180821551
12.781052949083517 0.7836971173780377 0.32481105021247536 40.39246182221737 8.448742893384885 1.4250786288735404
12.785638966004793 0.7838759148012561 0.32448949094774127 40.44028727468914 8.453866920397154 1.4259983789280846
12.790226422044366 0.784054768137381 0.3241678005339482 40.488169682576626 8.458992920227839 1.4269187687338152
12.794815317365261 0.7842336774154813 0.3238459788769573 40.53610911357368 8.464120893637089 1.4278397987791651
12.799405652110837 0.7844126426639024 0.3235240258838741 40.584105635251646 8.469250841363902 1.428761469549111
12.803997426450763 0.7845916639120578 0.3232019414598238 40.63215931554011 8.474382764177511 1.4296837815344092
12.808590640557396 0.7847707411895091 0.3228797255096071 40.68027022248056 8.479516662850983 1.430606735226856
12.81318529459193 0.7849498745254253 0.32255737793867223 40.7284384240814 8.484652538145749 1.4315303311165046
12.817781388710591 0.7851290639488255 0.3222348986526789 40.776663988382644 8.48979039081852 1.43245456969291
12.822378923047971 0.7853083094879276 0.32191228755866996 40.824946983280554 8.494930221602656 1.4333794514417704
12.82697789779302 0.7854876111731128 0.32158954455973704 40.87328747732603 8.500072031293126 1.4343049768602198
12.831578313105041 0.7856669690336492 0.32126666956091565 40.92168553884296 8.505215820652593 1.4352311464399314
12.836180169138997 0.7858463830986797 0.32094366246740774 40.970141236193626 8.510361590439713 1.4361579606722057
12.840783466022613 0.7860258533963277 0.3206205231861921 41.018654637537146 8.515509341383519 1.4370854200433547
12.84538820394733 0.7862053799572452 0.32029725161963657 41.067225811788184 8.520659074285138 1.438013525053029
12.849994383070573 0.7863849628108013 0.3199738476723587 41.115854827587825 8.52581078990851 1.4389422761945332
12.854602003531593 0.7865646019856997 0.31965031125011545 41.16454175346933 8.53096448899809 1.4398716739580066
12.859211065479984 0.7867442975110915 0.3193266422577992 41.2132866581595 8.536120172310744 1.4408017188361775
12.863821569095341 0.7869240494173413 0.31900284059805734 41.262089610787136 8.54127784063775 1.4417324113283314
12.868433514532157 0.7871038577338789 0.3186789061751607 41.31095068030071 8.546437494743163 1.442663751929199
12.873046901902336 0.7872837224885173 0.3183548388962344 41.359869935281715 8.551599135344231 1.44359574112541
12.87766173140357 0.7874636437124581 0.3180306386622385 41.4088474453058 8.55676276325504 1.4445283794214268
12.882278003189958 0.7876436214352478 0.3177063053770549 41.45788327957214 8.561928379241762 1.4454616673134189
12.886895717374687 0.7878236556848817 0.3173818389473013 41.50697750692986 8.567095984025634 1.4463956052897868
12.891514874142588 0.7880037464921925 0.3170572392744229 41.55613019707456 8.572265578408931 1.4473301938539247
12.89613547365397 0.7881838938871012 0.31673250626144656 41.60534141952707 8.577437163167343 1.4482654335047804
12.900757516018166 0.7883640978975855 0.31640763981484277 41.654611243350374 8.582610739020364 1.4492013247314908
12.90538100142042 0.7885443585546275 0.31608263983560636 41.70393973850167 8.587786306773316 1.450137868039068
12.910005930020121 0.7887246758882456 0.31575750622640814 41.75332697474888 8.592963867203448 1.4510750639278054
12.914632301914454 0.7889050499260772 0.31543223889415184 41.80277302128082 8.59814342101923 1.4520129128858967
12.919260117305576 0.7890854806998975 0.31510683773822107 41.85227794849358 8.603324969047526 1.4529514154233227
12.923889376328178 0.7892659682388957 0.31478130266259974 41.90184182614856 8.608508512040524 1.4538905720369042
12.928520079105533 0.7894465125718606 0.31445563357193546 41.951464723970155 8.613694050738498 1.4548303832216491
12.933152225826795 0.7896271137301945 0.3141298303661002 42.00114671247489 8.618881585956366 1.4557708494864514
12.937785816600188 0.7898077717421893 0.3138038929505155 42.05088786139796 8.624071118419286 1.4567119713242904
12.942420851593438 0.7899884866385015 0.3134778212262771 42.100688241198924 8.629262648919923 1.4576537492407386
12.94705733096179 0.7901692584493467 0.31315161509521455 42.15054792229031 8.634456178237848 1.4585961837393528
12.951695254811929 0.7903500872030917 0.312825274462433 42.20046697464858 8.639651707099102 1.459539275314331
12.956334623340094 0.7905309729316401 0.31249879922659285 42.25044546930053 8.644849236330927 1.4604830244785965
12.960975436642459 0.7907119156630394 0.31217218929325313 42.30048347628217 8.650048766649343 1.461427431725236
12.96561769489832 0.7908929154286242 0.3118454445619796 42.350581066611994 8.655250298864377 1.4623724975647658
12.970261398237213 0.7910739722578327 0.3115185649356976 42.400738310858884 8.66045383373118 1.4633182224980907
12.974906546795605 0.7912550861804201 0.31119155031670015 42.45095527975331 8.665659372013558 1.464264607028045
12.979553140740244 0.7914362572273675 0.3108644006050047 42.50123204444029 8.670866914510126 1.4652116516641502
12.984201180172015 0.7916174854271332 0.3105371157051226 42.55156867543942 8.676076461946582 1.4661593569030236
12.988850665287547 0.7917987708119549 0.31020969551467836 42.60196524439427 8.681288015156811 1.4671077232613219
12.993501596159422 0.7919801134092793 0.3098821399398871 42.652421821691604 8.68650157483655 1.4680567512309226
12.998153972998786 0.792161513252001 0.3095544488770617 42.70293847930825 8.691717141837744 1.4690064413324928
13.00280779588155 0.7923429703677886 0.3092266222318935 42.75351528784106 8.696934716861636 1.4699567940596225
13.00746306500456 0.7925244847890709 0.30889865990141147 42.8041523192881 8.702154300745935 1.470907809931112
13.012119780453919 0.792706056544006 0.3085705617902989 42.854849644531335 8.707375894205086 1.4718594894436678
13.016777942417123 0.7928876856647508 0.3082423277959513 42.905607335643886 8.712599498068114 1.4728118331152344
13.021437550983787 0.7930693721796919 0.30791395782251374 42.956425463720784 8.717825113055184 1.473764841444273
13.026098606339627 0.7932511161210096 0.3075854517672137 43.00730410099284 8.723052739995131 1.4747185149494209
13.030761108570198 0.7934329175170249 0.30725680953419116 43.058243318686124 8.728282379605357 1.4756728541293493
13.035425057866961 0.7936147764002348 0.30692803101997457 43.109243189271595 8.73351403272295 1.4766278595049278
13.04009045430382 0.7937966927985991 0.3065991161292317 43.16030378402367 8.738747700054038 1.4775835315734864
13.044757298081912 0.7939786667450852 0.30627006475751395 43.21142517569719 8.74398338244838 1.4785398708589381
13.049425589267024 0.7941606982674292 0.30594087680976867 43.262607435653486 8.749221080604803 1.4794968778579907
13.054095328056288 0.794342787398536 0.305611552181533 43.313850636781986 8.754460795370392 1.4804545530948015
13.0587665145338 0.7945249341669494 0.30528209077616814 43.3651548508213 8.75970252746632 1.48141289707088
13.063439148866125 0.7947071386044756 0.3049524924910705 43.41652015050398 8.764946277707207 1.482371910305178
13.068113231169747 0.7948894007410151 0.3046227572270211 43.467946608101606 8.770192046852383 1.4833315933069013
13.072788761572777 0.7950717206069692 0.30429288488383155 43.519434296102474 8.775439835675146 1.4842919465881732
13.077465740231982 0.7952540982339031 0.3039628753591429 43.57098328739978 8.780689644981862 1.4852529706675304
13.082144167229133 0.7954365336505049 0.3036327285557392 43.62259365414945 8.785941475495642 1.4862146660486342
13.086824042750408 0.7956190268895814 0.3033024443688874 43.6742654697481 8.79119532805771 1.4871770332571321
13.0915053668796 0.7958015779799944 0.3029720227009301 43.72599880655226 8.796451203395277 1.4881400727981593
13.096188139771199 0.7959841869534096 0.302641463449071 43.777793737788436 8.801709102315835 1.4891037851919182
13.100872361560073 0.796166853840775 0.30231076651174776 43.82965033655659 8.80696902560578 1.4900681709551131
13.105558032334692 0.7963495786712771 0.30197993179052396 43.88156867553246 8.812230974000322 1.491033230595427
13.110245152271661 0.7965323614775867 0.30164895918059015 43.93354882845796 8.817494948334573 1.4919989646392267
13.114933721463894 0.7967152022891587 0.3013178485828954 43.9855908682376 8.822760949350588 1.4929653735961759
13.119623740043913 0.7968981011370407 0.3009865998954397 44.037694868304946 8.828028977835826 1.4939324579846331
13.124315208162557 0.7970810580530421 0.3006552130147796 44.08986090238775 8.833299034599255 1.494900218327273
13.129008125898187 0.7972640730661937 0.30032368784243846 44.14208904349817 8.838571120369362 1.4958686551323566
13.13370249341015 0.7974471462087327 0.2999920242740677 44.19437936563937 8.843845235966539 1.496837768925388
13.138398310832068 0.7976302775119415 0.2996602222069833 44.24673194261959 8.84912138218322 1.4978075602271086
13.143095578236487 0.7978134670047684 0.2993282815426645 44.29914684765619 8.854399559744145 1.4987780295461788
13.147794295792165 0.7979967147199619 0.2989962021756405 44.351624155130295 8.8596797694831 1.4997491774116716
13.152494463624198 0.7981800206886165 0.29866398400337163 44.40416393902739 8.864962012185751 1.5007210043441859
13.157196081808122 0.7983633849399422 0.298331626926669 44.45676627286933 8.870246288583008 1.5016935108546074
13.16189915050443 0.7985468075065107 0.29799913084018514 44.50943123121891 8.875532599502197 1.5026666974719316
13.166603669838503 0.7987302884195726 0.29766649564090114 44.56215888833793 8.880820945732134 1.5036405647184379
13.171309639897848 0.7989138277089504 0.29733372122832186 44.61494931815461 8.886111328020005 1.504615113109105
13.176017060816772 0.7990974254063404 0.2970008074984891 44.66780259521291 8.891403747166548 1.5055903431691418
13.18072593272985 0.7992810815434982 0.2966677543472719 44.72071879415186 8.896698203973752 1.5065662554243586
13.185436255745644 0.7994647961512135 0.29633456167222344 44.773697989409925 8.901994699215319 1.5075428503957224
13.190148029954136 0.7996485692596006 0.29600122937205714 44.826740255307676 8.907293233644994 1.508520128600887
13.194861255508128 0.7998324009012725 0.29566775734088807 44.87984566696438 8.912593808088126 1.5094980905710778
13.199575932523329 0.8000162911074452 0.29533414547529846 44.93301429917416 8.917896423329307 1.5104767368303773
13.204292061096334 0.8002002399086379 0.2950003936730689 44.98624622660724 8.923201080132584 1.5114560678994446
13.20900964133802 0.8003842473359761 0.29466650183081317 45.03954152418653 8.928507779279025 1.5124360843024454
13.213728673385479 0.8005683134216572 0.2943324698431342 45.092900267223555 8.933816521580146 1.5134167865695423
13.218449157352143 0.8007524381970053 0.2939982976061521 45.14632253085504 8.939127307821813 1.5143981752265305
13.223171093338653 0.8009366216928949 0.2936639850167365 45.199808390165195 8.944440138776459 1.5153802507970948
13.227894481444784 0.8011208639402165 0.2933295319716619 45.25335792032037 8.949755015216505 1.5163630138052848
13.232619321807881 0.8013051649713753 0.29299493836488544 45.30697119700545 8.955071937957616 1.517346464783516
13.237345614539077 0.801489524817804 0.292660204092063 45.36064829570119 8.960390907786927 1.5183306042593023
13.242073359748924 0.8016739435109627 0.29232532904873354 45.41438929197457 8.96571192549189 1.5193154327605902
13.246802557524719 0.8018584210814539 0.2919903131319257 45.468194261220695 8.971034991834754 1.5203009508110277
13.251533207989112 0.8020429575613095 0.2916551562360058 45.52206327932954 8.976360107618529 1.5212871589421806
13.256265311261291 0.8022275529824757 0.29131985825542794 45.57599642224519 8.9816872736433 1.5222740576854483
13.26099886744951 0.8024122073765232 0.2909844190852605 45.62999376588058 8.987016490697828 1.5232616475705056
13.265733876661436 0.8025969207750492 0.29064883862045576 45.68405538623521 8.992347759571183 1.5242499291274574
13.270470338996384 0.8027816932093761 0.29031311675639804 45.73818135930658 8.997681081044018 1.525238902885221
13.275208254549126 0.8029665247106988 0.2899772533886352 45.79237176113328 9.003016455892835 1.5262285693723134
13.27994762344601 0.8031514153114948 0.28964124841031735 45.84662666820882 9.008353884930687 1.5272189291244065
13.284688445792366 0.8033363650434723 0.28930510171592316 45.9009461568802 9.013693368947939 1.5282099826733377
13.289430721692929 0.8035213739383662 0.28896881319981516 45.95533030358148 9.019034908735271 1.5292017305513776
13.294174451251859 0.8037064420279408 0.28863238275623415 46.009779184834095 9.024378505083705 1.5301941732912354
13.2989196345727 0.8038915693439863 0.28829581027930556 46.06429287724634 9.029724158784553 1.531187311426046
13.303666271748037 0.8040767559179164 0.28795909566377054 46.11887145739465 9.035071870617776 1.53218114548721
13.308414362880743 0.8042620017815969 0.2876222388034803 46.173515002067695 9.040421641375906 1.5331756760088382
13.313163908083464 0.8044473069673266 0.2872852395914293 46.22822358826123 9.04577347186349 1.5341709035276512
13.317914907457393 0.8046326715070076 0.28694809792126474 46.282997292933715 9.05112736287316 1.5351668285785296
13.322667361103129 0.8048180954325708 0.28661081368651264 46.3378361931314 9.056483315197882 1.5361634516967926
13.327421269120672 0.8050035787759745 0.28627338678057945 46.392740365988224 9.06184132963094 1.5371607734181942
13.332176631609414 0.8051891215692051 0.28593581709675303 46.44770988872594 9.067201406965935 1.5381587942789234
13.33693344866815 0.8053747238442767 0.28559810452819956 46.502744838654216 9.072563547996795 1.5391575148156063
13.341691720395078 0.8055603856332317 0.2852602489679656 46.557845293170836 9.07792775351778 1.5401569355653066
13.3464514468878 0.805746106968141 0.28492225030897594 46.613011329761775 9.083294024323482 1.5411570570655282
13.351212628243308 0.8059318878811031 0.28458410844403575 46.6682430260011 9.088662361208813 1.5421578798542097
13.355975264549613 0.8061177284039183 0.28424582326642367 46.72354045945392 9.094032764959564 1.5431594044679673
13.36073935591016 0.8063036285690405 0.2839073946681586 46.778903707959806 9.09940523637994 1.5441616314472264
13.365504902421856 0.8064895884087203 0.2835688225415589 46.834332849378114 9.104779776267785 1.5451645613316065
13.370271904179269 0.8066756079551698 0.2832301067789441 46.8898279616367 9.11015638541932 1.5461681946608017
13.375040361276362 0.806861687240629 0.28289124727251236 46.94538912275208 9.115535064631098 1.5471725319749468
13.37981027380646 0.807047826297365 0.2825522439143418 47.00101641082912 9.12091581469997 1.5481775738146086
13.384581641862324 0.807234025157676 0.28221309659638455 47.056709904062174 9.12629863642317 1.549183320720807
13.389354465536076 0.8074202838538863 0.28187380521047345 47.11246968073408 9.131683530598231 1.5501897732349939
13.39412874491922 0.8076066024183498 0.2815343696483184 47.16829581921667 9.137070498023006 1.5511969318990622
13.39890448010265 0.8077929808834483 0.2811947898015065 47.22418839797093 9.142459539495688 1.552204797255347
13.403681671176644 0.8079794192815928 0.28085506556150186 47.28014749554698 9.147850655814802 1.5532133698466246
13.408460318230876 0.8081659176452225 0.2805151968196459 47.33617319058434 9.153243847779212 1.5542226502161152
13.413240421354361 0.8083524760068046 0.2801751834671576 47.39226556181141 9.158639116188072 1.5552326389074722
13.418021980635531 0.8085390943988358 0.27983502539513216 47.448424688046494 9.164036461840904 1.5562433364648005
13.422804996162187 0.8087257728538411 0.2794947224945408 47.50465064819721 9.169435885537554 1.5572547434326443
13.427589468021495 0.8089125114043743 0.27915427465623205 47.56094352126066 9.174837388078185 1.558266860355987
13.432375396300014 0.809099310083018 0.27881368177092947 47.61730338632388 9.180240970263307 1.5592796877802615
13.437162781083673 0.8092861689223837 0.27847294372923337 47.67373032256354 9.18564663289376 1.5602932262513394
13.441951622457756 0.8094730879551111 0.27813206042162036 47.73022440924603 9.19105437677069 1.5613074763155357
13.446741920506946 0.8096600672138693 0.2777910317384413 47.78678572572786 9.19646420269561 1.5623224385196117
13.451533675304752 0.8098471067309453 0.2774498575706733 47.84341435133106 9.20187611145845 1.56333811340854
13.456326886943302 0.810034206539406 0.27710853780779837 47.90011036569504 9.207290103871216 1.564354501531815
13.461121555506066 0.8102213666720346 0.2767670723397438 47.95687384845475 9.212706180737182 1.5653716034376777
13.465917681075194 0.8104085871616153 0.2764254610563628 48.01370487932721 9.218124342859177 1.5663894196746662
13.470715263732204 0.8105958680409626 0.27608370384738096 48.070603538120004 9.223544591040367 1.567407950791767
13.475514303557954 0.8107832093429184 0.275741800602402 48.12756990473074 9.228966926084224 1.5684271973384047
13.480314800632682 0.8109706111003546 0.2753997512109011 48.184604059147865 9.234391348794572 1.569447159864456
13.485116755035984 0.8111580733461724 0.27505755556222866 48.24170608145045 9.239817859975567 1.5704678389202424
13.48992016684684 0.8113455961133025 0.27471521354560774 48.298876051808456 9.245246460431721 1.5714892350565357
13.494725036143567 0.8115331794347043 0.27437272505013616 48.356114050482425 9.250677150967858 1.5725113488245506
13.499531362997502 0.8117208233431192 0.27403008996523714 48.41342015774828 9.256109932381971 1.5735341807746008
13.504339147474816 0.811908527871141 0.27368730818053016 48.47079445391857 9.261544805467276 1.574557731456482
13.50914838966793 0.8120962930524427 0.2733443795835909 48.52823701971787 9.26698177104772 1.5755820014261621
13.513959089652593 0.8122841189201011 0.27300130406300993 48.5857479357709 9.272420829929477 1.5766069912366483
13.518771247503896 0.8124720055072228 0.2726580815072513 48.64332728279354 9.277861982919042 1.5776327014413942
13.523584863296279 0.8126599528469421 0.2723147118046523 48.70097514159295 9.283305230823244 1.5786591325943011
13.528399937103545 0.8128479609724248 0.2719711948434215 48.75869159306785 9.288750574449262 1.5796862852497224
13.533216468983726 0.8130360299162752 0.27162753051271865 48.816476718027005 9.29419801458751 1.580714159959233
13.538034459008 0.8132241597116657 0.2712837187005919 48.8743305975359 9.299647552044343 1.581742757277799
13.542853907263437 0.8134123503924449 0.27093975929377956 48.93225331295059 9.305099187645169 1.5827720777643703
13.547674813821233 0.8136006019918962 0.270595652179978 48.990244945536425 9.310552922198518 1.5838021219751013
13.552497178751906 0.8137889145433321 0.27025139724675656 49.04830557665024 9.316008756513236 1.5848328904665892
13.557321002122285 0.8139772880799768 0.2699069943817725 49.10643528770442 9.321466691395077 1.5858643837952364
13.562146283970318 0.8141657226339813 0.26956244347456915 49.16463415986263 9.326926727618197 1.586896602511857
13.566973024397639 0.8143542182400401 0.2692177444099667 49.22290227515646 9.332388866029897 1.5879295471814774
13.571801223472145 0.814542774931585 0.26887289707501766 49.281239715311266 9.337853107440395 1.5889632183625049
13.576630881261066 0.8147313927420781 0.26852790135664495 49.33964656214477 9.343319452660245 1.5899976166137997
13.58146199781201 0.8149200717042708 0.2681827571429962 49.39812289733739 9.348787902478877 1.5910327424906092
13.586294573185457 0.8151088118514732 0.26783746432112326 49.45666880282532 9.354258457701382 1.5920685965515309
13.591128607469763 0.81529761321814 0.26749202277590756 49.51528436098332 9.359731119165504 1.593105179361734
13.595964100729502 0.815486475837853 0.26714643239375224 49.5739696539992 9.365205887683164 1.5941424914818907
13.600801053013173 0.8156753997436231 0.2668006930620306 49.63272476396626 9.370682764049182 1.59518053346982
13.605639464366632 0.8158643849684134 0.26645480466812677 49.69154977304596 9.376161749056473 1.5962193058833645
13.610479334883898 0.8160534315471248 0.26610876709580406 49.750444764086396 9.381642843553601 1.5972588092913058
13.615320664626866 0.8162425395134603 0.26576258023094107 49.80940981964695 9.38712604835386 1.5982990442561358
13.62016345362675 0.8164317088999805 0.26541624396143293 49.86844502201397 9.392611364236894 1.5993400113343434
13.625007701951024 0.8166209397407196 0.2650697581724007 49.927550454016675 9.398098792024522 1.6003817110908127
13.629853409681274 0.8168102320703191 0.26472312274777704 49.986726198758454 9.403588332555664 1.6014241440940638
13.634700576870202 0.8169995859223496 0.2643763375733794 50.04597233909211 9.40907998663763 1.6024673109070098
13.639549203532587 0.8171890013289571 0.26402940253755797 50.105288957507845 9.414573755035876 1.6035112120849988
13.644399289775105 0.817378478325934 0.2636823175219084 50.16467613772144 9.420069638621092 1.6045558482037614
13.649250835654868 0.8175680169471945 0.263335082411389 50.224133962945245 9.425567638208932 1.6056012198289702
13.65410384117487 0.8177576172245952 0.2629876970946516 50.283662515829455 9.431067754554833 1.6066473275152318
13.658958306436103 0.8179472791938784 0.26264016145315194 50.34326188032794 9.436569988526418 1.6076941718388778
13.663814231500528 0.8181370028893193 0.2622924753709568 50.40293214001888 9.442074340948196 1.6087417533684376
13.66867161636839 0.8183267883428396 0.2619446387363691 50.462673377823975 9.447580812575845 1.609790072659729
13.673530461136195 0.8185166355901785 0.26159665143061744 50.5224856779505 9.453089404275282 1.6108391302899445
13.678390765866913 0.8187065446658236 0.26124851333714794 50.582369124296854 9.458600116875546 1.6118889268296532
13.683252530547568 0.8188965156013526 0.26090022434466303 50.64232379992783 9.464112951120693 1.612939462833625
13.688115755291069 0.8190865484333192 0.26055178433266546 50.702349789562525 9.469627907898648 1.6139907388844306
13.692980440135637 0.8192766431954176 0.2602031931858222 50.76244717710274 9.475144988013781 1.615042755549118
13.697846585090389 0.8194667999202623 0.25985445079070374 50.82261604619279 9.480664192238589 1.616095513389044
13.70271419025989 0.8196570186442558 0.25950555702685446 50.88285648176011 9.486185521454956 1.6171490129868222
13.707583255648997 0.8198472993999621 0.2591565117807815 50.94316856760238 9.491708976432822 1.618203254904106
13.712453781318121 0.8200376422221753 0.25880731493482356 51.003552388307774 9.497234558006276 1.6192582397151805
13.717325767339647 0.8202280471462153 0.25845796637027557 51.06400802871725 9.502762267024142 1.6203139679975427
13.72219921369277 0.8204185142038186 0.2581084659749289 51.12453557261857 9.508292104230659 1.6213704403091058
13.72707412049492 0.820609043432183 0.2577588136264761 51.18513510561953 9.513824070528056 1.6224276572383596
13.731950487739544 0.8207996348637192 0.2574090092113148 51.245806711891646 9.519358166679028 1.6234856193475284
13.736828315492835 0.8209902885337399 0.2570590526104384 51.30655047661449 9.524894393529976 1.6245443272152267
13.741707603802734 0.8211810044769037 0.25670894370596176 51.36736648484509 9.530432751907743 1.6256037814167277
13.74658835267729 0.8213717827263683 0.25635868238267584 51.42825482124703 9.53597324259504 1.626663982519257
13.75147056221512 0.8215626233188913 0.2560082685186838 51.48921557171813 9.541515866478552 1.6277249311103306
13.75635423237531 0.8217535262858349 0.2556577020019155 51.55024882051843 9.547060624287715 1.6287866277477607
13.76123936328245 0.82194449166509 0.25530698270823327 51.6113546540802 9.552607516941029 1.629849073025953
13.766125954902412 0.822135519488403 0.2549561105247039 51.67253315695604 9.558156545177951 1.6309122675054217
13.771014007332273 0.8223266097927086 0.2546050853287856 51.7337844154449 9.563707709888082 1.6319762117758385
13.775903520562478 0.8225177626108321 0.2542539070054047 51.79510851461526 9.569261011841103 1.633040906404293
13.780794494665008 0.8227089779788467 0.2539025754334413 51.85650554066243 9.57481645190046 1.634106351976244
13.78568692964777 0.8229002559303799 0.25355109049618874 51.917975579083006 9.580374030858003 1.635172549063818
13.7905808255671 0.8230915965010126 0.2531994520732714 51.9795187160868 9.585933749561756 1.6362394982503141
13.79547618243884 0.8232829997248027 0.25284766004703135 52.04113503748002 9.591495608814922 1.6373072001108289
13.800373000313241 0.823474465637213 0.2524957142971487 52.10282462960703 9.597059609460976 1.6383756552285835
13.80527127920451 0.8236659942723578 0.2521436147057019 52.164587578463866 9.602625752303611 1.6394448641795616
13.810171019166436 0.8238575856659588 0.25179136115173345 52.226423970651176 9.60819403819269 1.6405148275490096
13.815072220201843 0.8240492398518051 0.25143895351775786 52.288333892232146 9.61376446792133 1.6415855459116704
13.819974882377817 0.8242409568662599 0.25108639168147684 52.35031743018752 9.619337042356877 1.6426570198569515
13.824879005676044 0.8244327367424065 0.25073367552654097 52.412374670524414 9.624911762270793 1.6437292499562224
13.829784590186707 0.8246245795176325 0.2503808049286049 52.47450570072874 9.63048862855906 1.6448022368052029
13.834691635860466 0.8248164852239295 0.25002777977316637 52.53671060662581 9.636067641960244 1.6458759809697214
13.8396001428065 0.8250084538995491 0.24967459993412577 52.598989476156 9.641648803394316 1.6469504830509196
13.844510110976527 0.8252004855766462 0.24932126529651946 52.661342395369246 9.64723211360342 1.6480257436161052
13.849421540454824 0.825392580292621 0.2489677757356504 52.723769452104335 9.652817573481624 1.6491017632622371
13.854334431233715 0.8255847380813383 0.24861413113324482 52.786270733139006 9.65840518381963 1.6501785425667683
13.859248783341963 0.8257769589781494 0.2482603313682121 52.848846325820475 9.66399494545078 1.6512560821157622
13.864164596829463 0.8259692430192936 0.24790637631774504 52.91149631787249 9.66958685923366 1.6523343825005534
13.86908187165931 0.8261615902376765 0.24755226586509035 52.97422079601931 9.675180925929322 1.6534134442940662
13.874000607922678 0.8263540006712751 0.24719799988407712 53.03701984872549 9.680777146445731 1.6544932680979592
13.878920805586201 0.826546474353256 0.24684357825730702 53.09989356297383 9.686375521550376 1.655573854487193
13.883842464696087 0.8267390113199613 0.24648900086145398 53.16284202687028 9.691976052102488 1.6566552040548321
13.888765585289846 0.8269316116074539 0.24613426757362156 53.22586532851789 9.697578738952625 1.6577373173926708
13.893690167322688 0.8271242752486392 0.24577937827664656 53.28896355507322 9.7031835828589 1.658820195075046
13.89861621088116 0.827317002281623 0.24542433284370457 53.35213679548263 9.708790584730112 1.6599038377058064
13.903543715951324 0.8275097927406416 0.24506913115501494 53.41538513751306 9.71439974536192 1.6609882458673435
13.908472682534702 0.8277026466605989 0.24471377308948455 53.478708669236624 9.720011065568794 1.66207342014608
13.913403110689536 0.8278955640786801 0.24435825852173393 53.54210747956248 9.725624546231005 1.6631593611415685
13.91833500038801 0.8280885450287658 0.24400258733238872 53.605581656401775 9.731240188132073 1.664246069435048
13.923268351655784 0.828281589546891 0.24364675939802116 53.66913128846108 9.736857992117628 1.665333545620173
13.928203164533835 0.8284746976697537 0.24329077459389709 53.73275646475359 9.74247795905198 1.6664217902946228
13.933139438991713 0.8286678694313186 0.24293463280023705 53.796457273479916 9.748100089719328 1.6675108040409643
13.938077175056774 0.8288611048678765 0.2425783338928905 53.860233803694456 9.753724384970939 1.6686005874551544
13.943016372763887 0.8290544040160741 0.2422218777469644 53.92408614465804 9.759350845667878 1.6696911411354551
13.947957032091363 0.8292477669104084 0.24186526424144675 53.98801438500937 9.764979472608026 1.6707824656682853
13.95289915304549 0.8294411935865345 0.24150849325310544 54.05201861385718 9.770610266622366 1.671874561646882
13.957842735666379 0.8296346840814942 0.24115156465606546 54.116098920857645 9.776243228581674 1.6729674296726023
13.96278777995263 0.8298282384307683 0.24079447832724682 54.18025539523876 9.781878359310667 1.6740610703382772
13.967734285866374 0.8300218566684735 0.2404372341460011 54.24448812586377 9.787515659593753 1.6751554842293128
13.972682253464477 0.8302155388324981 0.24007983198463692 54.30879720293492 9.793155130324543 1.676250671952716
13.977631682750822 0.8304092849587206 0.2397222717190858 54.373182716076855 9.798796772337532 1.6773466341044256
13.982582573700112 0.8306030950819405 0.23936455322718425 54.43764475464372 9.8044405864352 1.6784433712745637
13.987534926317467 0.8307969692382124 0.23900667638436918 54.50218340849454 9.810086573455955 1.6795408840606305
13.992488740631092 0.8309909074645582 0.23864864106420475 54.56679876789954 9.81573473426578 1.680639173065897
13.997444016641694 0.8311849097969877 0.23829044714203787 54.631490922880964 9.821385069700577 1.6817382388881914
14.00240075432039 0.8313789762704167 0.2379320944951502 54.69625996318438 9.827037580563767 1.6828380821194282
14.007358953674617 0.8315731069212466 0.23757358299799447 54.761105979139174 9.832692267701443 1.6839387033602227
14.012318614724196 0.8317673017864287 0.23721491252392188 54.82602906134777 9.8383491319751 1.6850401032145976
14.017279737466602 0.8319615609021036 0.23685608294769334 54.89102930023101 9.844008174222019 1.6861422822822698
14.02224232189014 0.8321558843041177 0.23649709414452794 54.95610678619994 9.849669395270288 1.6872452411615708
14.027206367963078 0.8323502720275975 0.236137945990889 55.0212616095127 9.85533279592641 1.6883489804470257
14.032171875717504 0.8325447241102332 0.23577863835841525 55.08649386137569 9.860998377070967 1.6894535007480043
14.037138845147636 0.8327392405882972 0.23541917112127925 55.15180363260978 9.866666139542625 1.690558802666115
14.042107276246858 0.8329338214980947 0.23505954415350575 55.217191014135736 9.872336084180377 1.6916648868034363
14.04707716900176 0.8331284668757291 0.2346997573294049 55.282656096895934 9.878008211816745 1.692771753761189
14.052048523378014 0.8333231767565508 0.234339810524593 55.348198971667756 9.883682523261655 1.6938794041365886
14.057021339399771 0.833517951178265 0.23397970361024484 55.41381973011072 9.889359019393067 1.6949878385405353
14.061995617057146 0.8337127901773101 0.23361943645979028 55.47951846354763 9.89503770105139 1.6960970575770091
14.066971356339398 0.8339076937901563 0.2332590089465126 55.54529526340141 9.90071856907734 1.6972070618504567
14.071948557234972 0.8341026620533077 0.23289842094354457 55.61115022119606 9.906401624312004 1.6983178519658055
14.076927219729237 0.8342976950032137 0.23253767232403236 55.6770834285265 9.912086867594251 1.6994294285279545
14.081907343783037 0.8344927926754286 0.23217676296268996 55.74309497677421 9.917774299736237 1.7005417921369836
14.08688892941172 0.8346879551077085 0.23181569273007066 55.809184958154994 9.923463921613662 1.7016549434058093
14.091871976600395 0.8348831823366905 0.23145446149870924 55.87535346459635 9.929155734068999 1.7027688829412562
14.09685648533336 0.8350784743990464 0.23109306914098754 55.941600588127336 9.934849737945102 1.703883611350634
14.101842455594047 0.8352738313314801 0.23073151552913912 56.00792642087785 9.94054593408514 1.7049991292417213
14.106829887365047 0.8354692531707301 0.23036980053524664 56.07433105507906 9.946244323332632 1.7061154372227731
14.111818780628116 0.8356647399535675 0.23000792403124093 56.14081458306365 9.951944906531457 1.7072325359025233
14.11680913536416 0.8358602917167974 0.2296458858889029 56.20737709726565 9.957647684525835 1.7083504258901803
14.121800951538859 0.836055908496695 0.2292836859809051 56.274018690028534 9.963352658143897 1.7094691077922055
14.126794229141458 0.8362515903305258 0.22892132417799707 56.34073945412324 9.969059828242031 1.71058858222101
14.131788968155984 0.8364473372554178 0.22855880035109385 56.40753948236425 9.97476919567198 1.7117088497885022
14.136785168559964 0.8366431493083114 0.22819611437136705 56.47441886759262 9.980480761279383 1.7128299111058052
14.141782830330072 0.836839026526181 0.22783326610983765 56.54137770275117 9.986194525910228 1.713951766784518
14.146781953442137 0.8370349689460351 0.2274702554373717 56.608416080884936 9.991910490410866 1.7150744174367218
14.151782537871119 0.8372309766049159 0.22710708222468445 56.67553409514073 9.99762865562799 1.7161978636749724
14.156784583591131 0.8374270495398993 0.2267437463423369 56.74273183876777 10.003349022408647 1.7173221061123067
14.161788090575415 0.8376231877880954 0.2263802476607381 56.81000940511721 10.009071591600232 1.7184471453622376
14.16679305879638 0.8378193913866491 0.22601658605014144 56.87736688764301 10.014796364050522 1.7195729820387642
14.171799488225542 0.8380156603727384 0.2256527613806479 56.94480437990106 10.02052334060761 1.7206996167563575
14.176807378833567 0.8382119947835761 0.22528877352220467 57.012321975549966 10.026252522119963 1.7218270501299722
14.181816730590262 0.8384083946564092 0.22492462234460345 57.07991976835099 10.031983909436402 1.7229552827750443
14.186827543464561 0.8386048600285186 0.22456030771748212 57.147597852167976 10.037717503406109 1.724084315307488
14.19183981742452 0.8388013909372196 0.2241958295103246 57.21535632096738 10.043453304878597 1.7252141483436967
14.19685355243735 0.8389979874198626 0.22383118759245796 57.28319526881884 10.049191314703771 1.7263447825005496
14.201868748469366 0.8391946495138314 0.22346638183305598 57.35111478989461 10.054931533731864 1.7274762183954018
14.206885405486018 0.8393913772565447 0.22310141210113565 57.41911497847005 10.060673962813475 1.7286084566460918
14.21190352345189 0.8395881706854561 0.2227362782655581 57.48719592892379 10.066418602799567 1.7297414978709422
14.216923102330671 0.8397850298380527 0.2223709801950301 57.55535773573731 10.072165454541448 1.730875342688752
14.221944142085176 0.839981954751857 0.22200551775810126 57.62360049349547 10.077914518890777 1.7320099917188039
14.226966642677368 0.8401789454644265 0.22163989082316343 57.691924296886846 10.083665796699613 1.7331454455808686
14.231990604068292 0.8403760020133526 0.2212740992584535 57.760329240702994 10.089419288820327 1.7342817048951924
14.237016026218129 0.8405731244362616 0.22090814293205108 57.82881541983919 10.095174996105674 1.7354187702825075
14.24204290908616 0.840770312770815 0.22054202171187848 57.89738292929421 10.100932919408752 1.7365566423640273
14.247071252630798 0.8409675670547088 0.22017573546570027 57.966031864170695 10.106693059583034 1.7376953217614506
14.252101056809563 0.8411648873256738 0.21980928406112363 58.03476231967503 10.112455417482355 1.7388348090969592
14.257132321579066 0.8413622736214761 0.21944266736559812 58.10357439111722 10.118219993960887 1.7399751049932153
14.262165046895044 0.8415597259799162 0.2190758852464147 58.17246817391149 10.123986789873182 1.7411162100733688
14.267199232712338 0.84175724443883 0.2187089375707064 58.24144376357595 10.129755806074153 1.742258124961052
14.272234878976427 0.8419548290357568 0.21834182420606385 58.31050125561684 10.135527043409366 1.743400850278462
14.277271985634636 0.8421524798083776 0.2179745450197203 58.379640745681726 10.141300502727898 1.7445443866488979
14.282310552651822 0.8423501967951322 0.21760709987740534 58.44886232977547 10.147076184900305 1.7456887347003285
14.287350579979217 0.8425479800339969 0.21723948864561635 58.518166103833046 10.15285409078293 1.7468338950583233
14.292392067567167 0.8427458295629832 0.21687171119069093 58.587552163893974 10.158634221232493 1.747979868348938
14.297435015365116 0.8429437454201381 0.21650376737880583 58.65702060610238 10.16441657710608 1.749126655198715
14.30247942332159 0.8431417276435437 0.21613565707597882 58.726571526706834 10.170201159261131 1.7502742562346802
14.307525291384197 0.8433397762713168 0.21576738014806784 58.79620502206048 10.175987968555438 1.7514226720843422
14.312572619497766 0.8435378913415368 0.21539893646090738 58.86592118859543 10.181777005845008 1.752571903375271
14.317621407577521 0.8437360728911918 0.2150303258822652 58.935720122451706 10.187568271953301 1.7537219507289838
14.322671655599288 0.8439343209597199 0.2146615482752581 59.00560192072433 10.1933617677747 1.7548728147814945
14.327723363507026 0.8441326355853802 0.21429260350510046 59.07556668018604 10.199157494168452 1.7560244961622569
14.332776531243805 0.8443310168064685 0.2139234914368423 59.14561449771511 10.204955451994204 1.757176995501219
14.337831158751746 0.844529464661315 0.2135542119353755 59.21574547029453 10.210755642111932 1.7583303134288082
14.342887245972085 0.8447279791882871 0.21318476486542584 59.28595969501318 10.216558065382024 1.7594844505759484
14.34794479280229 0.8449265604241054 0.212815150094689 59.3562572684694 10.222362722616051 1.7606394075642628
14.353003799222416 0.8451252084088055 0.21244536748459564 59.426638288527194 10.228169614721795 1.7617951850349303
14.358064265171448 0.8453239231808823 0.2120754168993462 59.497102852599 10.233978742561339 1.7629517836204565
14.363126190586915 0.8455227047788465 0.21170529820301698 59.56765105819538 10.239790106996526 1.7641092039537123
14.368189575405394 0.8457215532412435 0.21133501125952167 59.63828300293243 10.245603708889545 1.7652674466680556
14.37325441951314 0.8459204686047147 0.210964555936225 59.70899878384203 10.251419549046233 1.7664265123860237
14.37832072289107 0.8461194509096922 0.21059393209333466 59.779798499396 10.257237628382557 1.767586401752517
14.383388485474567 0.8463185001948926 0.21022313959415673 59.85068224755034 10.263057947763654 1.7687471154027232
14.388457707196476 0.8465176164990058 0.20985217830194897 59.92165012634472 10.26888050805319 1.7699086539719553
14.393528387954658 0.8467167998594208 0.20948104808229695 59.99270223344773 10.27470531007609 1.771071018088209
14.398600527689378 0.8469160503152643 0.20910974879745095 60.063838667240454 10.28053235470743 1.772234208389896
14.403674126353774 0.8471153679062434 0.2087382803084823 60.13505952640496 10.28636164283854 1.7733982255190963
14.408749183876923 0.8473147526711928 0.20836664247798936 60.206364909405764 10.29219317533456 1.7745630701130781
14.413825700144834 0.8475142046473285 0.2079948351714912 60.27775491422126 10.2980269530126 1.7757287427999275
14.418903675103865 0.8477137238743118 0.2076228582498511 60.349229639797436 10.303862976760572 1.7768952442222885
14.423983108701536 0.8479133103919225 0.2072507115736114 60.42078918521758 10.309701247469192 1.7780625750237875
14.429064000858842 0.8481129642389733 0.20687839500502075 60.49243364931201 10.315541766000162 1.7792307358426704
14.43414635143893 0.8483126854520767 0.20650590841033187 60.56416313021421 10.321384533150146 1.7803997273045813
14.43923016042896 0.8485124740727934 0.20613325164647153 60.635977727927724 10.327229549859839 1.781569550064398
14.444315427751361 0.848712330140214 0.2057604245748732 60.70787754166394 10.333076816997005 1.7827402047628251
14.44940215327344 0.8489122536913375 0.2053874270607742 60.77986266997458 10.338926335367491 1.7839116920285858
14.454490336947712 0.8491122447665863 0.20501425896292674 60.85193321273676 10.344778105876605 1.7850840125107306
14.459579978714132 0.8493123034059636 0.20464092014076463 60.924089269771926 10.350632129416697 1.7862571668561404
14.46467107844374 0.8495124296468388 0.20426741045853758 60.996330940045176 10.35648840680234 1.787431155696524
14.469763636068063 0.8497126235290338 0.20389372977581985 61.06865832349978 10.36234693891916 1.7886059796782445
14.474857651535608 0.8499128850931128 0.20351987795069867 61.14107152044238 10.368207726673813 1.7897816394523052
14.479953124707599 0.8501132143762841 0.20314585484742725 61.213570630060126 10.374070770874027 1.790958135650282
14.48505005552154 0.8503136114188299 0.20277166032441943 61.28615575274566 10.379936072416788 1.792135468922071
14.490148443921036 0.8505140762613481 0.20239729423939978 61.358826989101324 10.385803632207606 1.7933136399197052
14.495248289743726 0.8507146089403453 0.2020227564576323 61.43158443834024 10.391673451031538 1.7944926492714446
14.500349592960493 0.8509152094976431 0.20164804683435486 61.504428201697046 10.397545529828495 1.7956724976370655
14.50545235348099 0.8511158779727311 0.20127316522905883 61.57735837965574 10.403419869469428 1.796853185662914
14.510556571151355 0.8513166144026776 0.2008981115056598 61.65037507191341 10.409296470753661 1.798034713981354
14.51566224595761 0.8515174188301271 0.20052288551755348 61.72347838028979 10.415175334643086 1.799217083257846
14.520769377748683 0.8517182912924094 0.20014748712796482 61.79666840476523 10.421056461943257 1.8004002941268349
14.525877966449805 0.8519192318299313 0.19977191619426823 61.869945246534556 10.426939853549102 1.8015843472411555
14.530988011991532 0.8521202404833856 0.19939617257320102 61.9433090069925 10.43282551036321 1.8027692432556084
14.53609951420398 0.852321317289591 0.1990202561286413 62.01675978621384 10.438713433174001 1.8039549828024246
14.541212473077964 0.8525224622917635 0.19864416671240614 62.090297686704474 10.44460362295652 1.8051415665518322
14.54632688843522 0.8527236755265454 0.1982679041885002 62.16392280866274 10.45049608049257 1.8063289951355561
14.551442760231888 0.8529249570359431 0.19789146841079655 62.23763525434323 10.456390806720327 1.807517269217243
14.556560088342447 0.8531263068588272 0.19751485923893014 62.3114351249482 10.46228780248541 1.8087063894423059
14.561678872658238 0.853327725034809 0.197138076531048 62.385322522045314 10.468187068654396 1.8098963564607973
14.566799113108475 0.8535292116050677 0.19676112014226194 62.45929754787272 10.474088606139057 1.8110871709323073
14.571920809531708 0.8537307666072916 0.19638398993411119 62.53336030348193 10.479992415748201 1.812278833496067
14.577043961899797 0.8539323900844933 0.1960066857580709 62.60751089197528 10.485898498445845 1.813471344823051
14.582168570010715 0.8541340820729195 0.1956292074781734 62.68174941406275 10.491806854997098 1.8146647055444958
14.587294633865502 0.8543358426168867 0.1952515549432451 62.75607597351869 10.49771748640273 1.8158589163396464
14.592422153237385 0.8545376717518232 0.19487372801864525 62.83049067093933 10.503630393402391 1.8170539778354167
14.597551128136658 0.8547395695225664 0.19449572655201686 62.90499361048398 10.509545577010657 1.818249890714696
14.602681558337414 0.8549415359647343 0.19411755040815826 62.979584893006525 10.515463037971262 1.8194466556060422
14.607813443841026 0.8551435711229703 0.19373919943486517 63.05426462278799 10.521382777291633 1.8206442731917536
14.612946784420078 0.8553456750329895 0.19336067349654928 63.12903290090585 10.52730479571686 1.8218427441014815
14.618081580077503 0.8555478477396542 0.19298197244038576 63.2038898319156 10.533229094259324 1.82304206901938
14.623217830578126 0.8557500892785309 0.19260309613085733 63.278835517027645 10.539155673658271 1.824242248574738
14.62835553592103 0.8559523996944883 0.19222404441491597 63.35387006099345 10.545084534924802 1.8254432834523042
14.633494695887741 0.856154779023908 0.19184481715531043 63.42899356551381 10.551015678820555 1.826645174286722
14.638635310444744 0.856357227310534 0.19146541420088892 63.504206135116426 10.556949106322186 1.827847921756615
14.643777379408464 0.8565597445922799 0.19108583541131977 63.57950787226008 10.562884818234743 1.8290515265062486
14.64892090269982 0.856762330911254 0.19070608063830502 63.6548988810576 10.568822815485468 1.8302559892050756
14.654065880183147 0.856964986307416 0.1903261497374682 63.73037926491889 10.574763098937876 1.8314613105100492
14.659212311720676 0.8571677108207221 0.18994604256433517 63.80594912734745 10.580705669454627 1.832667491078361
14.664360197237835 0.8573705044936977 0.1895657589695064 63.881608572900944 10.586650527972953 1.8338745315827631
14.669509536524972 0.857573367363627 0.18918529881330642 63.95735770427718 10.592597675275686 1.835082432665074
14.674660329550983 0.8577762994749081 0.18880466194261253 64.03319662692535 10.598547112353458 1.836291195009732
14.679812576113463 0.8579793008652705 0.18842384821670113 64.10912544390003 10.604498840000652 1.837500819261732
14.68496627612679 0.8581823715771256 0.18804285748596256 64.18514426010105 10.610452859148143 1.8387113060942175
14.690121429470027 0.8583855116515734 0.1876616896031381 64.26125318003517 10.616409170687625 1.8399226561727953
14.695278035952827 0.8585887211270599 0.18728034442584376 64.33745230730955 10.622367775432195 1.8411348701474997
14.700436095522795 0.8587920000475472 0.18689882180123646 64.41374174769585 10.628328674355968 1.8423479487015388
14.705595607987382 0.8589953484515563 0.18651712158657768 64.49012160502083 10.63429186827271 1.8435618924859192
14.710756573232489 0.8591987663807801 0.18613524363306885 64.5665919843974 10.640257358088464 1.8447767021708381
14.715918991160567 0.8594022538776451 0.18575318779042468 64.64315299131187 10.646225144730034 1.845992378431148
14.721082861552674 0.8596058109798744 0.18537095391708436 64.7198047295766 10.652195228985509 1.847208921913862
14.726248184342133 0.8598094377312748 0.1849885418599561 64.79654730538984 10.658167611820632 1.8484263333026067
14.73141495939878 0.8600131341732316 0.1846059514703854 64.87338082413604 10.664142294129388 1.8496446132668112
14.736583186497374 0.8602169003434637 0.18422318260649723 64.95030538991155 10.670119276697434 1.850863762454229
14.741752865584012 0.8604207362865268 0.1838402351134661 65.02732110948912 10.676098560510209 1.8520837815537747
14.746923996515816 0.8606246420435513 0.18345710884279165 65.10442808844628 10.682080146451895 1.85330467123414
14.752096579065281 0.8608286176524118 0.18307380365198267 65.18162643122443 10.688064035310415 1.8545264321447754
14.757270613172459 0.8610326631576726 0.18269031938586888 65.25891624489215 10.694050228069159 1.855749064975454
14.76244609869122 0.8612367786005827 0.18230665589540007 65.33629763536128 10.70003872561348 1.8569725703963618
14.767623035411939 0.8614409640199685 0.18192281303597096 65.41377070772081 10.706029528756899 1.8581969490634183
14.772801423233403 0.8616452194590151 0.18153879065467363 65.49133556880898 10.71202263844003 1.859422201658932
14.777981262022886 0.8618495449597481 0.18115458860067007 65.56899232512193 10.71801805556869 1.8606483288585243
14.78316255160412 0.8620539405625579 0.180770206726086 65.64674108263131 10.724015780999956 1.8618753313282697
14.788345291803907 0.8622584063080393 0.18038564488255476 65.72458194748182 10.730015815596108 1.8631032097357163
14.793529482518137 0.862462942239596 0.18000090291631568 65.80251502698454 10.73601816030107 1.8643319647655425
14.798715123592917 0.8626675483987508 0.17961598067703477 65.88054042783227 10.742022816002812 1.8655615970913981
14.803902214831556 0.8628722248254216 0.17923087801728763 65.9586582562018 10.748029783541407 1.8667921073775395
14.80909075609457 0.8630769715618672 0.17884559478513534 66.03686861925908 10.754039063824838 1.868023496302546
14.814280747251148 0.8632817886507723 0.17846013082772613 66.11517162443086 10.760050657772823 1.8692557645478258
14.819472188142916 0.8634866761338181 0.17807448599398432 66.19356737885796 10.766064566274833 1.870488912789013
14.824665078579704 0.8636916340515151 0.17768866013492807 66.27205598932959 10.77208079018519 1.8717229416949455
14.829859418401849 0.8638966624456615 0.17730265309903986 66.35063756322428 10.778099330395225 1.8729578519424692
14.835055207478685 0.8641017613592848 0.17691646473237604 66.42931220848935 10.78412018783157 1.8741936442160922
14.840252445647296 0.8643069308342245 0.17653009488311802 66.50808003271436 10.79014336338518 1.875430319193427
14.84545113274361 0.8645121709123584 0.1761435433992618 66.58694114360091 10.796168857947368 1.8766678775525745
14.850651268556643 0.8647174816337975 0.1757568101320207 66.66589564826786 10.802196672356759 1.8779063199612305
14.8558528529594 0.8649228630420531 0.17536989492609015 66.74494365523846 10.808226807551032 1.8791456471078547
14.861055885792346 0.8651283151794379 0.1749827976283116 66.82408527267283 10.814259264431858 1.8803858596739327
14.866260366886829 0.8653338380879889 0.17459551808593116 66.90332060872286 10.82029404389204 1.881626958339548
14.87146629607307 0.8655394318097844 0.17420805614600532 66.98264977165358 10.826331146824796 1.8828689437852864
14.87667367316221 0.8657450963862351 0.17382041165673645 67.06207286956919 10.832370574102915 1.8841118166879487
14.881882497974054 0.8659508318591785 0.17343258446540843 67.14159001083578 10.838412326610948 1.885355577727169
14.887092770362928 0.8661566382719024 0.1730445744164585 67.22120130447723 10.84445640527521 1.886600227591598
14.892304490154428 0.8663625156666448 0.17265638135618816 67.3009068592102 10.850502810990415 1.8878457669638038
14.897517657172962 0.866568464085684 0.1722680051307099 67.380706783864 10.856551544651625 1.8890921965268441
14.902732271241794 0.8667744835713386 0.1718794455859456 67.46060118738134 10.862602607154304 1.8903395169642765
14.907948332183025 0.8669805741659681 0.17149070256762594 67.54059017881828 10.868655999394297 1.8915877289601561
14.913165839802595 0.8671867359113797 0.17110177592240902 67.62067386711384 10.874711722250424 1.892836833195444
14.918384793918166 0.8673929688499304 0.17071266549580205 67.70085236151779 10.880769776616845 1.8940868303546787
14.923605194367044 0.8675992730248406 0.17032337113156826 67.78112577171339 10.886830163412261 1.8953377211278837
14.928827040966656 0.8678056484786317 0.16993389267467385 67.86149420721048 10.892892883534053 1.8965895062011022
14.934050333533243 0.8680120952538659 0.16954422996989316 67.94195777763234 10.898957937879965 1.8978421862608716
14.939275071881868 0.868218613393146 0.16915438286180912 68.02251659271585 10.905025327348127 1.899095761994226
14.9445012558264 0.8684252029391147 0.16876435119481276 68.10317076231145 10.911095052837037 1.9003502340886929
14.949728885179526 0.8686318639344557 0.16837413481310298 68.1839203963833 10.917167115245574 1.9016056032322957
14.954957959752761 0.8688385964218944 0.16798373356068325 68.26476560500971 10.923241515473016 1.9028618701135598
14.960188479356425 0.8690454004441969 0.1675931472813654 68.3457064983828 10.92931825441902 1.9041190354215045
14.96542044379964 0.8692522760441694 0.1672023758187678 68.42674318680848 10.935397332983612 1.905377099845645
14.970653852890333 0.8694592232646593 0.1668114190163151 68.5078757807067 10.941478752067203 1.9066360640759914
14.975888706428316 0.8696662421482816 0.1664202767177544 68.5891043905041 10.947562512562547 1.9078959288013861
14.981125004221862 0.8698733327380743 0.16602894876591684 68.67042912689126 10.953648615374 1.9091566947134915
14.98636274608128 0.8700804950772442 0.16563743500319766 68.75185010072333 10.95973706141007 1.9104183625052462
14.991601931809708 0.8702877292088038 0.16524573527224146 68.83336742287732 10.965827851572715 1.9116809328686513
14.9968425612091 0.8704950351758074 0.16485384941549663 68.91498120434493 10.9719209867643 1.9129444064962098
15.002084634080193 0.8707024130213504 0.16446177727521644 68.99669155623205 10.978016467887564 1.9142087840809179
15.007328150222522 0.8709098627885699 0.16406951869345732 69.07849858975935 10.984114295845643 1.9154740663162724
15.012573109434404 0.871117384520644 0.16367707351207975 69.16040241626187 10.990214471542052 1.9167402538962648
15.01781951151293 0.8713249782607922 0.16328444157274855 69.2424031471891 10.996316995880676 1.91800734751538
15.023067356254003 0.8715326440522766 0.16289162271692886 69.32450089410578 11.00242186976583 1.9192753478686098
15.02831664345229 0.8717403819383995 0.16249861678589123 69.40669576869102 11.008529094102183 1.9205442556514347
15.033567372901242 0.8719481919625062 0.16210542362070696 69.48898788273893 11.01463866979481 1.9218140715598366
15.038819544393078 0.872156074167983 0.1617120430622494 69.57137734815848 11.020750597749162 1.9230847962902942
15.04407315771881 0.8723640285982582 0.16131847495119406 69.65386427697366 11.026864878871098 1.9243564305397831
15.049328212667344 0.8725720552967681 0.16092471912808226 69.73644878130997 11.03298151406585 1.9256289750055682
15.054584709014593 0.8727801543065244 0.16053077543413838 69.81913097322268 11.039100504225344 1.926902430382559
15.05984264655948 0.8729883256715412 0.1601366437085711 69.9019109652634 11.045221850270114 1.9281767973720338
15.065102025088077 0.8731965694354143 0.15974232379125936 69.98478886991656 11.051345553107568 1.9294520766729584
15.070362844385231 0.8734048856417823 0.15934781552188249 70.06776479978197 11.057471613645522 1.9307282689847958
15.075625104234526 0.8736132743343249 0.15895311873991996 70.15083886757455 11.06360003279215 1.9320053750075026
15.080888804418334 0.8738217355567656 0.15855823328464855 70.23401118612512 11.069730811456067 1.9332833954415414
15.086153944717758 0.8740302693528685 0.1581631589951472 70.31728186837945 11.075863950546239 1.934562330987864
15.09142052491266 0.874238875766441 0.15776789571029226 70.40065102739916 11.081999450972043 1.9358421823479228
15.096688544781674 0.8744475548413333 0.15737244326875705 70.48411877636174 11.088137313643271 1.9371229502236726
15.10195800410217 0.8746563066214377 0.15697680150901439 70.56768522856011 11.094277539470093 1.938404635317563
15.107228902650249 0.8748651311506881 0.15658097026933604 70.65135049740273 11.10042012936306 1.939687238332536
15.11250124019371 0.8750740284727826 0.15618494938832017 70.735114696302 11.10656508422491 1.940970759970319
15.117775016483044 0.875282998630825 0.15578873870556847 70.81897793853031 11.112712404940055 1.9422552009292213
15.123050231318773 0.8754920416699948 0.1553923380566265 70.90294033829143 11.118862092453101 1.9435405619205415
15.12832688447197 0.8757011576343972 0.15499574727895343 70.98700200945763 11.125014147676197 1.9448268436492164
15.133604975712446 0.8759103465681801 0.15459896620980446 71.0711630660171 11.131168571521894 1.94611404682068
15.13888450480875 0.8761196085155355 0.1542019946862289 71.15542362207455 11.137325364903152 1.947402172140868
15.144165471528147 0.8763289435206968 0.15380483254507454 71.23978379185043 11.143484528733314 1.9486912203162086
15.149447875622986 0.8765383516274 0.15340747962400925 71.32424368946323 11.149646063910206 1.949981192050295
15.154731716834249 0.8767478328790239 0.1530099357612565 71.40880342898551 11.155809971320274 1.9512720880447478
15.160016994960717 0.8769573873213323 0.15261220079038995 71.4934631255514 11.161976251919283 1.9525639090161173
15.165303709764563 0.8771670149987323 0.1522142745474341 71.57822289384696 11.168144906622192 1.9538566556728254
15.170591861006656 0.8773767159556728 0.15181615686820926 71.6630828486744 11.174315936344337 1.9551503287237886
15.175881448446589 0.8775864902366466 0.1514178475883283 71.7480431049526 11.180489342001469 1.956444928878421
15.181172471790985 0.8777963378841399 0.15101934654709054 71.8331037768858 11.186665124449412 1.9577404568339782
15.186464930837095 0.8780062589443278 0.1506206535766666 71.91826498027167 11.192843284651673 1.9590369133107128
15.191758825349993 0.8782162534622047 0.15022176851134356 72.00352683052927 11.199023823536123 1.9603342990218215
15.197054155084103 0.8784263214824365 0.14982269118590613 72.08888944304421 11.205206742020122 1.9616326146787089
15.202350919776805 0.8786364630491088 0.1494234214361177 72.17435293306467 11.211392041003043 1.9629318609894133
15.207649119140148 0.878846678205397 0.14902395909934596 72.25991741556666 11.21757972135659 1.9642320386565668
15.212948752978061 0.8790569669982171 0.1486243040057249 72.34558300714762 11.223769784061695 1.9655331484061618
15.218249821039748 0.8792673294724097 0.14822445598920586 72.43134982366063 11.229962230037321 1.96683519095159
15.223552323062501 0.8794777656724386 0.14782441488433062 72.51721798090385 11.236157060190447 1.9681381670041316
15.228856258734597 0.8796882756409179 0.14742418052903206 72.60318759401856 11.24235427537271 1.9694420772638315
15.234161627868117 0.8798988594254711 0.14702375275159202 72.68925878029056 11.248553876582339 1.9707469224619865
15.239468430207024 0.8801095170711148 0.14662313138512179 72.77543165604142 11.254755864739927 1.9720527033139756
15.24477666545698 0.8803202486214415 0.146222316265315 72.86170633710879 11.26096024072325 1.973359420526572
15.250086333345271 0.8805310541209982 0.14582130722592268 72.94808293981893 11.267167005437294 1.9746670748126807
15.255397433660756 0.8807419336168736 0.14542010409573403 73.03456158163924 11.273376159860982 1.975975666901198
15.26070996614106 0.8809528871542193 0.14501870670709432 73.12114237934377 11.279587704915318 1.9772851975092351
15.266023930431254 0.881163914774608 0.14461711489903203 73.20782544833521 11.285801641415029 1.9785956673318954
15.271339326358463 0.8813750165269397 0.14421532849650592 73.29461090712397 11.292017970389686 1.9799070771099954
15.276656153657406 0.881586192456542 0.14381334733114198 73.38149887285446 11.298236692762794 1.9812194275624033
15.28197441197787 0.881797442605467 0.14341117124067523 73.4684894614209 11.304457809360475 1.9825327193878377
15.287294101115858 0.8820087670216712 0.1430088000514712 73.55558279124696 11.31068132118185 1.983846953321937
15.29261522081935 0.8822201657513028 0.1426062335932094 73.64277898011282 11.316907229171866 1.9851621300893252
15.297937770728106 0.8824316388363079 0.14220347170344166 73.7300781441637 11.323135534150826 1.986478250388698
15.303261750639601 0.8826431863249967 0.14180051420747186 73.81748040226981 11.329366237125551 1.987795314958564
15.308587160298277 0.8828548082636715 0.1413973609342972 73.90498587257392 11.335599339042824 1.9891133245251664
15.313913999315549 0.8830665046934463 0.14099401172266984 73.9925946711713 11.341834840695704 1.9904322797826426
15.319242267526775 0.8832782756644334 0.1405904663940687 74.08030691797892 11.348072743141378 1.9917521814813968
15.324571964618668 0.883490121220937 0.140186724780909 74.16812273061058 11.354313047265046 1.9930730303358695
15.329903090263773 0.8837020414067965 0.13978278671636146 74.25604222658488 11.360555753937307 1.9943948270578047
15.335235644264232 0.8839140362711023 0.13937865202345867 74.3440655256984 11.366800864182526 1.9957175723919138
15.340569626247758 0.8841261058561105 0.1389743205381299 74.43219274501031 11.373048378822816 1.9970412670404825
15.345905035985648 0.8843382502098844 0.1385697920851026 74.52042400409083 11.379298298850463 1.9983659117422483
15.351241873195221 0.8845504693784415 0.13816506649287297 74.60875942176061 11.385550625196565 1.9996915072233978
15.356580137524347 0.8847627634051375 0.13776014359488267 74.69719911583063 11.391805358712872 2.001018054193696
15.361919828782852 0.8849751323398686 0.1373550232119673 74.78574320693585 11.398062500442924 2.0023455534039853
15.367260946563535 0.8851875762240002 0.13694970518110283 74.8743918122549 11.404322051177981 2.0036740055520026
15.37260349067547 0.8854000951076002 0.13654418932253232 74.96314505269527 11.410584011964795 2.0050034113900965
15.377947460764087 0.8856126890343278 0.13613847546859265 75.05200304658983 11.416848383660371 2.006333771630754
15.38329285655552 0.8858253580511533 0.13573256344517093 75.14096591375306 11.423115167218343 2.0076650870073767
15.388639677764536 0.886038102204696 0.135326453078691 75.2300337739532 11.429384363581077 2.008997358251386
15.393987924050379 0.886250921539467 0.13492014419946824 75.31920674617471 11.43565597362789 2.010330586081203
15.399337595180947 0.8864638161044026 0.13451363662923715 75.40848495135563 11.441929998367565 2.0116647712431757
15.404688690764845 0.8866767859422009 0.13410693020150893 75.49786850791806 11.448206438624126 2.012999914444771
15.410041210606808 0.886889831103468 0.13370002473456122 75.58735753770145 11.45448529545371 2.0143360164432282
15.415395154281182 0.8871029516297414 0.13329292006385668 75.67695215883697 11.46076656964426 2.01567307793913
15.420750521613 0.8873161475726394 0.13288561600546914 75.76665249379144 11.467050262279892 2.0170110996964925
15.426107312158948 0.8875294189732007 0.13247811239554935 75.8564586606815 11.473336374131945 2.01835008241315
15.431465525747674 0.8877427658833923 0.13207040904923284 75.94637078232351 11.479624906292962 2.019690026855742
15.436825161934957 0.8879561883444208 0.13166250580208327 76.03638897710007 11.485915859537345 2.021030933723535
15.442186220536195 0.8881696864079325 0.13125440246957737 76.12651336789476 11.492209234946293 2.0223728037815807
15.447548701123175 0.8883832601159756 0.13084609888540227 76.21674407364092 11.498505033317139 2.0237156377348158
15.452912603481016 0.8885969095191975 0.130437594866672 76.3070812170024 11.504803255699757 2.025059436342432
15.458277927214642 0.8888106346611718 0.13002889024388808 76.39752491775344 11.51110390293455 2.026404200319342
15.463644672061644 0.8890244355908602 0.12961998483711495 76.48807529804606 11.517406976019807 2.0277499304145445
15.469012837677381 0.8892383123540523 0.12921087847234633 76.57873247878968 11.523712475859352 2.0290966273572812
15.474382423734507 0.8894522649973299 0.1288015709739245 76.66949658132825 11.53002040337943 2.030444291881975
15.479753429956284 0.889666293569396 0.1283920621619979 76.7603677280054 11.536330759567857 2.0317929247366084
15.485125855932909 0.8898803981137551 0.12798235186652482 76.85134603905693 11.542643545258226 2.0331425266366003
15.49049970145068 0.890094578681831 0.12757243990217193 76.94243163818254 11.548958761516678 2.0344930983474825
15.495874966066907 0.8903088353160254 0.1271623261007357 77.03362464534605 11.555276409142383 2.0358446405780986
15.50125164954429 0.8905231680670317 0.126752010278005 77.12492518413747 11.56159648917803 2.0371971540897746
15.506629751523247 0.8907375769807735 0.1263414922587606 77.21633337621729 11.56791900252472 2.038550639613951
15.512009271640322 0.8909520621031252 0.12593077186774115 77.3078493433224 11.574243950081128 2.039905097881934
15.517390209642757 0.89116662348448 0.12551984892089357 77.39947320921797 11.580571332878225 2.0412605296537656
15.522772565090312 0.891381261167861 0.1251087232481412 77.49120509462176 11.58690115172868 2.04261693564312
15.528156337728397 0.8915959752037993 0.1246973946648892 77.58304512355787 11.593233407665622 2.043974316611299
15.533541527222331 0.8918107656397394 0.1242858629923153 77.67499341883216 11.599568101630158 2.0453326733002957
15.538928133146543 0.8920256325196051 0.1238741280582045 77.76705010184128 11.605905234458627 2.046692006430019
15.54431615526325 0.8922405758949175 0.12346218967564557 77.85921529733524 11.612244807210443 2.0480523167686226
15.549705593189737 0.8924555958115228 0.12305004766846148 77.95148912773274 11.618586820776688 2.04941360504855
15.555096446543958 0.8926706923154 0.1226377018600832 78.04387171560671 11.624931276051381 2.050775872003257
15.56048871505661 0.8928858654571332 0.12222515206497282 78.13636318560744 11.631278174063402 2.0521391183955537
15.565882398339172 0.8931011152826565 0.12181239810636695 78.22896366048762 11.637627515703503 2.053503344958986
15.571277496013707 0.8933164418384334 0.12139943980634814 78.32167326332483 11.643979301877064 2.0548685524306234
15.576674007799053 0.8935318451748968 0.12098627697924566 78.41449211900552 11.650333533605583 2.056234741572892
15.582071933320893 0.8937473253388695 0.12057290944617077 78.50742035096161 11.65669021180309 2.057601913125512
15.587471272165391 0.8939628823757035 0.1201593370309169 78.6004580820881 11.663049337339244 2.0589700678190455
15.592872024059409 0.8941785163364764 0.11974555954615165 78.69360543784984 11.66941091125161 2.0603392064205677
15.598274188645506 0.8943942272690077 0.11933157681064972 78.78686254240667 11.675774934480692 2.061709329676671
15.60367776548637 0.894610015218036 0.11891738864896013 78.8802295186837 11.682141407875081 2.0630804383145422
15.609082754284055 0.8948258802339731 0.11850299487459989 78.97370649215878 11.68851033244977 2.0644525330975916
15.614489154694198 0.8950418223654866 0.11808839530429188 79.06729358765575 11.694881709167301 2.065825614778328
15.619896966341111 0.8952578416601015 0.11767358975680847 79.16099092960319 11.701255538955524 2.0671996841021825
15.625306188796227 0.8954739381633391 0.11725857805462951 79.25479864165767 11.707631822682163 2.068574741802001
15.630716821770367 0.8956901119263978 0.1168433600091887 79.34871685003891 11.71401056138148 2.0699507886469286
15.636128864895289 0.8959063629974283 0.11642793543762966 79.44274567974408 11.720391755996783 2.071327825386897
15.641542317795354 0.8961226914243942 0.11601230415731144 79.53688525578814 11.726775407464897 2.072705852770824
15.646957180031874 0.8963390972528493 0.11559646599008017 79.63113570223487 11.733161516650522 2.074084871532439
15.652373451307176 0.8965555805340926 0.11518042074660018 79.72549714574834 11.7395500845869 2.0754648824422475
15.65779113124679 0.8967721413164649 0.1147641682430743 79.81996971180493 11.745941112218976 2.0768458862520855
15.6632102194747 0.896988779648355 0.1143477082954689 79.91455352600106 11.752334600492112 2.0782278837142676
15.668630715580171 0.8972054955768745 0.11393104072206142 80.0092487134737 11.758730550312976 2.0796108755731244
15.674052619182056 0.8974222891504277 0.11351416533850012 80.1040554000225 11.765128962625383 2.0809948625813974
15.679475929936798 0.8976391604190336 0.11309708195718277 80.19897371225295 11.77152983841979 2.0823798455023095
15.684900647462092 0.897856109431273 0.11267979039312702 80.29400377624127 11.777933178643206 2.0837658250900746
15.690326771374043 0.8980731362357743 0.11226229046111318 80.3891457181836 11.784338984243039 2.0851528020993775
15.695754301284364 0.8982902408811019 0.11184458197589939 80.48439966434657 11.79074725616379 2.086540777284656
15.701183236754463 0.8985074234139192 0.11142666475575579 80.57976574026075 11.797157995292839 2.0879297513883563
15.706613577452154 0.8987246838852577 0.11100853861040119 80.67524407347294 11.803571202645493 2.0893197251810194
15.712045322987187 0.8989420223439392 0.11059020335365957 80.77083479065955 11.809986879170804 2.090710699419222
15.717478472967732 0.8991594388388338 0.1101716587991151 80.86653801861719 11.816405025818256 2.0921026748600156
15.72291302700035 0.8993769334188602 0.10975290476011099 80.96235388426264 11.82282564353773 2.093495652260923
15.72834898468999 0.899594506132985 0.1093339410497518 81.05828251463258 11.829248733279512 2.0948896323799344
15.733786345637522 0.8998121570301244 0.10891476748109082 81.1543240368401 11.835674295991378 2.0962846159748763
15.7392251094084 0.9000298861578898 0.10849538386954768 81.25047857752048 11.842102332581558 2.0976806037953666
15.744665275643767 0.9002476935670359 0.10807579002433981 81.34674626479534 11.84853284405005 2.0990775966113304
15.75010684394214 0.9004655793067246 0.10765598575760413 81.44312722618248 11.854965831348812 2.100475595182644
15.755549813900446 0.9006835434261674 0.10723597088123214 81.53962158932043 11.861401295430246 2.1018746002696593
15.760994185113974 0.9009015859746247 0.10681574520687417 81.63622948196783 11.867839237247154 2.103274612633196
15.76643995717639 0.9011197070014056 0.10639530854593639 81.73295103200363 11.87427965775275 2.104675633034542
15.771887129679719 0.9013379065558678 0.10597466070958325 81.82978636742673 11.880722557900658 2.1060776622354487
15.777335702214387 0.9015561846874193 0.1055538015087312 81.92673561635716 11.88716793864495 2.1074807009981473
15.78278567436916 0.9017745414455165 0.10513273075405549 82.02379890703476 11.893615800940092 2.1088847500853283
15.788237045731192 0.9019929768796658 0.1047114482559832 82.12097636782019 11.900066145740992 2.110289810260157
15.793689815885976 0.9022114910394226 0.10428995382469824 82.21826812719422 11.906518974002957 2.1116958822862606
15.799143984417384 0.9024300839743918 0.10386824727013728 82.31567431375841 11.912974286681736 2.1131029669277392
15.804599550907616 0.9026487557342275 0.1034463284019925 82.41319505623433 11.919432084733476 2.1145110649491525
15.81005651492776 0.9028675063682539 0.10302419703044112 82.51083048329465 11.925892369103536 2.1159201771130838
15.815514876067443 0.9030863359266539 0.1026018529638521 82.60858072409374 11.9323551407616 2.117330304187795
15.820974633905115 0.9033052444592787 0.10217929601108267 82.7064459077363 11.938820400666511 2.118741446939556
15.826435788016385 0.9035242320159819 0.10175652598083468 82.80442616342654 11.94528814977613 2.1201536061347985
15.831898337975225 0.9037432986466679 0.10133354268155796 82.90252162048967 11.951758389048777 2.121566782540426
15.837362283353933 0.9039624444012909 0.10091034592145626 83.00073240837123 11.958231119443179 2.1229809769238024
15.842827623723123 0.9041816693298541 0.10048693550848456 83.09905865663714 11.964706341918474 2.1243961900527535
15.84829435865175 0.9044009734824118 0.1000633112503468 83.19750049497414 11.971184057434241 2.125812422695572
15.853762487707115 0.9046203569090686 0.09963947295449696 83.29605805318992 11.977664266950512 2.1272296756210194
15.859232010451 0.9048398196598257 0.09921542042843538 83.39473146114351 11.984146971423186 2.1286479495973234
15.864702926441113 0.9050593617846383 0.09879115347959785 83.49352084877108 11.990632171805755 2.1300672453925524
15.870175235247213 0.9052789833340633 0.09836667191410378 83.59242634637745 11.997119869068422 2.1314875637788004
15.875648936429869 0.9054986843584065 0.09794197553840361 83.69144808425274 12.003610064172925 2.1329089055266772
15.88112402954794 0.9057184649080242 0.09751706415869567 83.7905861928076 12.01010275808141 2.1343312714072518
15.88660051415859 0.9059383250333227 0.09709193758092752 83.88984080257313 12.01659795175645 2.13575466219205
15.892078389817303 0.9061582647847599 0.0966665956107915 83.9892120442016 12.02309564616107 2.1371790786530664
15.897557656077856 0.9063782842128439 0.09624103805372804 84.08870004846581 12.029595842258718 2.138604521562753
15.903038312492333 0.9065983833681345 0.09581526471492272 84.18830494625963 12.03609854101329 2.1400309916940254
15.908520358611115 0.9068185623012417 0.09538927539930708 84.28802686859756 12.042603743389117 2.141458489820258
15.914003793982861 0.9070388210628271 0.094963069911558 84.38786594661478 12.04911145035095 2.142887016715284
15.919488618154533 0.9072591597036028 0.09453664805609814 84.48782231156746 12.05562166286399 2.144316573153397
15.924974830671385 0.9074795782743335 0.09411000963709253 84.58789609483276 12.062134381893888 2.1457471599093534
15.93046243106814 0.9077000768254802 0.09368315445913673 84.68808742774772 12.068649608396267 2.147178777756068
15.935951418857014 0.9079206554067197 0.09325608232818759 84.78839644138947 12.0751673433025 2.1486114274614807
15.941441793613777 0.9081413140704042 0.09282879304486738 84.88882326814864 12.081687587621907 2.150045109811027
15.946933554876791 0.908362052867503 0.09240128641231571 84.98936803988568 12.088210342321892 2.1514798255812937
15.952426702182677 0.9085828718490367 0.09197356223341514 85.09003088858151 12.094735608370284 2.15291557554932
15.957921235066316 0.9088037710660779 0.09154562031079096 85.19081194633797 12.101263386735347 2.154352360492601
15.963417153060856 0.9090247505697499 0.09111746044681035 85.29171134537779 12.107793678385798 2.155790181189088
15.968914455682237 0.9092458104106068 0.09068908244478607 85.39272921776026 12.114326484272407 2.1572290384131403
15.97441314242527 0.9094669506384744 0.09026048610928414 85.49386569530776 12.120861805323342 2.1586689329344853
15.979913212865416 0.909688171306544 0.08983167123818873 85.59512091147882 12.12739964256514 2.160109865544881
15.985414666528829 0.9099094724661466 0.08940263763282963 85.6964949989794 12.133939996968275 2.1615518370240943
15.990917502939944 0.9101308541686672 0.08897338509427243 85.79798809063706 12.140482869503707 2.162994848152357
15.99642172162141 0.9103523164655409 0.08854391342332484 85.89960031939957 12.147028261142808 2.1644388997103428
16.00192732202625 0.9105738594055254 0.08811422242582946 86.00133181708127 12.153576172776681 2.165883992461366
16.007434303727102 0.910795483042313 0.0876843118978963 86.10318271785842 12.160126605441214 2.167330127201036
16.01294266625284 0.9110171874279599 0.08725418163864866 86.2051531552543 12.166679560122821 2.1687773047144088
16.018452409119053 0.9112389726141114 0.08682383144784493 86.30724326270028 12.173235037794667 2.1702255257839678
16.02396353181281 0.9114608386513885 0.08639326112707021 86.40945317325247 12.179793039398541 2.1716747911856125
16.029476033806397 0.9116827855899404 0.08596247047866527 86.51178301984449 12.186353565861182 2.1731251016922575
16.03498991467365 0.9119048134841298 0.08553145929663107 86.61423293744893 12.19291661823276 2.174576458104452
16.040505173923044 0.9121269223858127 0.08510022737967021 86.71680305998089 12.19948219748825 2.1760288612064826
16.0460218110338 0.9123491123457914 0.08466877452836996 86.8194935209646 12.206050304570365 2.177482311775841
16.05153982546125 0.912571383414031 0.08423710054478195 86.92230445363167 12.212620940395952 2.178936810584633
16.05705921678256 0.9127937356455287 0.08380520522102214 87.02523599363757 12.21919410602951 2.1803923584379934
16.06257998449904 0.9130161690923531 0.08337308835473027 87.12828827538105 12.22576980244784 2.181848956122002
16.0681021280392 0.9132386838037642 0.08294074974883879 87.23146143205443 12.232348030543603 2.1833066044044367
16.073625646926715 0.913461279832982 0.0825081891984251 87.33475559878029 12.23892879132541 2.184765304079101
16.079150540699455 0.9136839572339259 0.0820754064970412 87.43817091110358 12.245512085821423 2.1862250559444876
16.084676808817967 0.9139067160575252 0.08164240144388657 87.54170750327776 12.252097914970285 2.1876858607795895
16.090204450716964 0.9141295563537937 0.08120917383977679 87.64536550922419 12.258686279682452 2.1891477193574755
16.09573346597492 0.9143524781786675 0.08077572347384941 87.74914506571476 12.265277181042352 2.1906106324901544
16.10126385406037 0.9145754815837787 0.08034205014344326 87.8530463076164 12.271870620006018 2.1920746009615004
16.106795614366874 0.9147985666178615 0.0799081536513697 87.95706936853907 12.278466597442705 2.193539625536438
16.112328746489606 0.9150217333379091 0.0794740337842112 88.06121438603834 12.285065114464702 2.1950057070342117
16.11786324988069 0.9152449817952736 0.07903969033935614 88.16548149513638 12.291666172016384 2.1964728462371124
16.12339912394118 0.9154683120393741 0.07860512311778821 88.26987083004545 12.298269770983845 2.1979410439148035
16.128936368258636 0.9156917241272818 0.07817033190543657 88.37438252864924 12.304875912478295 2.1994103008873287
16.134474982243933 0.9159152181090687 0.07773531650168201 88.47901672565554 12.31148459740285 2.2008806179288074
16.140014965355057 0.9161387940368354 0.07730007670179276 88.58377355681426 12.318095826719476 2.2023519958267674
16.145556317147285 0.9163624519667382 0.07686461229297276 88.68865315987215 12.324709601508928 2.2038244353955165
16.151099036964972 0.9165861919465496 0.07642892307858203 88.79365566874004 12.331325922602899 2.2052979373942514
16.156643124373275 0.9168100140330835 0.07599300884420811 88.8987812216645 12.337944791099309 2.2067725026417753
16.162188578822345 0.9170339182786418 0.07555686938405574 89.00402995487114 12.3445662079615 2.2082481319272635
16.167735399707713 0.9172579047334496 0.07512050449620758 89.10940200370227 12.351190174090267 2.2097248260262687
16.173283586609426 0.9174819734553139 0.07468391396380773 89.2148975071617 12.357816690609448 2.2112025857644015
16.178833138839288 0.9177061244913385 0.07424709759068437 89.32051659931004 12.364445758325225 2.2126814118967664
16.184384055984243 0.91793035789987 0.07381005515858961 89.42625941959744 12.371077378375114 2.214161305252697
16.189936337426463 0.9181546737311153 0.0733727864649682 89.53212610373332 12.377711551654748 2.2156422666078956
16.19548998263792 0.9183790720390388 0.0729352912997715 89.63811678929271 12.384348279169744 2.2171242967629303
16.201044991097262 0.9186035528780072 0.07249756945199673 89.74423161413614 12.390987561936443 2.2186073965210964
16.20660136218325 0.9188281162984809 0.07205962071808723 89.85047071437164 12.39762940085452 2.2200915666599506
16.21215909544916 0.9190527623581062 0.0716214448803025 89.95683422960037 12.404273797034993 2.2215768080045994
16.217718190202486 0.9192774911047261 0.0711830417398512 90.06332229487735 12.41092075129779 2.22306312131541
16.223278646048993 0.9195023025983734 0.07074441107399303 90.16993505112592 12.417570264822206 2.2245505074334186
16.22884046224714 0.9197271968851718 0.07030555268695161 90.27667263276953 12.424222338374985 2.226038967107715
16.234403638431402 0.9199521740265817 0.06986646635285333 90.38353518160179 12.430876973175327 2.227528501188936
16.23996817383794 0.9201772340680889 0.0694271518768281 90.49052283192519 12.437534169968753 2.2290191104220307
16.245534068105858 0.920402377071609 0.06898760903176497 90.597635725943 12.444193929985591 2.2305107956608
16.251101320464645 0.9206276030826221 0.0685478376224636 90.70487399813639 12.450856253968862 2.232003557650234
16.256669930542294 0.9208529121628631 0.06810783742181632 90.8122377908158 12.457521143141213 2.2334973972430836
16.262239897586007 0.9210783043587946 0.06766760823236334 90.91972723911115 12.464188598272356 2.234992315190919
16.267811221185244 0.921303779730862 0.06722714982916349 91.02734248491079 12.470858620544456 2.2364883123380817
16.273383900629582 0.9215293383275093 0.0667864620105432 91.13508366447132 12.47753121078348 2.2379853894493547
16.278957935446577 0.9217549802069466 0.06634554455557719 91.24295091880468 12.484206370103117 2.2394835473543737
16.284533324991692 0.9219807054205531 0.06590439725651127 91.35094438575284 12.490884099413798 2.240982786837481
16.290110068706895 0.9222065140233449 0.0654630198983106 91.4590642049886 12.497564399732351 2.242483108707209
16.295688166037255 0.9224324060705992 0.06502141226525378 91.56731051640429 12.504247272082157 2.2439845137738783
16.301267616315265 0.9226583816131692 0.06457957415009367 91.67568345786425 12.510932717354532 2.245487002818444
16.306848419081916 0.9228844407104889 0.06413750532862944 91.78418317144029 12.517620736693447 2.2469905766789533
16.312430573589275 0.9231105834104248 0.06369520559910545 91.89280979374621 12.524311330899474 2.2484952361165633
16.318014079383214 0.9233368097728817 0.06325267473604619 92.00156346726773 12.531004501128141 2.250000981972549
16.32359893581479 0.9235631198500086 0.06280991252896855 92.11044433085858 12.537700248304324 2.251507815036626
16.329185142260858 0.9237895136951357 0.062366918764903134 92.21945252403029 12.544398573386655 2.2530157361063927
16.334772698218607 0.9240159913666075 0.06192369322089253 92.32858818880193 12.551099477480921 2.2545247460128865
16.340361602952942 0.9242425529134907 0.0614802356919573 92.43785146281438 12.557802961417208 2.2560348455253636
16.345951855967243 0.9244691983946559 0.06103654595375308 92.5472424885257 12.564509026314472 2.25754603547844
16.35154345666555 0.9246959278650853 0.06059262378936732 92.65676140661336 12.57121767317542 2.2590583166808593
16.3571364043211 0.9249227413745944 0.06014846899182658 92.76640835534828 12.57792890284868 2.260571689906919
16.36273069846092 0.925149638983428 0.05970408133355698 92.87618347813331 12.58464271649027 2.26208615600052
16.368326338438074 0.9253766207449157 0.059259460600345974 92.98608691512162 12.591359115050384 2.2636017157594606
16.373923323562956 0.9256036867107935 0.05881460658092704 93.09611880578267 12.598078099430847 2.265118369970898
16.379521653330762 0.9258308369404341 0.05836951904889265 93.20627929337743 12.604799670758235 2.2666361194730196
16.3851213270979 0.9260580714877185 0.05792419778841292 93.31656851859854 12.61152382999543 2.2681549650673607
16.390722344157954 0.9262853904041171 0.05747864258820531 93.42698662105664 12.618250578032766 2.2696749075393474
16.39632470400113 0.9265127937492199 0.05703285322089234 93.53753374439626 12.624979915999612 2.2711959477287045
16.401928406002515 0.9267402815780851 0.05658682946779672 93.64821003015425 12.631711844890035 2.2727180864448893
16.407533449420427 0.9269678539411703 0.05614057111908273 93.75901561771694 12.638446365560727 2.2742413244665722
16.413139833730984 0.9271955108979154 0.05569407794712082 93.86995065093278 12.645183479132976 2.2757656626325464
16.418747558315168 0.9274232525040396 0.055247349731393995 93.98101527193187 12.65192318661674 2.277291101756729
16.424356622498692 0.9276510788131581 0.05480038625533164 94.09220962190801 12.658665488958487 2.2788176426389506
16.429967025612918 0.927878989879256 0.05435318730145656 94.20353384232324 12.665410387114404 2.280345286081511
16.43557876709751 0.9281069857608594 0.05390575264319838 94.31498807694838 12.672157882173842 2.2818740329171603
16.441191846312986 0.9283350665134219 0.0534580820598325 94.42657246814497 12.678907975133983 2.2834038839580644
16.446806262572277 0.9285632321906049 0.05301017533396882 94.5382871574867 12.685660666937745 2.284934840004369
16.45242201521878 0.9287914828474491 0.052562032245328356 94.65013228731011 12.692415958567633 2.2864669018654595
16.45803910366782 0.929019818542062 0.05211365256742668 94.76210800154489 12.699173851095676 2.288000070371312
16.463657527271486 0.9292482393301237 0.051665036078359615 94.87421444302248 12.705934345520838 2.289534346335619
16.469277285379754 0.9294767452673718 0.05121618255592669 94.98645175469142 12.712697442842526 2.2910697305724494
16.474898377248582 0.9297053364058631 0.05076709178497432 95.09882007777975 12.719463143949984 2.2926062238711262
16.48052080231834 0.929934012805297 0.05031776353515032 95.21131955735983 12.7262314499574 2.294143827072326
16.486144559932715 0.9301627745215858 0.04986819758335585 95.32395033673379 12.733002361865642 2.2956825409912747
16.491769649433184 0.9303916216106959 0.04941839370620067 95.43671255931902 12.739775880675923 2.2972223664435507
16.497396070159095 0.9306205541286512 0.048968351679995574 95.54960636865012 12.74655200738992 2.2987633042451083
16.503023821387607 0.9308495721290895 0.04851807128555656 95.66263190717216 12.753330742937427 2.3003053551958197
16.50865290249986 0.931078675670024 0.04806755229491193 95.77578931957673 12.760112088376506 2.301848520124994
16.514283312845638 0.9313078648083383 0.04761679448212339 95.88907875008783 12.766896044730506 2.3033927998543247
16.519915051755707 0.9315371396002868 0.04716579762230136 96.0025003427077 12.77368261300293 2.3049381952012573
16.525548118558692 0.931766500102183 0.04671456149025374 96.11605424155547 12.780471794197744 2.3064847069836087
16.53118251258103 0.9319959463703962 0.04626308586049028 96.22974059086623 12.78726358931934 2.308032336019556
16.536818233141 0.9322254784611106 0.04581137050769753 96.34355953487069 12.79405799936534 2.309581083125998
16.542455279517355 0.9324550964290462 0.045359415209255675 96.45751121716003 12.80085502528878 2.311130949109924
16.54809365108245 0.9326848003328818 0.044907219734564956 96.57159578337719 12.807654668158616 2.3126819348050125
16.553733347154065 0.9329145902292214 0.044454783856919616 96.68581337822386 12.814456928981112 2.314234041030915
16.559374367047784 0.9331444661747261 0.04400210734931191 96.80016414651764 12.82126180876297 2.315787268607641
16.565016710077042 0.9333744282261169 0.0435491899844263 96.91464823319299 12.828069308511393 2.31734161835557
16.570660375553057 0.9336044764401729 0.043096031534644176 97.02926578330005 12.83487942923402 2.3188970910954385
16.57630536278488 0.9338346108737319 0.04264263177203857 97.1440169420055 12.841692171938977 2.32045368764835
16.581951671079334 0.9340648315836902 0.042188990468379074 97.25890185459149 12.848507537634825 2.322011408835758
16.587599299741054 0.9342951386270025 0.04173510739512858 97.37392066645604 12.8553255273306 2.323570255479476
16.593248248072467 0.934525532060683 0.041280982323440976 97.48907352311328 12.862146142035803 2.3251302284016777
16.598898515373804 0.9347560119418052 0.0408266150241621 97.60436057019334 12.868969382760424 2.326691328424897
16.604550100940223 0.934986578327385 0.04037200526805991 97.7197819533834 12.875795250511459 2.328253556371228
16.610203004056267 0.9352172312741547 0.03991715282626882 97.83533781831453 12.88262374628623 2.3298169130607986
16.615857224032855 0.9354479708400728 0.039462057467313114 97.9510283113178 12.889454871117076 2.3313813993219976
16.621512760161362 0.9356787970824512 0.039006718960799304 98.06685357848633 12.896288626015894 2.3329470159787813
16.627169611730913 0.9359097100586593 0.03855113707602615 98.182813766028 12.90312501199502 2.3345137638554476
16.632827778028393 0.9361407098261271 0.0380953115819814 98.2989090202661 12.909964030067265 2.3360816437766467
16.638487258338483 0.9363717964423446 0.03763924224733809 98.41513948763968 12.916805681245954 2.337650656567385
16.644148051943606 0.9366029699648619 0.037182928840458325 98.53150531470281 12.923649966544867 2.3392208030530153
16.64981015812392 0.9368342304512872 0.03672637112939426 98.64800664812404 12.930496886978236 2.340792084059228
16.65547357615737 0.937065577959291 0.03626956888188051 98.76464363468787 12.937346443560822 2.3423645004120734
16.661138305319607 0.937297012546602 0.03581252186534146 98.88141642129284 12.944198637307812 2.343938052937935
16.66680434488406 0.9375285342710101 0.035355229846884766 98.99832515495287 12.95105346923492 2.3455127424635465
16.672471694108822 0.9377601431898319 0.03489769259435805 99.11536998252689 12.957910940342519 2.347088569812354
16.67814035226547 0.9379918393610872 0.034439909874023684 99.23255105131292 12.964771051650517 2.348665535812517
16.683810318627497 0.9382236228430282 0.033981881451488186 99.34986850881059 12.971633804184382 2.3502436412937033
16.68948159245922 0.9384554936936846 0.03352360709260013 99.46732250249147 12.978499198961709 2.3518228870840017
16.695154173022683 0.9386874519711483 0.03306508656288917 99.58491317994172 12.98536723700059 2.3534032740118414
16.700828059577656 0.9389194977335713 0.032606319627567944 99.70264068886202 12.992237919319615 2.3549848029059905
16.706503251381594 0.9391516310391657 0.032147306051532036 99.82050517706666 12.99911124693783 2.356567474595547
16.7121797476897 0.9393838519462063 0.03168804559935566 99.9385067924849 13.005987220874813 2.3581512899099524
16.717857547754857 0.9396161605130279 0.031228538035295635 100.05664568315959 13.01286584215061 2.3597362496789773
16.723536650827647 0.9398485567980263 0.03076878312328906 100.17492199724744 13.019747111785753 2.3613223547327236
16.729217056156358 0.9400810408596587 0.03030878062695218 100.29333588301931 13.02663103080128 2.3629096059016277
16.73489876298697 0.9403136127564443 0.029848530309579787 100.41188748885975 13.033517600218723 2.3644980040164563
16.740581770517466 0.9405462725450934 0.029388031937847073 100.53057696231257 13.040406821004726 2.366087549895525
16.74626607801479 0.9407790202852946 0.0289272852723347 100.64940445252219 13.047298694212822 2.3676782443774025
16.751951684734337 0.9410118560364213 0.028466290074046004 100.76837010855526 13.05419322088586 2.3692700882984132
16.75763858991278 0.9412447798572376 0.02800504610498945 100.88747407924974 13.061090402047327 2.3708630824906236
16.763326792784493 0.9414777918065709 0.027543553126846514 101.00671651355741 13.067990238721238 2.3724572277864335
16.769016292581508 0.9417108919433094 0.02708181090097668 101.12609756054299 13.074892731932099 2.3740525250185613
16.77470708852495 0.9419440803260531 0.026619819189108652 101.24561736920435 13.081797882694522 2.3756489750176457
16.780399179771614 0.9421773570109231 0.02615757775768249 101.36527608734802 13.088705691948386 2.377246578597238
16.786092565621754 0.9424107220600773 0.025695086360972997 101.48507386595702 13.095616160811002 2.378845336612122
16.79178724529803 0.9426441755326539 0.02523234475903529 101.60501085454791 13.102529290308896 2.380445249896299
16.797483218020695 0.9428777174878509 0.024769352711601963 101.7250872027487 13.109445081469048 2.3820463192840733
16.80318048300767 0.94311134798493 0.024306109978076012 101.84530306030051 13.116363535318964 2.3836485456100704
16.808879039375185 0.9433450670791419 0.023842616325611656 101.96565857495821 13.123284652766028 2.3852519296812784
16.81457888642484 0.9435788748334988 0.023378871505767784 102.08615389855177 13.130208434946116 2.3868564723578043
16.820280023374416 0.9438127713077363 0.022914875276394277 102.20678918130622 13.137134882896731 2.388462174477173
16.825982449432335 0.9440467565613672 0.022450627395578997 102.32756457341135 13.14406399764741 2.390069036875255
16.83168616373716 0.9442808306511971 0.02198612762657537 102.4484802237378 13.150995780146188 2.3916770603692035
16.83739116550203 0.9445149936372529 0.021521375726041906 102.56953628289659 13.157930231435119 2.393286245798154
16.843097453982175 0.9447492455814508 0.021056371446679694 102.69073290255648 13.164867352610859 2.3948965940141114
16.848805028376454 0.9449835865435562 0.020591114545250786 102.81207023335428 13.171807144704994 2.3965081058541733
16.854513887787817 0.9452180165795565 0.020125604785813295 102.93354842404747 13.178749608635899 2.3981207821293173
16.86022403145631 0.9454525357512313 0.019659841920718745 103.05516762647018 13.185694745492079 2.3997346236902093
16.865935458616985 0.9456871441203182 0.019193825702191754 103.17692799251654 13.192642556359457 2.4013496313871125
16.87164816843303 0.9459218417457663 0.018727555887787736 103.29882967271236 13.199593042239998 2.4029658060509576
16.87736215999061 0.9461566286835223 0.018261032240821245 103.42087281609848 13.206546204045383 2.404583148491841
16.8830774325966 0.9463915049987649 0.017794254506055412 103.54305757659102 13.213502042959318 2.4062016595833025
16.88879398543297 0.9466264707517048 0.01732722243791248 103.66538410560459 13.220460560017036 2.407821340164535
16.894511817523476 0.9468615259962134 0.016859935803210324 103.78785255132654 13.227421756064627 2.409442191030858
16.900230928187842 0.9470966707984919 0.01639239434404734 103.91046306844247 13.234385632311957 2.4110642130624473
16.905951316609567 0.9473319052193071 0.015924597813111716 104.03321580888772 13.241352189806594 2.412687407101878
16.911672981794755 0.9475672293122955 0.015456545977065044 104.15611092094926 13.24832142938353 2.414311773942343
16.917395923064326 0.9478026431442046 0.014988238576282639 104.27914855983492 13.255293352264692 2.4159373144673664
16.92312013957476 0.9480381467751867 0.014519675364043716 104.40232887738749 13.262267959475272 2.4175640295148026
16.928845630344718 0.9482737402598874 0.014050856104375727 104.52565202264162 13.269245251876022 2.4191919198842866
16.934572394699735 0.9485094236657459 0.013581780535637869 104.64911815140253 13.27622523070517 2.4208209864636774
16.940300431711968 0.9487451970499414 0.013112448416392374 104.7727274141811 13.28320789689572 2.422451230069779
16.946029740512888 0.9489810604722602 0.012642859499804501 104.89647996292587 13.290193251456476 2.424082651537224
16.951760320366684 0.9492170139981202 0.012173013527611473 105.02037595261696 13.29718129556164 2.4257152517394394
16.95749217023676 0.9494530576807213 0.011702910265667539 105.14441553189417 13.304172030022182 2.427349031465141
16.963225289437066 0.9496891915878667 0.011232549450532574 105.26859885714187 13.31116545608015 2.428983991603922
16.96895967703218 0.949925415777258 0.010761930838669984 105.3929260795113 13.318161574677028 2.4306201329752826
16.97469533215157 0.9501617303094366 0.010291054180674325 105.51739735171891 13.325160386837004 2.4322574564181902
16.98043225401951 0.9503981352490201 0.00981991921880266 105.64201282870349 13.332161893703582 2.4338959627996797
16.986170441610383 0.9506346306504962 0.009348525715284385 105.76677266013756 13.339166096118861 2.4355356529163914
16.99190989425525 0.9508712165832228 0.00887687340249675 105.8916770036093 13.346172995363919 2.4371765276678574
16.997650610873034 0.951107893099739 0.008404962046127467 106.01672600790394 13.35318259222032 2.4388185878367925
17.003392590784195 0.9513446602693068 0.0079327913783078 106.14191983071106 13.360194887963495 2.440461834321716
17.009135832958158 0.9515815181468856 0.007460361159472559 106.26725862223428 13.367209883443858 2.4421062679217087
17.014880336637273 0.9518184667988595 0.0069876711270556455 106.39274253879181 13.374227579848775 2.44375188951495
17.020626100843497 0.9520555062826936 0.006514721036062688 106.5183717320533 13.381247978100049 2.4453986999174924
17.02637312477174 0.9522926366631587 0.00604151062670933 106.64414635763004 13.388271079334428 2.447046699995924
17.032121407465628 0.9525298579989551 0.005568039651104805 106.77006656798673 13.39529688450746 2.44869589057445
17.03787094810368 0.9527671703545216 0.005094307849688251 106.89613251870432 13.402325394743217 2.450346272516952
17.043621745719896 0.9530045737885044 0.004620314974243503 107.02234436235842 13.409356610992788 2.4519978466468175
17.049373799507812 0.9532420683663076 0.004146060762843088 107.14870225518756 13.41639053440599 2.453650613834232
17.055127108460187 0.9534796541452184 0.0036715449695482088 107.27520634918332 13.423427165890816 2.455304574892682
17.06088167181739 0.9537173311929222 0.0031967673274337868 107.40185680194301 13.430466506661785 2.456959730707813
17.066637488498888 0.9539550995640239 0.0027217275954835897 107.52865376416524 13.437508557544584 2.458616082073966
17.072394557805044 0.9541929593290361 0.0022464255006803624 107.65559739509963 13.444553319834604 2.4602736298960624
17.078152878606623 0.9544309105408972 0.001770860804901062 107.78268784468912 13.4516007943053 2.4619323749563438
17.083912450188322 0.9546689532698229 0.001295033235275171 107.90992527216942 13.458650982240401 2.4635923181572363
17.089673271512183 0.9549070875728708 0.0008189425450092968 108.03730982981739 13.46570388453248 2.4652534603092073
17.095435341709766 0.9551453135142786 0.0003425884727358721 108.16484167381543 13.472759502285337 2.4669158022725517
17.10119865990233 0.9553836311580349 -0.0001340292426392162 108.29252096028425 13.479817836593943 2.468579344905606
17.106963225034974 0.9556220405610193 -0.0006109108482125769 108.42034784160225 13.486878888341268 2.470244089016829
17.11272903635481 0.955860541792777 -0.0010880566166385254 108.54832247700575 13.493942658783967 2.471910035502874
17.11849609278734 0.9560991349097275 -0.0015654667945375032 108.67644501875931 13.501009148788494 2.4735771851684816
17.12426439347735 0.9563378199775379 -0.002043141647253797 108.80471562415636 13.508078359493737 2.475245538882735
17.130033937547843 0.9565765970611522 -0.0025210814389129616 108.93313445017382 13.51515029201572 2.4769150975094405
17.135804723873946 0.9568154662154325 -0.002999286413682248 109.06170164843068 13.52222494717041 2.4785858618416383
17.14157675170835 0.9570544275110453 -0.003477756847591315 109.19041737911598 13.529302326240403 2.4802578327826406
17.14735002006163 0.9572934810088148 -0.003956492997192299 109.31928179719044 13.53638243021533 2.481931011166671
17.15312452788683 0.9575326267673591 -0.004435495114842162 109.44829505648697 13.543465260018023 2.483605397812224
17.158900274379928 0.9577718648555352 -0.0049147634736311395 109.57745731642744 13.550550816873104 2.485280993609213
17.164677258542824 0.9580111953343426 -0.0053942983311381565 109.70676873226176 13.557639101771011 2.4869577993922776
17.170455479332855 0.9582506182631119 -0.005874099941821391 109.83622945839903 13.564730115651283 2.4886358159840674
17.176234935925873 0.9584901337104073 -0.006354168578870238 109.96583965430568 13.571823859725468 2.4903150442716715
17.18201562735266 0.9587297417389631 -0.006834504504020389 110.0955994763635 13.578920335030976 2.4919954851010586
17.187797552499838 0.9589694424057167 -0.007315107967610966 110.22550907787493 13.58601954243206 2.493677139277238
17.193580710560518 0.9592092357804912 -0.007795979246042821 110.35556861918754 13.59312148317313 2.495360007695323
17.199365100564812 0.9594491219265346 -0.008277118602765934 110.48577825715334 13.600226158302391 2.4970440912040366
17.20515072145547 0.9596891009036528 -0.00875852629455276 110.61613814681704 13.607333568764611 2.498729390627633
17.210937572277647 0.9599291727760785 -0.00924020258728326 110.74664844568808 13.61444371563421 2.500415906821148
17.216725652120896 0.9601693376100701 -0.00972214775113338 110.87730931244248 13.621556600044102 2.5021036406535657
17.22251496000424 0.9604095954691425 -0.010204362051005464 111.008120904329 13.62867222304447 2.5037925929743094
17.228305494849316 0.9606499464129511 -0.010686845744284043 111.1390833765548 13.635790585569696 2.5054827646053557
17.234097255726148 0.9608903905074918 -0.011169599101310525 111.27019688784115 13.642911688740469 2.5071741564129515
17.23989024168726 0.961130927818219 -0.011652622391572312 111.40146159667904 13.650035533659944 2.508866769259245
17.245684451740498 0.9613715584089159 -0.012135915881435033 111.53287766071084 13.6571621213803 2.5105606039943296
17.2514798848549 0.9616122823419382 -0.012619479834626978 111.66444523685898 13.664291452909923 2.512255661457927
17.257276539988496 0.961853099679367 -0.013103314514556113 111.79616448195415 13.671423529247596 2.513951942487499
17.26307441622486 0.9620940104886844 -0.013587420195712796 111.9280355558414 13.678558351550532 2.51564944795823
17.268873512560614 0.9623350148339451 -0.014071797145938671 112.06005861655406 13.685695920872966 2.517348178720859
17.27467382798955 0.9625761127792724 -0.01455644563344452 112.19223382222216 13.692836238269642 2.5190481356262793
17.280475361495977 0.9628173043885805 -0.0150413659262556 112.32456133092091 13.699979304787623 2.5207493195235835
17.286278111985833 0.9630585897227104 -0.01552655828645051 112.45704129909596 13.707125121381447 2.522451731239846
17.29208207853724 0.9632999688498494 -0.016012022991113244 112.58967388728387 13.714273689221688 2.524155371653627
17.297887260132626 0.9635414418343923 -0.016497760309939956 112.72245925400053 13.721425009365127 2.525860241616414
17.303693655751594 0.9637830087408041 -0.01698377051300254 112.85539755785831 13.7285790828691 2.5275663419798473
17.30950126437085 0.9640246696336172 -0.017470053870743563 112.98848895756443 13.735735910791405 2.529273673595698
17.315310084964274 0.9642664245774333 -0.01795661065398271 113.12173361192205 13.7428954941904 2.5309822373158837
17.321120116492324 0.964508273636484 -0.018443441133030918 113.2551316795875 13.75005783411196 2.5326920339893575
17.32693135787847 0.9647502168736489 -0.018930545575712724 113.38868331852647 13.757222931560399 2.5344030644551516
17.332743808147296 0.9649922543562063 -0.01941792425894602 113.52238868918892 13.764390787668775 2.536115329583047
17.33855746626117 0.9652343861490339 -0.01990557745505429 113.65624795075772 13.771561403497527 2.537828830225503
17.34437233117957 0.9654766123170783 -0.020393505436738648 113.7902612625098 13.778734780107614 2.539543567235102
17.350188401859047 0.9657189329253548 -0.020881708477076877 113.92442878381559 13.785910918560495 2.5412595414645476
17.356005677253282 0.9659613480389488 -0.021370186849527073 114.05875067413992 13.793089819918187 2.5429767537666765
17.36182415631304 0.9662038577230155 -0.021858940827927425 114.19322709304089 13.80027148524322 2.5446952049944436
17.367643837986176 0.966446462042779 -0.022347970686494713 114.32785820016987 13.80745591559866 2.5464148960009223
17.373464721217598 0.9666891610635326 -0.022837276699826246 114.46264415527081 13.814643112048065 2.5481358276392996
17.379286804949324 0.9669319548506408 -0.023326859142901585 114.59758511818093 13.821833075655567 2.5498580007628835
17.385110088120438 0.9671748434695373 -0.023816718291083547 114.73268124883009 13.829025807485824 2.551581416225095
17.390934569667067 0.9674178269857256 -0.024306854420115268 114.86793270723979 13.836221308603996 2.553306074879458
17.39676024852243 0.9676609054647806 -0.02479726780612645 115.00333965352428 13.843419580075821 2.5550319775796146
17.402587123616772 0.9679040789723461 -0.025287958725627935 115.13890224788908 13.85062062296754 2.5567591251793056
17.408415193877413 0.9681473475741372 -0.025778927455517475 115.2746206506316 13.85782443834596 2.5584875185323797
17.414244458228705 0.9683907113359399 -0.026270174273078616 115.41049502214055 13.865031027278413 2.5602171584927884
17.420074915592043 0.9686341703236101 -0.026761699455980146 115.54652552289551 13.872240390832781 2.5619480459145794
17.425906564885842 0.9688777246030745 -0.02725350328227709 115.68271231346672 13.879452530077472 2.5636801816518964
17.43173940502558 0.9691213742403322 -0.027745586030415492 115.81905555451576 13.88666744608148 2.5654135665589877
17.437573434923745 0.9693651193014526 -0.02823794797922765 115.95555540679398 13.893885139914326 2.567148201490188
17.44340865348981 0.9696089598525749 -0.028730589407932536 116.09221203114224 13.90110561264605 2.5688840872999146
17.449245059630293 0.9698528959599112 -0.029223510596142113 116.22902558849171 13.908328865347272 2.5706212248426814
17.455082652248738 0.9700969276897459 -0.029716711823859626 116.36599623986379 13.915554899089194 2.572359614973095
17.460921430245666 0.9703410551084337 -0.030210193371478317 116.50312414636835 13.922783714943542 2.5740992585458375
17.466761392518592 0.9705852782824009 -0.030703955519781508 116.64040946920417 13.930015313982588 2.575840156415669
17.472602537962036 0.9708295972781467 -0.031197998549947502 116.77785236965923 13.937249697279185 2.5775823094374357
17.4784448654675 0.9710740121622415 -0.03169232274354747 116.91545300910981 13.944486865906738 2.579325718466057
17.484288373923476 0.9713185230013286 -0.03218692838254676 117.05321154902053 13.951726820939221 2.5810703843565292
17.49013306221543 0.9715631298621233 -0.032681815749305204 117.1911281509441 13.95896956345118 2.582816307963921
17.49597892922579 0.9718078328114129 -0.03317698512657802 117.32920297652039 13.966215094517706 2.5845634901433647
17.501825973795743 0.9720526319144577 -0.033672436794278116 117.46743618657354 13.973463415167101 2.586311931738639
17.50767419480009 0.9722975272381245 -0.03416817103581859 117.60582794287855 13.980714526473642 2.5880616336045232
17.513523591146832 0.9725425188508708 -0.034664188138083724 117.74437840815659 13.98796842955714 2.58981259660672
17.519374161706196 0.9727876068197738 -0.035160488385414176 117.88308774439453 13.995225125494928 2.591564821600603
17.52522590534536 0.9730327912119835 -0.035657072062550414 118.02195611366595 14.002484615364928 2.5933183094416115
17.53107882092845 0.9732780720947242 -0.03615393945463393 118.16098367813063 14.009746900245657 2.5950730609852397
17.536932907316537 0.9735234495352935 -0.036651090847206975 118.3001706000344 14.017011981216218 2.59682907708704
17.542788163295942 0.9737689235980573 -0.03714852652012341 118.43951704000186 14.02427985926732 2.5985863585810947
17.548644587751664 0.9740144943517204 -0.037646246762278686 118.57902316116143 14.03155053551653 2.600344906332053
17.554502179571767 0.9742601618653198 -0.03814425186349798 118.71868912687589 14.038824011089662 2.602104721206478
17.560360937604976 0.9745059262064468 -0.038642542110931176 118.8585150997303 14.046100287068128 2.603865804060095
17.566220860696898 0.974751787442766 -0.03914111779212929 118.9985012423934 14.053379364533896 2.6056281557486645
17.572081947625332 0.9749977456393001 -0.03963997918954059 119.13864771607005 14.060661244489125 2.607391777108508
17.577944197220177 0.9752438008634613 -0.040139126590711276 119.27895468336489 14.067945928005116 2.6091566689925667
17.583807608386504 0.9754899531860232 -0.04063856029026286 119.4194223088414 14.07523341625106 2.610922832277394
17.58967217995747 0.9757362026749463 -0.041138280577368395 119.5600507555019 14.082523710311275 2.6126902678188757
17.595537910740696 0.975982549397325 -0.041638287739698 119.70084018589324 14.089816811242805 2.6144589764661657
17.60140479944806 0.9762289934164365 -0.04213858205742854 119.84179076041688 14.097112719988099 2.616228959040482
17.60727284503521 0.9764755348060048 -0.042639163832198984 119.98290264548636 14.104411437797225 2.618000216437539
17.613142046322782 0.9767221736342893 -0.04314003335481611 120.12417600443277 14.111712965756896 2.6197727495133094
17.61901240206827 0.9769689099671041 -0.04364119091137731 120.26561099922331 14.119017304879792 2.6215465591056577
17.624883911024597 0.9772157438702761 -0.04414263678826081 120.40720779186641 14.126324456177358 2.623321646051991
17.63075657211859 0.977462675417152 -0.044644371287380476 120.54896654872202 14.13363442088202 2.6250980112432614
17.636630384158245 0.9777097046762928 -0.04514639470118947 120.69088743344535 14.1409472000829 2.6268756555354877
17.64250534576904 0.9779568317087894 -0.045648707307216645 120.83297060543218 14.148262794646383 2.6286545797303718
17.64838145590802 0.9782040565898885 -0.04615130941201978 120.97521623224902 14.155581205856235 2.630434784730944
17.654258713391762 0.9784513793891394 -0.04665420131084147 121.1176244782283 14.162902434825966 2.632216271398709
17.660137116852784 0.9786988001685551 -0.047157383283858836 121.26019550339471 14.170226482444335 2.633999040540313
17.666016665188884 0.9789463190015224 -0.04766085563463659 121.40292947435745 14.177553349935161 2.6357830930437767
17.671897357240056 0.9791939359592081 -0.0481646186624924 121.54582655648669 14.184883038454915 2.6375684297805964
17.67777919159949 0.9794416511025977 -0.048668672646289525 121.68888690930812 14.192215548857035 2.6393550515482795
17.683662167197955 0.9796894645071028 -0.04917301789450468 121.832110700708 14.199550882420356 2.641142959247789
17.689546282831156 0.9799373762426618 -0.04967765470474516 121.97549809544991 14.20688904026004 2.642932153740069
17.69543153707084 0.9801853863699871 -0.050182583356098216 122.11904925298926 14.214230023216528 2.6447226358188773
17.70131792890961 0.9804334949677381 -0.050687804164450505 122.26276434319895 14.221573832659837 2.646514406406945
17.707205456987786 0.980681702099942 -0.051193317416163835 122.40664352751429 14.228920469525221 2.648307466320781
17.713094120065197 0.9809300078358754 -0.051699123408550825 122.55068697043937 14.23626993490166 2.650101816414201
17.718983917025287 0.9811784122502432 -0.052205222450250215 122.69489483966106 14.243622230037147 2.6518974575796683
17.724874846369833 0.9814269154018667 -0.052711614817803905 122.8392672936748 14.250977355707905 2.653694390594232
17.73076690711626 0.9816755173715328 -0.053218300832777336 122.98380450376247 14.258335313338618 2.6554926163931456
17.7366600978208 0.9819242182207879 -0.053725280777792705 123.12850663005595 14.265696103782842 2.657292135771923
17.742554417333434 0.982173018023788 -0.054232554961440284 123.27337384004677 14.273059728265677 2.6590929496166766
17.74844986436232 0.9824219168489207 -0.05474012368081877 123.41840629790002 14.280426187839833 2.6608950587711737
17.75434643760368 0.9826709147642844 -0.055247987232703966 123.56360416763786 14.287795483547805 2.66269846407646
17.76024413588529 0.9829200118437513 -0.055756145925915906 123.7089676166769 14.295167616601276 2.6645031664147742
17.766142957791335 0.9831692081511219 -0.05626460004899766 123.85449680658384 14.302542587912189 2.6663091665947634
17.77204290222719 0.9834185037639825 -0.056773349918888716 124.00019190700088 14.309920398798818 2.6681164655243483
17.77794396770718 0.9836678987436153 -0.057282395819526856 124.14605307806994 14.317301050095233 2.6699250639926224
17.78384615317181 0.9839173931695312 -0.05779173807232458 124.29208049061623 14.324684543173301 2.671734962920221
17.78974945710827 0.9841669871022996 -0.058301376960298947 124.43827430440727 14.332070878842647 2.6735461630897457
17.79565387844912 0.9844166806215375 -0.05881131280562658 124.58463469038738 14.339460058474906 2.675358665421348
17.8015594156977 0.9846664737889329 -0.05932154589414454 124.73116180901997 14.346852082909452 2.6771724707044067
17.807466067735017 0.9849163666823663 -0.059832076545032156 124.87785583028554 14.354246953463152 2.6789875798451934
17.813373833124434 0.985166359366502 -0.06034290505074503 125.0247169164339 14.361644671060096 2.6808039936533508
17.819282710651237 0.9854164519156152 -0.06085403172364545 125.17174523537888 14.369045236907075 2.68262171300766
17.825192698983184 0.9856666443992294 -0.06136545686666156 125.31894095226612 14.376448652068584 2.684440738751715
17.831103796765085 0.9859169368861174 -0.061877180781458034 125.46630423181873 14.383854917585216 2.6862610717229676
17.837016002814096 0.9861673294525729 -0.06238920378535107 125.61383524320976 14.391264034718406 2.6880827128128906
17.84292931558928 0.9864178221599468 -0.06290152616537494 125.76153414682834 14.398676004285726 2.6899056628035645
17.84884373401933 0.9866684150897044 -0.06341414824997624 125.90940111494007 14.406090827698254 2.691729922622745
17.854759256581765 0.9869191083044228 -0.06392707032924179 126.05743630869038 14.413508505806444 2.693555493060024
17.860675882055453 0.9871699018796697 -0.0644402927201096 126.2056398969083 14.420929039843454 2.695382374998862
17.866593609145525 0.9874207958881159 -0.06495381573386962 126.35401204673488 14.428352430954986 2.6972105693009456
17.872512436331895 0.9876717903931062 -0.06546763966299798 126.50255291981034 14.435778680009122 2.6990400767592813
17.878432362494028 0.9879228854751531 -0.06598176483539098 126.65126268794961 14.443207788380176 2.700870898291288
17.88435338616864 0.9881740812004601 -0.06649619154993006 126.80014151451667 14.450639757017402 2.7027030347093746
17.89027550598948 0.9884253776395717 -0.06701092011465855 126.9491895654575 14.45807458699673 2.7045364868568504
17.896198720735622 0.988676774869426 -0.06752595085099754 127.09840701052899 14.465512279581583 2.706371255622968
17.902123028909138 0.9889282729554323 -0.06804128405703004 127.24779401266186 14.472952835692562 2.7082073418121193
17.908048429196942 0.9891798719710724 -0.06855692004765458 127.39735073959054 14.480396256487369 2.7100447462868646
17.913974920327817 0.9894315719918358 -0.06907285914216862 127.54707736026145 14.48784254318138 2.711883469923713
17.919902500820537 0.9896833730845218 -0.06958910164233584 127.69697403846556 14.495291696731153 2.7137235135349473
17.925831169312623 0.9899352753212003 -0.07010564786100405 127.84704094113887 14.502743718247448 2.71556487797059
17.931760924533595 0.9901872787780807 -0.07062249811979253 127.99727823769899 14.510198608961758 2.717407564110189
17.937691765071282 0.9904393835255828 -0.0711396527287313 128.1476860941269 14.51765636993256 2.7192515727902133
17.94362368940926 0.9906915896299223 -0.07165711198950304 128.29826467390083 14.525117002092237 2.7210969048155897
17.94955669632984 0.9909438971702456 -0.0721748762306028 128.44901414822826 14.532580506753956 2.7229435610850814
17.95549078444203 0.991196306218564 -0.07269294576617408 128.599934684071 14.54004688501808 2.7247915424444966
17.961425952272613 0.9914488168436222 -0.07321132090393485 128.75102644644426 14.547516137886586 2.726640849714932
17.967362198405965 0.9917014291168444 -0.07373000195738602 128.902289601971 14.554988266438992 2.7284914837363043
17.973299521541517 0.9919541431147846 -0.07424898925084605 129.05372432035566 14.562463271904795 2.730343445385332
17.97923792027383 0.9922069589097675 -0.07476828310023778 129.20533076878084 14.569941155386665 2.732196735506974
17.985177393162367 0.9924598765728572 -0.07528788381917871 129.35710911367835 14.577421917948207 2.7340513549361396
17.991117938705106 0.9927128961727305 -0.07580779171666442 129.50905952005022 14.584905560580703 2.7359073044894124
17.99705955561179 0.9929660177873184 -0.07632800712099075 129.66118215846043 14.592392084547363 2.737764585050439
18.003002242462404 0.9932192414892604 -0.07684853034987135 129.81347719630418 14.599881490953162 2.7396231974632625
18.008945997833266 0.9934725673512758 -0.07736936172147052 129.96594480102877 14.607373780903659 2.7414831425716906
18.014890820279895 0.9937259954454318 -0.07789050155289949 130.1185851396927 14.614868955483386 2.7433444212139175
18.020836708281927 0.9939795258407956 -0.07841195015538518 130.27139837754723 14.622367015686377 2.7452070342052575
18.02678366051667 0.9942331586150986 -0.07893370785826218 130.42438468506757 14.629867962761159 2.747070982423839
18.032731675545744 0.9944868938413778 -0.07945577498150229 130.57754422990465 14.637371797815643 2.7489362667124797
18.03868075192708 0.9947407315927503 -0.07997815184553127 130.73087717975918 14.64487852195835 2.7508028879137427
18.044630888214908 0.9949946719424126 -0.08050083877122786 130.88438370238077 14.652388136298384 2.7526708468699246
18.050582082959725 0.9952487149636406 -0.08102383607992594 131.0380639655673 14.659900641945425 2.7545401444230553
18.056534334675092 0.9955028607283718 -0.08154714409049303 131.19191813630545 14.66741603996779 2.756410781404447
18.06248764188805 0.9957571093093569 -0.08207076312376137 131.3459463820716 14.67493433145609 2.758282758650528
18.068442003193013 0.9960114607824643 -0.08259469350727651 131.5001488722296 14.682455517591336 2.76015607701981
18.074397417125624 0.9962659152212933 -0.08311893556420498 131.65452577476856 14.689979599485671 2.7620307373532373
18.08035388221776 0.9965204726995227 -0.08364348961816943 131.80907725772272 14.697506578251806 2.763906740491457
18.086311396997573 0.9967751332909136 -0.08416835599325614 131.96380348917282 14.705036455003087 2.7657840872748363
18.09226995998943 0.9970298970693064 -0.08469353501400848 132.11870463724387 14.712569230853441 2.7676627785434382
18.098229569713965 0.9972847641086242 -0.08521902700543448 132.27378087010626 14.720104906917438 2.7695428151370387
18.104190224688015 0.99753973448287 -0.08574483229300225 132.4290323559739 14.72764348431023 2.771424197895103
18.11015192342465 0.9977948082661289 -0.08627095120264386 132.58445926310452 14.735184964147594 2.7733069276567934
18.11611466443316 0.9980499855325671 -0.0867973840607558 132.74006175979903 14.742729347545934 2.7751910052609627
18.122078446219053 0.9983052663564337 -0.08732413119420082 132.8958400144012 14.750276635622283 2.777076431546155
18.12804326728403 0.9985606508120586 -0.08785119293030501 133.05179419529662 14.757826829494283 2.778963207350591
18.13400912612599 0.9988161389738538 -0.08837856959686272 133.2079244709123 14.765379930280195 2.780851333512169
18.13997602123902 0.999071730916314 -0.08890626152213535 133.3642310097167 14.772935939098925 2.7827408108684653
18.145943951113416 0.999327426714017 -0.08943426903485496 133.52071398021914 14.780494857070028 2.784631640256729
18.15191291423562 0.9995832264416213 -0.08996259246421909 133.67737355096813 14.788056685313654 2.786523822513867
18.15788290908826 0.9998391301738697 -0.09049123213989783 133.8342098905524 14.795621424950616 2.788417358476455
18.163853934150143 1.0000951379855878 -0.09102018839203328 133.99122316759977 14.803189077102376 2.790312248980729
18.169825987896207 1.0003512499516833 -0.09154946155123753 134.14841355077607 14.810759642891012 2.7922084948625705
18.17579906879757 1.0006074661471487 -0.0920790519485973 134.30578120878585 14.818333123439285 2.794106096957522
18.18177317532148 1.0008637866470589 -0.09260895991567215 134.46332631037055 14.825909519870583 2.7960050561007646
18.187748305931326 1.001120211526572 -0.09313918578449602 134.62104902430852 14.833488833308945 2.797905373127121
18.193724459086635 1.0013767408609313 -0.09366972988757936 134.77894951941505 14.84107106487908 2.7998070488710565
18.19970163324307 1.0016333747254635 -0.09420059255790995 134.9370279645412 14.848656215706363 2.801710084166671
18.2056798268524 1.0018901131955793 -0.09473177412895112 135.0952845285731 14.856244286916816 2.803614479847689
18.21165903836249 1.0021469563467729 -0.09526327493464358 135.25371938043125 14.863835279637104 2.805520236747455
18.217639266217347 1.002403904254624 -0.09579509530941006 135.41233268907146 14.871429194994603 2.8074273556989486
18.22362050885708 1.002660956994798 -0.09632723558815355 135.57112462348292 14.879026034117365 2.8093358375347597
18.22960276462715 1.0029181146391433 -0.09685969609817953 135.73009535027592 14.88662579801882 2.8112456830581203
18.235586032037954 1.0031753772668506 -0.09739247718230044 135.88924504057744 14.894228487927561 2.8131568931257553
18.2415703095234 1.0034327449540779 -0.0979255791773566 136.0485738636212 14.901834104980697 2.815069468570845
18.247555595507873 1.0036902177768272 -0.09845900242017411 136.20808198852387 14.909442650308913 2.8169834102243865
18.25354188841183 1.0039477958111878 -0.09899274724806478 136.36776958443352 14.91705412504359 2.818898718916974
18.259529186651804 1.0042054791333332 -0.09952681399882667 136.52763682052836 14.924668530316808 2.8208153954787933
18.265517488605177 1.0044632678180094 -0.10006120300760198 136.68768386507577 14.932285867216567 2.822733440728343
18.27150679260613 1.0047211619383554 -0.10059591460651085 136.84791088531787 14.939906136781573 2.824652855471094
18.277497097161636 1.004979161575207 -0.10113094914393948 137.0083180532534 14.947529340276114 2.826573640568737
18.283488400672347 1.0052372668050815 -0.10166630695963158 137.16890553817467 14.955155478834985 2.828495796849756
18.28948070153494 1.0054954777045821 -0.10220198839382115 137.32967350940163 14.962784553593693 2.8304193251422087
18.295473998099 1.0057537943485402 -0.10273799378337532 137.49062213512283 14.970416565633535 2.832344226259861
18.301468288659155 1.0060122168096757 -0.103274323461087 137.65175158217812 14.978051515971563 2.8342705009996307
18.307463571729816 1.0062707451704413 -0.103810977780261 137.81306202344715 14.98568940591054 2.8361981502298903
18.313459845691657 1.0065293795077868 -0.10434795708309594 137.9745536283525 14.993330236588761 2.8381271747769077
18.319457108907176 1.006788119898138 -0.10488526171101566 138.13622656595913 15.000974009127182 2.8400575754619344
18.325455359568128 1.007046966410812 -0.10542289199098968 138.29808100085359 15.008620724434891 2.841989353052045
18.331454596230554 1.0073059191311051 -0.10596084828348905 138.46011710757952 15.016270383891186 2.843922508432432
18.337454817259054 1.0075649781363183 -0.10649913093269621 138.62233505565385 15.023922988637253 2.84585704242752
18.34345602091808 1.0078241434996884 -0.10703774027466252 138.78473501201313 15.031578539692386 2.847792955830239
18.34945820551729 1.0080834152966647 -0.10757667665034762 138.94731714494046 15.039237038139362 2.8497302494488794
18.355461369544205 1.0083427936106442 -0.10811594041754895 139.1100816276696 15.046898485293818 2.851668924149979
18.361465511316894 1.008602278517969 -0.10865553191971765 139.2730286289778 15.054562882261145 2.853608980746227
18.36747062897883 1.008861870087696 -0.1091954514854675 139.43615831302418 15.062230229929678 2.855550419994651
18.373476721093365 1.0091215684072965 -0.10973569948202565 139.59947085549942 15.069900529729757 2.8574932427888173
18.379483785969203 1.0093813735535022 -0.1102762762546048 139.76296642531256 15.077573782772616 2.8594374499408266
18.385491821709017 1.0096412855943953 -0.11081718213073313 139.92664518588364 15.085249989912166 2.861383042196842
18.39150082688941 1.009901304618825 -0.11135841748147274 140.0905073136674 15.092929152613767 2.863330020457278
18.397510799745447 1.0101614307011348 -0.11189998264801966 140.25455297594644 15.100611271912456 2.865278385512789
18.403521738466903 1.0104216639139703 -0.11244187796834831 140.41878233888403 15.108296348791265 2.8672281381400797
18.409533641579838 1.0106820043448046 -0.11298410381162996 140.58319557795897 15.115984384669202 2.869179279225745
18.415546507180114 1.0109424520627524 -0.11352666050912467 140.7477928570176 15.123675380421233 2.8711318095176033
18.421560333675068 1.0112030071506852 -0.11406954842106483 140.9125743485497 15.131369337326666 2.873085729865352
18.42757511941271 1.011463669689177 -0.11461276790322437 141.07754022355434 15.139066256595072 2.875041041100274
18.433590862470087 1.0117244397473273 -0.11515631928778361 141.2426906457194 15.146766139095288 2.876997743966326
18.43960756141798 1.0119853174159077 -0.11570020295241687 141.4080257924098 15.154468986334173 2.878955839368837
18.445625214247396 1.012246302760825 -0.11624441922328882 141.57354582519056 15.162174799082507 2.880915328025288
18.45164381947307 1.0125073958709683 -0.11678896847480336 141.73925092014665 15.169883578787719 2.8828762108244246
18.457663375221617 1.0127685968186655 -0.11733385104715681 141.90514124281125 15.177595326406367 2.884838488529394
18.463683879821243 1.0130299056852614 -0.11787906729967426 142.07121696438946 15.185310043159324 2.886802161969795
18.469705331539306 1.0132913225497355 -0.11842461758707347 142.2374782545349 15.193027730195691 2.8887672319561877
18.475727728575077 1.0135528474883837 -0.11897050225879743 142.40392528114225 15.200748388583444 2.890733699277683
18.481751069278673 1.013814480584327 -0.11951672167886017 142.57055821639707 15.208472019590115 2.892701564773418
18.487775351778797 1.0140762219113442 -0.12006327619210154 142.73737722648335 15.216198624205536 2.894670829210982
18.493800574449434 1.014338071554145 -0.12061016616651118 142.90438248449584 15.223928203740298 2.896641493438899
18.499826735407904 1.014600029586563 -0.12115739194769337 143.0715741565398 15.231660759181992 2.898613558222537
18.505853832992493 1.0148620960923112 -0.12170495390221656 143.2389524149676 15.239396291807926 2.9005870244003176
18.51188186536909 1.0151242711478854 -0.1222528523819025 143.40651742746874 15.247134802680442 2.902561892755011
18.51791083077981 1.015386554833373 -0.12280108774640343 143.57426936396743 15.254876292965951 2.9045381640950954
18.523940727499912 1.0156489472305823 -0.12334966035930245 143.74220839543287 15.262620763879733 2.906515839240697
18.5299715536141 1.0159114484133076 -0.12389857056775787 143.91033468764442 15.2703682163986 2.908494918950192
18.53600330756863 1.0161740584713599 -0.12444781875275004 144.0786484165798 15.27811865197014 2.9104754041013647
18.542035987228676 1.0164367774695315 -0.1249974052432669 144.2471497421218 15.28587207130161 2.912457295381968
18.548069591142838 1.0166996055026536 -0.12554733043146082 144.41583884335103 15.293628475984873 2.9144405937049718
18.55410411728713 1.0169625426409026 -0.1260975946582399 144.58471588347112 15.30138786688221 2.916425299795976
18.56013956393777 1.0172255889678106 -0.12664819829278928 144.75378103419203 15.309150245248135 2.918411414479981
18.566175929383242 1.0174887445677319 -0.12719914170635288 144.92303446769344 15.316915612359427 2.920398938586836
18.57221321152473 1.0177520095084154 -0.12775042523574281 145.09247634540668 15.324683969000954 2.9223878728195745
18.578251408842082 1.018015383883125 -0.12830204927152802 145.2621068451124 15.332455316708497 2.9243782180725595
18.584290519391992 1.0182788677669563 -0.12885401416657272 145.43192613283426 15.340229656479805 2.9263699751015135
18.59033054125803 1.0185424612364578 -0.12940632027711094 145.6019343754547 15.348006989353529 2.928363144671678
18.596371472798094 1.0188061643804345 -0.1299589679853963 145.77213174769375 15.355787316728014 2.9303577276395636
18.60241331203779 1.019069977273475 -0.13051195764423149 145.9425184150308 15.363570639580178 2.9323537247527485
18.608456057104114 1.0193338999948771 -0.13106528961661768 146.11309454590744 15.371356959023908 2.934351136792961
18.614499706302173 1.0195979326320044 -0.13161896428281084 146.28386031391017 15.379146276409124 2.936349964601555
18.620544257697524 1.0198620752620464 -0.13217298200207314 146.45481588597636 15.386938592783588 2.938350208941429
18.626589709318765 1.0201263279608601 -0.13272734313120424 146.6259614280997 15.39473390915381 2.9403518705638967
18.63263605948878 1.0203906908174543 -0.1332820480549341 146.79729711471666 15.402532226912305 2.9423549503184296
18.638683306335192 1.0206551639125943 -0.13383709714104303 146.96882311485368 15.410333547206413 2.9443594489906055
18.644731447794697 1.020919747318981 -0.1343924907407234 147.14053959222443 15.418137870943655 2.946365367303374
18.650780482128752 1.0211844411238093 -0.1349482292359258 147.31244671986545 15.425945199457086 2.9483727060880485
18.65683040750167 1.0214492454103183 -0.13550431300064644 147.48454466817344 15.433755533961099 2.950381466144488
18.662881222022747 1.0217141602596314 -0.1360607424047826 147.65683360609242 15.441568875605702 2.9523916482550097
18.668932923627526 1.021979185745553 -0.13661751780319564 147.82931369771998 15.449385225323061 2.954403253144853
18.674985510555402 1.0222443219554833 -0.13717463957964898 148.0019851159157 15.45720458444436 2.956416281640913
18.68103898093897 1.0225095689724422 -0.1377321081090525 148.1748480306107 15.465026954169575 2.958430734535333
18.68709333286907 1.0227749268779136 -0.1382899237634331 148.34790261065305 15.472852335651414 2.960446612607064
18.693148564411405 1.023040395752573 -0.13884808691346384 148.52114902427778 15.480680730016752 2.962463916627369
18.699204673521244 1.0233059756725462 -0.13940659792059018 148.69458743665922 15.488512138256299 2.964482647331356
18.70526165842986 1.023571666726356 -0.13996545717267395 148.86821802097955 15.496346561724359 2.9665028055468032
18.711319517209528 1.023837468995851 -0.1405246650438918 149.04204094597839 15.504184001576421 2.968524392049208
18.717378247927876 1.0241033825629717 -0.14108422190896003 149.21605638036618 15.512024458968684 2.970547407613189
18.72343784864782 1.0243694075097494 -0.14164412814313213 149.39026449282227 15.519867935058004 2.9725718530124676
18.729498317427588 1.0246355439183057 -0.14220438412220204 149.56466545199453 15.52771443100193 2.974597729019867
18.735559652203133 1.024901791865689 -0.14276499021162692 149.73925942311004 15.535563947806423 2.976625036367967
18.74162185114737 1.0251681514396538 -0.1433259467997532 149.91404657832118 15.543416486791077 2.978653775869251
18.74768491230596 1.0254346227226654 -0.1438872542641453 150.08902708622148 15.551272049117548 2.9806839482943315
18.753748833718337 1.0257012057972157 -0.1444489129827728 150.26420111532678 15.559130635946264 2.9827155544124
18.759813613419258 1.0259679007458913 -0.14501092333415538 150.4395688341185 15.566992248438424 2.984748594991732
18.76587924943872 1.0262347076513703 -0.14557328569735706 150.61513041104084 15.574856887755912 2.9867830707996617
18.771945739802 1.0265016265964246 -0.14613600045199088 150.79088601450147 15.58272455506137 2.9888189826025884
18.778013082529608 1.0267686576639183 -0.14669906797821727 150.96683581286916 15.590595251518137 2.990856331165959
18.784081275637284 1.0270358009368088 -0.14726248865674552 151.14297997447343 15.598468978290272 2.9928951172542613
18.790150317136035 1.027303056498148 -0.14782626286883765 151.31931866760476 15.606345736542613 2.994935341631035
18.796220205032093 1.0275704244310817 -0.1483903909963083 151.4958520605126 15.61422552744073 2.9969770050588496
18.802290937326884 1.0278379048188484 -0.14895487342152247 151.6725803214042 15.622108352150914 2.9990201082992956
18.80836251201705 1.0281054977447814 -0.1495197105273994 151.84950361844437 15.629994211840202 3.0010646521129845
18.814434927094467 1.0283732032923092 -0.15008490269741534 152.02662211975502 15.637883107676421 3.003110637259548
18.82050818054619 1.0286410215449546 -0.15065045031560248 152.20393599341352 15.645775040828147 3.005158064497624
18.826582270354457 1.028908952586335 -0.15121635376654835 152.38144540745176 15.653670012464694 3.007206934584846
18.832657194496694 1.0291769965001631 -0.15178261343540023 152.55915052985569 15.661568023756166 3.0092572482778444
18.838732950945506 1.0294451533702471 -0.1523492297078647 152.73705152856428 15.66946907587344 3.0113090063322385
18.84480953766866 1.0297134232804908 -0.15291620297020941 152.91514857146865 15.677373169988163 3.013362209502628
18.850886952629093 1.0299818063148942 -0.15348353360926315 153.09344182641135 15.685280307272784 3.01541685854259
18.85696519378489 1.0302503025575536 -0.15405122201241903 153.271931461185 15.693190488900528 3.017472954204667
18.863044259089257 1.0305189120926599 -0.1546192685676299 153.45061764353102 15.701103716045385 3.019530497240357
18.86912414649057 1.0307876350045024 -0.15518767366341807 153.6295005411402 15.709019989882188 3.0215894884001204
18.875204853932328 1.0310564713774675 -0.15575643768887137 153.808580321651 15.716939311586563 3.023649928433369
18.881286379353135 1.0313254212960368 -0.1563255610336426 153.9878571526475 15.724861682334923 3.025711818088443
18.88736872068673 1.031594484844791 -0.15689504408795601 154.16733120166063 15.732787103304519 3.027775158112631
18.89345187586194 1.0318636621084074 -0.1574648872426024 154.34700263616506 15.740715575673393 3.029839949252136
18.899535842802713 1.0321329531716616 -0.15803509088894604 154.52687162358052 15.74864710062045 3.0319061922520962
18.905620619428078 1.0324023581194273 -0.15860565541892233 154.70693833126882 15.756581679325395 3.0339738878565545
18.91170620353462 1.0326718770314705 -0.15917658121401076 154.88720292305103 15.764519312815462 3.036043036768492
18.917792593121774 1.032941509996855 -0.15974786867574883 155.06766556883915 15.772460002389671 3.038113639760403
18.923879786111314 1.0332112571015262 -0.16031951819943668 155.24832643633616 15.780403749253088 3.0401856975789836
18.92996778040248 1.0334811184307477 -0.16089153017929902 155.42918569266308 15.788350554588677 3.0422592109638327
18.936056573889598 1.0337510940698844 -0.1614639050101408 155.6102435048801 15.796300419580293 3.0443341806534385
18.942146164462013 1.0340211841044 -0.16203664308734483 155.79150003998393 15.80425334541263 3.046410607385158
18.9482365498496 1.0342913886130014 -0.16260974479232984 155.9729554603019 15.812209333069372 3.0484884918424804
18.95432772803841 1.0345617076860791 -0.16318321053165874 156.1546099358705 15.820168383876146 3.050567834796804
18.960419696940633 1.0348321414110708 -0.1637570407060074 156.3364636346157 15.828130499069545 3.052648636994933
18.966512454425658 1.0351026898738376 -0.16433123571307612 156.51851672327052 15.836095679837658 3.054730899169609
18.972605998320013 1.0353733531586582 -0.16490579594757934 156.70076936736726 15.844063927319937 3.056814622039465
18.978700326317387 1.0356441313442308 -0.16548072179274748 156.88322172853617 15.852035242489436 3.058899806278179
18.984795436465365 1.035915024525299 -0.16605601366624806 157.06587397907896 15.860009626789507 3.0609864526810244
18.990891326613273 1.0361860327881258 -0.1666316719681224 157.24872628545 15.867987081411748 3.063074561976034
18.99698799453423 1.03645715621591 -0.1672076970922729 157.43177881189362 15.875967607455472 3.065164134865639
19.003085437928195 1.0367283948889179 -0.16778408942673692 157.6150317205247 15.883951205931593 3.0672551720276484
19.009183654829222 1.0369997489026033 -0.1683608493921996 157.79848518357562 15.891937878295971 3.0693476742549572
19.015282643066428 1.0372712183436343 -0.16893797739105706 157.98213936720506 15.89992762574377 3.0714416422707536
19.021382400205166 1.0375428032872627 -0.16951547380180146 158.1659944296947 15.907920449132037 3.07353707670811
19.027482924258916 1.037814503829015 -0.17009333904640694 158.35005054289877 15.915916349912477 3.0756339783544786
19.03358421309493 1.0380863200582422 -0.1706715735341011 158.53430787435144 15.923915329352912 3.077732347947669
19.039686264271356 1.038358252050852 -0.1712501776458848 158.71876658231994 15.931917388323447 3.0798321861196443
19.045789075739027 1.0386302999005759 -0.17182915180105363 158.90342683700368 15.939922528216618 3.0819334936379104
19.05189264538895 1.0389024636988171 -0.1724084964143371 159.08828880688023 15.94793075035431 3.084036271249974
19.05799697068402 1.039174743518217 -0.17298821186089963 159.2733526475255 15.955942055504265 3.0861405195562885
19.064102049687733 1.0394471394585334 -0.17356829857401185 159.45861853278373 15.96395644522999 3.088246239364749
19.070207880133967 1.0397196516051592 -0.1741487569567446 159.64408662658585 15.971973920670191 3.09035343137017
19.076314459580704 1.0399922800359647 -0.17472958739651767 159.8297570875772 15.979994482740166 3.0924620962070493
19.082421786102863 1.0402650248522316 -0.1753107903310071 160.01563009018778 15.988018133041871 3.094572234688846
19.08852985714609 1.0405378861274788 -0.1758923661391161 160.20170578977337 15.996044872358379 3.096683847412128
19.094638670677316 1.0408108639588416 -0.1764743152504557 160.38798435762436 16.004074702165397 3.0987969351540463
19.100748224377636 1.041083958431024 -0.17705663806852598 160.57446595639425 16.01210762357082 3.100911498593418
19.10685851590251 1.0413571696279176 -0.17763933499547196 160.76115074801183 16.020143637656535 3.1030275384005854
19.112969543184498 1.0416304976461421 -0.1782224064609706 160.94803890293974 16.028182745876688 3.105145055342316
19.119081303645437 1.041903942559814 -0.17880585284707617 161.13513057608696 16.036224949021403 3.107264050008857
19.12519379539086 1.0421775044739736 -0.17938967460220778 161.3224259433496 16.04427024878822 3.109384523227896
19.13130701568801 1.0424511834564882 -0.1799738720958418 161.5099251550088 16.052318645779273 3.1115064755368063
19.137420962735696 1.0427249796172644 -0.18055844578756816 161.69762838996812 16.060370141830898 3.113629907796659
19.143535633726795 1.042998893021508 -0.1811433960419347 161.88553579632304 16.068424737462752 3.1157548205196752
19.14965102687258 1.0432729237803793 -0.18172872332200068 162.07364755351026 16.07648243454372 3.1178812145722934
19.155767139372855 1.0435470719600646 -0.18231442799516082 162.26196380992914 16.08454323361809 3.120009090469777
19.161883969369374 1.0438213376693073 -0.1829005105201063 162.45048474302436 16.092607136479334 3.1221384490554045
19.168001514151403 1.0440957209789778 -0.18348697127499683 162.63921050404136 16.100674143805254 3.1242692908762044
19.17411977170798 1.0443702219916708 -0.18407381070617668 162.82814126585586 16.108744257204208 3.1264016167232507
19.18023873950155 1.044644840786705 -0.18466102921063018 163.01727718515286 16.116817477598143 3.1285354272045747
19.186358415284094 1.0449195774567348 -0.18524862721423702 163.2066184276112 16.124893806298882 3.1306707230294903
19.192478796776125 1.0451944320933524 -0.18583660514100375 163.39616515800074 16.132973244584875 3.132807504896784
19.19859988140693 1.045469404775416 -0.18642496338808254 163.58591753212065 16.141055793358113 3.1349457734039103
19.204721667143453 1.0457444956062827 -0.18701370240543608 163.77587572248848 16.149141454238578 3.1370855293365025
19.210844151299035 1.0460197046602928 -0.18760282258132446 163.96603988140285 16.15723022799118 3.1392267732521804
19.216967331725403 1.0462950320363291 -0.18819232435692632 164.15641017792098 16.165322116100054 3.1413695058971145
19.223091206095997 1.046570477825616 -0.18878220815742983 164.3469867756271 16.173417119822062 3.143513727955581
19.229215771724903 1.0468460421035601 -0.1893724743745338 164.53776982696112 16.18151523994707 3.14565943998631
19.235341026570794 1.0471217249749178 -0.18996312346319502 164.7287595044842 16.189616478125316 3.147806642774164
19.24146696814624 1.0473975265247297 -0.19055415583653776 164.91995596691712 16.19772083542546 3.1499553369481146
19.247593593870803 1.0476734468341937 -0.1911455718998366 165.11135937010962 16.20582831280112 3.152105523104744
19.253720901610514 1.0479494860049676 -0.19173737210261602 165.30296988390472 16.21393891180494 3.154257201997655
19.259848888911666 1.0482256441246676 -0.19232955686470446 165.49478766821062 16.22205263357479 3.1564103742686203
19.265977553106232 1.048501921271599 -0.1929221265863516 165.686812876257 16.23016947897284 3.1585650404843384
19.272106892063675 1.0487783175486491 -0.1935150817209259 165.87904567815212 16.238289449581323 3.1607212014007495
19.278236903352134 1.0490548330454847 -0.19410842269384443 166.0714862346189 16.246412546591838 3.1628788576682587
19.284367584350985 1.0493314678436092 -0.1947021499134029 166.26413470048797 16.254538770954053 3.1650380098710835
19.290498932699045 1.0496082220365859 -0.19529626381417053 166.45699123877293 16.262668123969725 3.1671986586850416
19.296630946058205 1.049885095719383 -0.19589076483414009 166.6500560132647 16.270800606979687 3.169360804794459
19.302763621973845 1.0501620889820702 -0.1964856534011928 166.84332918413335 16.278936221178714 3.1715244488429244
19.308896957833227 1.0504392019079323 -0.19708092992903337 167.03681090659734 16.287074967560113 3.1736895914184857
19.315030951233325 1.0507164345900848 -0.1976765948528795 167.23050134251937 16.29521684740378 3.17585623318344
19.32116559980193 1.0509937871234016 -0.19827264861213612 167.42440065478127 16.303361862039043 3.1780243748113133
19.327300901061573 1.0512712595983633 -0.19886909163717298 167.61850900298137 16.311510012664016 3.1801940169387506
19.333436852529037 1.0515488521055527 -0.19946592435898364 167.81282654657116 16.31966130047763 3.1823651602006313
19.33957345157525 1.0518265647293146 -0.20006314719554852 168.00735344041087 16.327815726493473 3.1845378051804465
19.345710695797823 1.0521043975646127 -0.20066076058808402 168.20208984657276 16.33597329203476 3.186711952542151
19.351848582754535 1.0523823507049774 -0.20125876497513462 168.39703592590786 16.34413399838041 3.1888876029359094
19.357987109939142 1.052660424241408 -0.2018571607902076 168.5921918372696 16.35229784673282 3.1910647569894706
19.364126274839617 1.0529386182650062 -0.20245594846743903 168.787557739358 16.360464838295254 3.1932434153287677
19.370266074938126 1.0532169328669798 -0.20305512844159715 168.98313379071857 16.368634974271828 3.1954235785779175
19.376406507710993 1.0534953681386385 -0.20365470114807763 169.17892014973893 16.376808255867488 3.1976052473591827
19.382547570534097 1.0537739241671038 -0.20425466701366315 169.37491697162815 16.384984684162053 3.1997884222593402
19.388689260951637 1.0540526010475002 -0.2048550264827779 169.57112441699073 16.393164260468048 3.201973103925201
19.394831576448723 1.054331398872644 -0.20545577999528988 169.76754264457688 16.401346986028056 3.204159292982818
19.400974514478456 1.0546103177342712 -0.20605692798914807 169.96417181214073 16.40953286205072 3.2063469900470776
19.407118072488053 1.0548893577242218 -0.20665847090293732 170.16101207727237 16.417721889745554 3.208536195730971
19.41326224791887 1.0551685189344422 -0.20726040917588223 170.35806359739763 16.42591407032298 3.2107269106456013
19.41940703820638 1.0554478014569848 -0.20786274324784784 170.55532652977644 16.434109404994324 3.2129191354001687
19.425552440780212 1.0557272053840105 -0.2084654735593443 170.7528010315025 16.442307894971883 3.2151128706019727
19.43169845306406 1.056006730807785 -0.20906860055152168 170.95048725949985 16.450509541468822 3.2173081168563784
19.43784507247574 1.0562863778206817 -0.20967212466617519 171.1483853705229 16.458714345699267 3.219504874766825
19.44399229642717 1.056566146515183 -0.21027604634574945 171.34649552115548 16.466922308878313 3.2217031449348186
19.450140122324335 1.0568460369838777 -0.21088036603333304 171.544817867808 16.47513343222197 3.223902927959908
19.456288547567304 1.0571260493194636 -0.21148508417266515 171.7433525667169 16.483347716947215 3.22610422443968
19.4624375695502 1.0574061836147461 -0.21209020120813277 171.94209977394294 16.491565164271982 3.228307034969753
19.468587185661228 1.057686439962641 -0.21269571758477754 172.14105964537046 16.499785775415205 3.2305113601437694
19.474737393282634 1.057966818456172 -0.21330163374829308 172.34023233670553 16.50800955159679 3.232717200553382
19.48088818979073 1.058247319188474 -0.2139079501450289 172.53961800347503 16.516236494037653 3.2349245567882488
19.48703957255581 1.05852794225279 -0.21451466722198578 172.73921680102305 16.524466603959652 3.2371334294360015
19.493191538942252 1.0588086877424743 -0.2151217854268266 172.93902888451314 16.53269988258572 3.239343819082272
19.49934408630842 1.0590895557509916 -0.21572930520787015 173.13905440892367 16.540936331139758 3.241555726310651
19.50549721200671 1.0593705463719179 -0.2163372270140968 173.33929352904852 16.549175950846728 3.243769151702698
19.511650913328587 1.0596516596964305 -0.21694555128971674 173.53974639770448 16.55741874285902 3.245984095818146
19.5178051875817 1.0599328958168297 -0.2175542784817859 173.74041316823667 16.565664708359723 3.24820055922261
19.523960032175065 1.0602142548304343 -0.21816340904864656 173.94129399730332 16.573913848676852 3.250418542518323
19.530115444436927 1.0604957368312626 -0.21877294344192108 174.14238903893738 16.58216616503938 3.252638046278536
19.53627142168953 1.0607773419134456 -0.21938288211390025 174.34369844698028 16.590421658677375 3.2548590710744194
19.54242796124903 1.0610590701712255 -0.21999322551753853 174.54522237507783 16.598680330821917 3.257081617475029
19.548585060425594 1.061340921698961 -0.22060397410646765 174.7469609766823 16.60694218270525 3.25930568604733
19.554742716399495 1.0616228965854522 -0.22121512832269394 174.94891440098536 16.615207215394452 3.261531277311394
19.560900926483313 1.0619049949259447 -0.22182668862261476 175.15108280150872 16.62347543014332 3.2637583918351036
19.567059688064592 1.0621872168195141 -0.22243865547135933 175.35346633424115 16.631746828315627 3.265987030213559
19.573218998429123 1.0624695623609703 -0.22305102932523932 175.55606515183283 16.64002141114787 3.268217193005125
19.579378854856603 1.0627520316452375 -0.22366381064124297 175.7588794067313 16.648299179877664 3.270448880766011
19.585539254412225 1.0630346247577944 -0.22427699985628752 175.96190924430763 16.656580135463564 3.2726820939746757
19.591700194480456 1.0633173417991553 -0.22489059744033657 176.1651548204394 16.664864279302513 3.274916833225274
19.59786167239998 1.063600182868137 -0.2255046038601086 176.3686162895011 16.67315161273943 3.277153099095464
19.604023685425993 1.063883148060125 -0.22611901957530678 176.57229380310994 16.681442137016422 3.2793908921326644
19.61018623054337 1.0641662374584826 -0.22673384501995203 176.77618750392716 16.689735853021137 3.2816302127860455
19.616349305168868 1.064449451166806 -0.22734908067242982 176.9802975488814 16.698032762231755 3.283871061661631
19.622512906615054 1.064732789284312 -0.22796472700205656 177.18462409145837 16.70633286599587 3.2861134393276785
19.62867703197797 1.065016251900665 -0.2285807844578248 177.3891672779544 16.714636165378973 3.2883573462736595
19.634841678355084 1.0652998391059882 -0.22919725349014486 177.5939272546842 16.722942661457786 3.2906027829894375
19.641006843211173 1.0655835510077054 -0.22981413458747096 177.79890418015083 16.731252355813492 3.2928497500986538
19.6471725236363 1.0658673876964067 -0.2304314282020994 178.00409820039883 16.739565249531957 3.2950982480884448
19.65333871664177 1.0661513492594519 -0.23104913477972291 178.20950945881708 16.747881343602195 3.2973482774170644
19.659505419728358 1.066435435807146 -0.23166725481638104 178.4151381150823 16.756200639682934 3.2995998387213223
19.665672629860357 1.066719647425492 -0.23228578875568376 178.6209843109777 16.764523138718936 3.3018529324421904
19.671840344201357 1.0670039842100751 -0.23290473706251538 178.8270481949004 16.772848841933317 3.304107559093265
19.678008560169246 1.067288446268616 -0.23352410022862374 179.0333299237333 16.781177750902255 3.3063637192811037
19.684177274480007 1.0675730336768727 -0.23414387867659797 179.23982963086183 16.789509866263803 3.3086214133554397
19.690346484693496 1.0678577465499348 -0.23476407291511117 179.44654747788002 16.797845189805322 3.310880641974658
19.69651618776439 1.0681425849753845 -0.2353846833933695 179.65348360610213 16.80618372250653 3.3131414055755846
19.702686380811066 1.0684275490487625 -0.23600571057834835 179.8606381622901 16.814525465577898 3.3154037046548157
19.708857061151527 1.0687126388752446 -0.2366271549584637 180.06801129988793 16.82287042050966 3.3176675397820827
19.715028225567828 1.0689978545356569 -0.2372490169694919 180.27560315429787 16.831218588077004 3.3199329113303646
19.721199871635186 1.0692831961478928 -0.23787129712846408 180.48341388756748 16.83956997013782 3.3221998199636347
19.72737199590616 1.0695686637829824 -0.23849399585066033 180.6914436272886 16.84792456717611 3.3244682659701756
19.73354459608459 1.0698542575656111 -0.23911711366882715 180.89969253980755 16.856282381243894 3.3267382500611467
19.73971766866476 1.0701399775649243 -0.23974065099499053 181.10816075064866 16.864643412765545 3.329009772502872
19.745891211344205 1.0704258239061677 -0.24036460836403314 181.31684842591667 16.873007663804827 3.3312828340041603
19.752065220578356 1.0707117966575006 -0.24098898618668463 181.52575568971102 16.881375134752783 3.3335574348164427
19.758239694047358 1.0709978959442172 -0.24161378499884625 181.73488270751204 16.889745827669948 3.335833575642039
19.764414628277397 1.0712841218385727 -0.2422390052210514 181.94422960569992 16.898119743062697 3.338111256757852
19.770590020778915 1.0715704744588526 -0.24286464737480934 182.15379654396128 16.906496882781873 3.3403904788034993
19.776765868287892 1.0718569538878626 -0.24349071190457025 182.36358365568043 16.91487724763802 3.3426712421327065
19.78294216801671 1.072143560230919 -0.24411719930441142 182.5735910903636 16.92326083909794 3.3449535472748106
19.789118917031054 1.0724302935869614 -0.24474411005492758 182.78381899250036 16.93164765843956 3.3472373947048357
19.79529611212904 1.0727171540429254 -0.2453714446109104 182.99426749741815 16.94003770658746 3.3495227847985847
19.801473750704705 1.0730041417138447 -0.24599920348904272 183.20493676069893 16.948430985285714 3.351809718152102
19.807651829379033 1.07329125667927 -0.24662738712884938 183.41582691152493 16.956827495238343 3.3540981950750903
19.813830345423504 1.0735784990493975 -0.24725599603733922 183.62693810121377 16.965227238043347 3.3563882161178293
19.82000929592441 1.073865868926255 -0.2478850307041115 183.83827047473085 16.973630215057465 3.358679781761887
19.826188677446467 1.074153366388031 -0.2485144915670231 184.04982415913554 16.982036426938134 3.360972892295033
19.832368487416637 1.0744409915534525 -0.24914437915312715 184.26159931093946 16.990445875525808 3.3632675483246497
19.83854872277227 1.074728744518905 -0.24977469394102517 184.47359606985515 16.99885856200536 3.365563750276272
19.84472938011885 1.0750166253657407 -0.2504054363768245 184.68581456413324 17.00727448711991 3.367861498451703
19.850910456812155 1.075304634210684 -0.25103660698457536 184.8982549477175 17.015693652644373 3.370160793431307
19.857091949800466 1.0755927711519198 -0.2516682062481751 185.11091736051947 17.02411605980933 3.3724616356437807
19.863273855738687 1.0758810362743823 -0.2523002346229164 185.32380193228124 17.03254170945578 3.3747640254082
19.869456171770093 1.0761694296862048 -0.2529326926153992 185.53690880948673 17.04097060310053 3.3770679632251177
19.875638894913326 1.0764579514901516 -0.2535655807209173 185.75023813428098 17.0494027421011 3.3793734495484493
19.881822022089164 1.0767466017848586 -0.25419889942616913 185.96379004537465 17.057838127692058 3.381680484795327
19.88800554990488 1.0770353806547537 -0.2548326491871226 186.17756467056807 17.066276760690478 3.3839890692654526
19.894189475573317 1.077324288212977 -0.2554668305232037 186.3915621585182 17.07471864275018 3.3862992034841835
19.90037379600897 1.0776133245591806 -0.256101443924706 186.60578264751445 17.083163775128508 3.388610887865233
19.906558508104997 1.0779024897924592 -0.25673648988115616 186.82022627503733 17.09161215906418 3.3909241228139706
19.912743608663234 1.0781917840080741 -0.25737196887411623 187.03489317532433 17.10006379568165 3.3932389087011967
19.918929094483126 1.0784812073016095 -0.25800788138630515 187.24978348244488 17.108518686112493 3.3955552458963485
19.925114962615385 1.0787707597808487 -0.2586442279277074 187.46489733912486 17.116976831842358 3.397873134862569
19.931301209925433 1.079060441545352 -0.2592810089907026 187.6802348815853 17.125438234114327 3.400192575993265
19.937487833271682 1.0793502526947942 -0.25991822506838397 187.8957962457255 17.133902894172532 3.4025135696787996
19.943674829505543 1.0796401933289665 -0.2605558766545576 188.11158156712133 17.142370813262172 3.4048361163064773
19.949862195471457 1.079930263547778 -0.26119396424375163 188.32759098102503 17.15084199262959 3.407160216260555
19.956049927874762 1.0802204634450594 -0.26183248831757683 188.54382461774375 17.159316433341296 3.4094858698725483
19.962238023666394 1.0805107931266031 -0.26247144938442346 188.76028261607846 17.16779413681082 3.4118130775657933
19.968426479696237 1.0808012526939146 -0.2631108479437163 188.97696511122237 17.176275104324166 3.414141839725243
19.974615292780726 1.0810918422473799 -0.26375068449288014 189.1938722371133 17.18475933713231 3.416472156722806
19.980804459729242 1.0813825618875033 -0.26439095953006336 189.41100412735426 17.193246836487365 3.4188040289272563
19.986993977344095 1.0816734117149074 -0.2650316735541392 189.62836091521086 17.201737603642588 3.421137456704216
19.99318384242051 1.0819643918303337 -0.2656728270647079 189.84594273360958 17.210231639852374 3.423472440416144
19.999374051746695 1.0822555023346463 -0.2663144205621047 190.0637497151382 17.21872894637238 3.4258089804223446
20.00556460210372 1.0825467433288278 -0.26695645454739053 190.28178199203964 17.227229524459382 3.4281470770789118
20.0117554902656 1.0828381149139827 -0.26759892952236347 190.5000396962137 17.235733375371407 3.4304867307387568
20.017946712999244 1.0831296171913374 -0.26824184598955536 190.7185229592132 17.2442405003677 3.4328279417515706
20.024138267064423 1.083421250262238 -0.268885204452232 190.9372319122413 17.25275090070868 3.4351707104638076
20.030330149213817 1.083713014228155 -0.269529005414399 191.15616668615135 17.261264577656057 3.437515037218687
20.036522356193 1.0840049091906818 -0.2701732493808045 191.37532741144454 17.26978153247281 3.439860922356179
20.042714884740374 1.0842969352515335 -0.2708179368569333 191.5947142182661 17.278301766423134 3.442208366212968
20.048907731587228 1.084589092512551 -0.2714630683490177 191.81432723640555 17.286825280772547 3.444557369122469
20.055100893457688 1.0848813810756974 -0.2721086443640316 192.03416659529316 17.295352076787832 3.446907931414791
20.06129436706875 1.0851738010430632 -0.2727546654097005 192.2542324239992 17.303882155737124 3.449260053416742
20.06748814913022 1.0854663525168622 -0.2734011319944941 192.4745248512305 17.312415518889832 3.451613735451795
20.07368223634474 1.0857590355994344 -0.2740480446276349 192.69504400532918 17.320952167516715 3.453968977840088
20.07987662540778 1.086051850393247 -0.27469540381909724 192.91579001427087 17.329492102889894 3.456325780898408
20.086071312832868 1.0863447969926274 -0.2753432100613291 193.1367629994253 17.338035326041794 3.4586841448736227
20.09226629545219 1.0866378755074364 -0.2759914638815962 193.35796309340773 17.346581838455517 3.4610440701332275
20.098461569945563 1.0869310860408026 -0.2766401657927572 193.57939042329048 17.355131641415454 3.463405556986109
20.104657132979522 1.0872244286956951 -0.2772893163077958 193.8010451155542 17.363684736199037 3.4657686057354375
20.11085298121341 1.0875179035752136 -0.27793891594045933 194.0229272963032 17.372241124085146 3.4681332166809655
20.11704911129933 1.0878115107825872 -0.27858896520525783 194.24503709126282 17.380800806354078 3.4704993901190124
20.12324551972518 1.0881052504137307 -0.2792394646009806 194.4673746201406 17.389363784070603 3.472867126282431
20.129442203139057 1.088399122572621 -0.27989041464473663 194.6899400082563 17.397930058532175 3.4752364254645114
20.135639158299302 1.088693127368941 -0.2805418158667616 194.91273338477154 17.406499631200244 3.4776072880000357
20.14183638182892 1.0889872649064365 -0.28119366878461954 195.135754873867 17.415072503360783 3.479979714171365
20.148033870343625 1.0892815352889818 -0.281845973916644 195.35900459933222 17.42364867630123 3.4823537042573367
20.154231620084403 1.0895759386031276 -0.2824987317432301 195.5824826713091 17.43222815080179 3.484729258392386
20.160429627993217 1.0898704749691919 -0.28315194282011485 195.80618922506906 17.44081092862444 3.487106376978775
20.16662789067145 1.0901651444918052 -0.2838056076687475 196.03012438348816 17.449397011071575 3.4894850602875933
20.172826404601352 1.0904599472704128 -0.2844597267995532 196.25428826499913 17.457986399292178 3.49186530854341
20.17902516612156 1.0907548833980996 -0.28511430070931126 196.47868098268214 17.46657909424761 3.4942471219147206
20.185224172129043 1.0910499529949969 -0.2857693299553084 196.70330266968733 17.475175097684875 3.496630500783744
20.191423419188236 1.091345156165907 -0.2864248150613072 196.92815344700387 17.483774410901997 3.499015445404232
20.197622903354887 1.0916404929918808 -0.28708075649879405 197.15323341700307 17.492377034502795 3.5014019558332583
20.20382262165632 1.0919359636007286 -0.28773715484358303 197.3785427171684 17.500982970450842 3.5037900325009597
20.210022570591036 1.092231568095568 -0.28839401061714465 197.60408146566027 17.509592219988022 3.506179675633213
20.216222746226638 1.0925273065594445 -0.2890513242968135 197.8298497647893 17.518204783769367 3.5085708852887825
20.22242314558509 1.092823179121406 -0.2897090964626467 198.05584775145397 17.526820663787287 3.5109636618935505
20.2286237649248 1.0931191858745726 -0.29036732761533735 198.28207553460302 17.53543986098552 3.51335800557808
20.234824600660875 1.0934153269200197 -0.2910260182737368 198.5085332287216 17.54406237653719 3.515753916532374
20.241025649637116 1.0937116023797964 -0.29168516900384095 198.73522096380847 17.552688212223675 3.5181513951112695
20.247226907708587 1.0940080123292015 -0.29234478026812416 198.96213883355827 17.56131736846294 3.520550441286409
20.253428371970337 1.0943045569032848 -0.29300485266249826 199.1892869768581 17.569949847410136 3.5229510555080696
20.259630038448282 1.0946012361864845 -0.293665386670732 199.4166654933067 17.57858564974465 3.5253532378119563
20.265831903845402 1.0948980502961096 -0.29432638285024854 199.6442745071378 17.587224777100403 3.5277569884949083
20.272033964477117 1.095194999331426 -0.29498784171879033 199.8721141282126 17.595867230583764 3.530162307702705
20.278236216798497 1.0954920833988782 -0.29564976381057273 200.1001844713454 17.604513011507677 3.532569195634249
20.28443865726908 1.095789302605624 -0.2963121496618941 200.32848565134947 17.61316212120353 3.534977652489218
20.29064128224254 1.096086657054249 -0.29697499979935155 200.5570177789708 17.621814560867243 3.5373876784251914
20.296844088174744 1.0963841468527349 -0.29763831476206304 200.7857809685444 17.63047033184948 3.5397992736384256
20.303047071466928 1.0966817721069484 -0.29830209508492345 201.01477533222078 17.639129435436953 3.542212438302955
20.309250228421103 1.0969795329184953 -0.2989663412938133 201.24400097830613 17.647791872790066 3.5446271725531506
20.315453555637347 1.0972774294037935 -0.2996310539481535 201.4734580259465 17.656457645497813 3.547043476638398
20.321657049111217 1.0975754616507354 -0.3002962335442054 201.70314657174583 17.665126754317004 3.549461350571553
20.327860705719598 1.0978736297900573 -0.30096188067434343 201.93306674475167 17.673799201248343 3.551880794707875
20.33406452122409 1.0981719338994043 -0.30162799581292316 202.16321863250607 17.682474986745977 3.5543018089666703
20.340268492463206 1.0984703741086979 -0.3022945795515067 202.39360236229004 17.691154112782115 3.556724393686239
20.346472615614367 1.098768950516585 -0.30296163241232665 202.62421803668227 17.69983658041706 3.5591485489458683
20.352676886824682 1.099067663220751 -0.3036291549159426 202.85506575692014 17.708522390680816 3.5615742748117234
20.358881302791534 1.0993665123458873 -0.30429714764376364 203.08614564452733 17.717211545386316 3.5640015715640136
20.365085859471183 1.0996654979815081 -0.30496561109907727 203.31745779324552 17.725904045321297 3.566430439191966
20.371290553283014 1.0999646202399425 -0.3056345458366573 203.54900231385997 17.73459989193453 3.5688608778647795
20.377495380725286 1.1002638792378483 -0.30630395242147257 203.7807793199227 17.743299086798203 3.571292887781529
20.38370033778417 1.1005632750677015 -0.30697383136489925 204.0127889056593 17.752001630779215 3.5737264689394124
20.38990542080213 1.1008628078396727 -0.30764418321838394 204.24503117839134 17.760707525256485 3.576161621474017
20.396110626252106 1.1011624776707571 -0.308315008549159 204.4775062501369 17.769416771804906 3.578598345571048
20.402315950329676 1.1014622846650826 -0.30898630789616366 204.7102142223318 17.778129371623006 3.5810366413061807
20.408521388942578 1.1017622289133753 -0.30965808176881005 204.94315518538446 17.786845325517564 3.583476508640595
20.41472693871653 1.1020623105415792 -0.31033033075588046 205.17632925643414 17.79556463531643 3.5859179478164553
20.4209325958723 1.1023625296565984 -0.31100305540402856 205.40973653722648 17.804287302291755 3.588360958915589
20.427138356620652 1.1026628863653742 -0.31167625626049145 205.64337712891435 17.81301332771442 3.5908055420146034
20.433344216818238 1.1029633807582202 -0.31234993383572507 205.87725111908128 17.821742712369954 3.593251697049198
20.43955017302949 1.1032640129602387 -0.31302408871867016 206.11135862175198 17.830475458052184 3.59569942423267
20.44575622144252 1.1035647830788466 -0.31369872145913497 206.34569973656693 17.839211566038763 3.598148723628803
20.451962358237196 1.1038656912215878 -0.3143738326077149 206.58027456263179 17.847951037608684 3.6005995952968046
20.458168579585163 1.1041667374961344 -0.31504942271579583 206.8150831985145 17.85669387404231 3.603052039291287
20.46437488149901 1.1044679220029665 -0.3157254923191219 207.05012573652922 17.86544007640883 3.6055060556026093
20.470581260202643 1.1047692448533437 -0.31640204197812793 207.28540227675228 17.87418964608812 3.607961644303248
20.476787711944684 1.105070706160262 -0.317079072257663 207.52091291997635 17.882942584508115 3.6104188054741573
20.482994232863945 1.1053723060319225 -0.31775658371231813 207.75665776260317 17.891698892955127 3.6128775391514973
20.489200819090954 1.105674044576656 -0.31843457689748195 207.99263690048306 17.900458572716907 3.615337845366739
20.495407466747935 1.105975921902924 -0.3191130523693421 208.22885042891232 17.909221625082644 3.6177997241466433
20.501614171948837 1.1062779381193213 -0.31979201068489294 208.465298442632 17.917988051343045 3.620263175513263
20.50782093079932 1.106580093334576 -0.3204714524019345 208.70198103582453 17.926757852790328 3.6227281994839147
20.514027739396756 1.10688238765755 -0.3211513780790769 208.93889830211205 17.935531030718266 3.62519479607117
20.520234593830175 1.1071848211972386 -0.3218317882757372 209.1760503345514 17.944307586422138 3.6276629652828163
20.52644149018032 1.1074873940627732 -0.3225126835521477 209.4134372256342 17.953087521198828 3.630132707121865
20.532648424519596 1.1077901063634203 -0.32319406446935384 209.651059067282 17.961870836346783 3.632604021586512
20.538855392912087 1.1080929582085832 -0.3238759315892188 209.88891595084525 17.970657533166076 3.635076908670136
20.54506239141356 1.1083959497078033 -0.32455828547442644 210.1270079671002 17.979447612958435 3.6375513683612777
20.551269416071406 1.1086990809707578 -0.3252411266884787 210.365335206245 17.98824107702719 3.6400274006436066
20.557476462924672 1.1090023521072627 -0.325924455795701 210.60389775789778 17.99703792667734 3.6425050054959134
20.56368352800407 1.1093057632272751 -0.32660827336124676 210.84269571109482 18.005838163215607 3.6449841828921006
20.569890607331963 1.1096093144408916 -0.32729257995109834 211.081729154288 18.014641787950442 3.6474649328011632
20.576097696922314 1.1099130058583486 -0.32797737613206596 211.32099817533955 18.02344880219198 3.6499472551871497
20.582304792780715 1.1102168375900234 -0.32866266247179055 211.56050286152117 18.032259207252107 3.6524311500091557
20.58851189090441 1.1105208097464385 -0.32934843953875365 211.8002432995128 18.04107300444454 3.654916617221329
20.59471898728225 1.1108249224382571 -0.3300347079022713 212.0402195753973 18.049890195084778 3.6574036567728188
20.600926077894673 1.1111291757762867 -0.3307214681324977 212.28043177465835 18.05871078049011 3.6598922686077646
20.607133158713737 1.1114335698714792 -0.3314087208004303 212.5208799821785 18.06753476197968 3.6623824526652893
20.613340225662675 1.1117381048329487 -0.3320964664734307 212.76156428066815 18.07636214081701 3.664874208863244
20.61954727448994 1.1120427807617828 -0.3327847057012399 213.0024847457632 18.085192918030675 3.667367537047524
20.625754301365625 1.1123475977803217 -0.33347343908211885 213.24364146917546 18.094027095262888 3.669862437231653
20.631961302227957 1.1126525560000933 -0.3341626671904302 213.48503453334374 18.102864673840088 3.6723589093343842
20.63816827300673 1.1129576555327725 -0.334852390601389 213.72666402009156 18.11170565509066 3.6748569532693565
20.644375209623362 1.113262896490187 -0.3355426098910734 213.96853001062595 18.120550040345037 3.6773565689450916
20.65058210765925 1.1135682789679968 -0.33623332559950814 214.21063257259382 18.1293978304629 3.6798577561313057
20.656788963251714 1.113873803089768 -0.3369245383303426 214.45297179501262 18.138249027110174 3.682360514819839
20.662995772370405 1.114179468971397 -0.33761624867041595 214.69554776008383 18.147103631728164 3.6848648449333194
20.669202530902766 1.1144852767253062 -0.3383084571992282 214.938360546504 18.155961645655132 3.6873707463594583
20.675409234339163 1.1147912264449087 -0.3390011644537596 215.18141021711196 18.16482306967649 3.6898782188236856
20.68161587879951 1.1150973182552086 -0.33969437104301897 215.42469685907278 18.173687905490326 3.692387262303788
20.687822460259138 1.1154035522746706 -0.3403880775617522 215.6682205536093 18.182556154602924 3.694897876717473
20.694028974350108 1.1157099286053955 -0.34108228456815637 215.91198136816527 18.19142781804432 3.6974100618417185
20.700235416758026 1.116016447352684 -0.3417769926281805 216.15597937194684 18.20030289693497 3.6999238174731066
20.706441783673462 1.1163231086473544 -0.34247220236613685 216.4002146537042 18.20918139313183 3.7024391436108886
20.712648070658915 1.116629912589782 -0.3431679143378601 216.64468727717568 18.218063307608038 3.7049560399980015
20.718854273386228 1.1169368592863058 -0.3438641291132073 216.889397310055 18.226948641507143 3.7074745064195813
20.725060388051777 1.117243948869792 -0.3445608473227376 217.13434484040664 18.235837396738237 3.7099945428717467
20.73126640993183 1.117551181428165 -0.34525806949557725 217.3795299196644 18.244729573907186 3.7125161489751006
20.73747233511587 1.1178585570901696 -0.34595579625399137 217.62495263103193 18.253625174799083 3.7150393246784863
20.74367815939005 1.1181660759701297 -0.34665402818805835 217.87061304541936 18.262524200779232 3.717564069805639
20.749883878125797 1.1184737381623895 -0.347352765843002 218.11651121696707 18.2714266526325 3.7200903840094255
20.756089487668998 1.1187815438101885 -0.34805200987561746 218.3626472380908 18.280332532556226 3.722618267337371
20.762294982948294 1.1190894929870612 -0.3487517607848864 218.60902114466705 18.289241840728625 3.7251477192577105
20.76850036048716 1.119397585846255 -0.34945201925142244 218.8556330355193 18.298154579631824 3.727678739886486
20.774705615307287 1.1197058224670666 -0.3501527857883132 219.1024829494824 18.30707074960621 3.730211328725374
20.78091074369904 1.1200142029923814 -0.3508540610537154 219.34957097548096 18.315990352829346 3.732745485791527
20.787115740783776 1.1203227275075933 -0.35155584557559266 219.59689715556533 18.32491338981351 3.735281210622725
20.793320602814887 1.1206313961549619 -0.3522581400117682 219.8444615765346 18.333839862713372 3.7378185032170905
20.799525324815587 1.1209402090161547 -0.3529609448827446 220.09226427576922 18.342769771928936 3.7403573630676674
20.805729903175486 1.1212491662414268 -0.35366426086563124 220.34030534484359 18.35170311984131 3.7428977902243097
20.811934332697334 1.1215582679026257 -0.35436808845959306 220.58858481155622 18.360639906562067 3.7454397840851033
20.8181386097908 1.1218675141522272 -0.35507242834788705 220.8371027676084 18.36958013453175 3.747983344704042
20.824342729580202 1.1221769050792678 -0.35577728106984396 221.08585925289722 18.37852380435439 3.7505284716062635
20.83054668787675 1.1224864408076127 -0.3564826472446422 221.33485433445435 18.38747091763868 3.7530751645961953
20.83675048047183 1.1227961214607587 -0.35718852749117114 221.58408807817557 18.396421475980198 3.755623423468078
20.842954102368285 1.12310594712343 -0.3578949223404606 221.8335605178867 18.405375479851678 3.758173247689863
20.849157549787506 1.1234159179417988 -0.35860183246415483 222.0832717360192 18.41433293149945 3.7607246372279293
20.855360818056557 1.1237260340179847 -0.3593092584339974 222.33322177867362 18.42329383189436 3.763277591678841
20.861563902509463 1.1240362954550358 -0.3600172008243545 222.58341069181083 18.43225818203191 3.7658321106394492
20.867766799124446 1.1243467023888298 -0.36072566028503267 222.83383854699184 18.441225983853823 3.768388193969571
20.87396950328985 1.1246572549263545 -0.3614346374004558 223.08450539160754 18.450197238464764 3.770945841283798
20.880172010206998 1.12496795316582 -0.36214413273551654 223.3354112650656 18.459171946713663 3.773505052116996
20.88637431584183 1.1252787972443454 -0.3628541469444818 223.58655623730434 18.468150110571038 3.776065826317078
20.89257641568633 1.1255897872759335 -0.36356468062938474 223.83794035871733 18.47713173133735 3.7786281635341434
20.89877830492285 1.1259009233596624 -0.36427573435867244 224.089563666728 18.486116809879746 3.7811920632877944
20.9049799791523 1.1262122056162056 -0.3649873087506611 224.3414262153146 18.49510534768683 3.783757525268049
20.911181434035026 1.1265236341698495 -0.36569940443247273 224.59352806048594 18.504097346349145 3.786324549187185
20.917382665025357 1.1268352091351619 -0.366412022009555 224.84586924948545 18.5130928071743 3.7888931346698294
20.923583667525975 1.1271469306247306 -0.3671251620833554 225.09844982703942 18.52209173141045 3.7914632813166738
20.929784436688067 1.1274587987391052 -0.3678388252282973 225.35126982719314 18.531094119956013 3.794034988621491
20.935984968289144 1.1277708136109508 -0.3685530120928219 225.6043293091028 18.540099974634195 3.796608256335207
20.9421852577458 1.1280829753554138 -0.3692677232858307 225.8576283168087 18.549109296760165 3.7991830840566228
20.948385300465095 1.1283952840877831 -0.369982959417084 226.11116689353804 18.558122087650922 3.80175947137799
20.954585091844617 1.1287077399234935 -0.3706987210972097 226.3649450817034 18.567138348625402 3.8043374178850082
20.96078462727241 1.1290203429781238 -0.3714150089377001 226.61896292289765 18.57615808100442 3.8069169231567828
20.966983902081164 1.1293330933650862 -0.3721318235456147 226.87322045601042 18.585181286044005 3.809497986746722
20.973182911550477 1.1296459911957357 -0.37284916552382474 227.12771771730854 18.594207964938594 3.8120806081833964
20.979381651202132 1.1299590365942813 -0.373567035505206 227.38245475256468 18.603238119251174 3.8146647870936006
20.985580116386334 1.1302722296769079 -0.3742854341047818 227.63743160007616 18.612271750310946 3.8172505230300056
20.991778302443763 1.1305855705599515 -0.3750043619384576 227.89264829730493 18.621308859449194 3.819837815538593
20.99797620470558 1.1308990593599004 -0.37572381962302426 228.14810488087474 18.630349447999325 3.822426664158635
21.004173818493392 1.1312126961933944 -0.37644380777615677 228.4038013865663 18.639393517296853 3.825017068422657
21.010371139119275 1.131526481177227 -0.37716432701642116 228.65973784931495 18.648441068679467 3.8276090278564285
21.016568161885758 1.1318404144283465 -0.37788537796327526 228.91591430320702 18.657492103487044 3.8302025419789345
21.02276488208584 1.1321544960638577 -0.3786069612370746 229.17233078147706 18.666546623061716 3.8327976103023635
21.028961295002954 1.1324687262010213 -0.3793290774590704 229.42898731650308 18.675604628747838 3.8353942323320696
21.035157395910993 1.1327831049572563 -0.3800517272514169 229.6858839398045 18.684666121892082 3.8379924075665617
21.041353180074296 1.1330976324501412 -0.3807749112371729 229.9430206820382 18.693731103843444 3.8405921354974795
21.047548642747657 1.1334123087974144 -0.38149863004030554 230.2003975729954 18.702799575953286 3.8431934156095733
21.05374377917631 1.1337271341169755 -0.3822228842856921 230.45801464159817 18.71187153957536 3.8457962473806777
21.059938584414997 1.1340421085176853 -0.38294767457794643 230.71587190836084 18.720946995800727 3.8484006302056
21.0661330538023 1.1343572321234778 -0.38367300155690093 230.97396940512263 18.730025946152548 3.851006563595459
21.07232718259252 1.13467250505466 -0.3843988658545894 231.23230715974418 18.73910839204719 3.853614047023054
21.078520965992404 1.1349879274297736 -0.38512526809952624 231.49088519762233 18.74819433484791 3.856223079938211
21.08471439919912 1.1353034993675266 -0.3858522089211513 231.74970354326757 18.75728377592051 3.8588336617837293
21.090907477400286 1.1356192209867968 -0.3865796889498353 232.00876222030092 18.766376716633406 3.861445791995366
21.09710019577396 1.1359350924066312 -0.38730770881688265 232.2680612514509 18.775473158357688 3.8640594700018096
21.103292549056153 1.1362511137241706 -0.388036269103631 232.52760064041377 18.784573101831402 3.8666746950419495
21.109484532805936 1.1365672850792077 -0.3887653704902751 232.78738042486452 18.793676549018606 3.8692914666990785
21.115676142172408 1.13688360659129 -0.38949501361089967 233.04740062481704 18.80278350129807 3.8719097843804113
21.121867372295114 1.1372000783801406 -0.39022519910053755 233.30766125937905 18.811893960051385 3.874529647486011
21.12805821798617 1.1375167005493978 -0.39095592755763897 233.56816233336667 18.821007926194913 3.8771510552741266
21.134248674410166 1.1378334732213735 -0.39168719962427156 233.82890386588656 18.8301254011804 3.879774007148907
21.14043873691789 1.1381503965285875 -0.3924190159666291 234.08988588339318 18.839246386751125 3.882398502590352
21.146628400603674 1.1384674705911169 -0.3931513772227361 234.3511084010364 18.848370884289924 3.8850245409667057
21.152817659884324 1.138784695494973 -0.39388428395244784 234.6125714048089 18.85749889419726 3.8876521213552646
21.15900651048853 1.1391020713940605 -0.3946177368730009 234.87427493557118 18.866630418825043 3.890281243386853
21.16519494748835 1.1394195984093296 -0.3953517366260724 235.13621900595768 18.87576545957458 3.892911906410539
21.171382965188027 1.1397372766229794 -0.3960862837642717 235.39840359552662 18.884904016730257 3.895544109445421
21.177570559334498 1.1400551061919262 -0.3968213790134924 235.66082874439414 18.894046092723734 3.898177852120747
21.183757724781135 1.140373087227908 -0.3975570229957311 235.9234944543044 18.90319168868474 3.90081313368252
21.189944456110013 1.1406912198293688 -0.3982932163027389 236.18640071489705 18.91234080535857 3.9034499532575397
21.196130748978938 1.141009504150746 -0.399029959656384 236.4495475609759 18.921493445098644 3.90608831042769
21.202316597645474 1.141327940275131 -0.39976725361395204 236.71293496725696 18.93064960820447 3.908728204174437
21.208501997634645 1.141646528351517 -0.40050509888582586 236.97656296182814 18.93980929686838 3.9113696340164457
21.214686943609628 1.1419652684852153 -0.401243496081799 237.2404315355276 18.948972512024532 3.914012599101158
21.220871430555746 1.1422841607988057 -0.4019824458521909 237.50454069234794 18.958139255101393 3.916657098710015
21.227055453509234 1.142603205418186 -0.40272194885556195 237.7688904379023 18.967309527620596 3.9193031321428027
21.233239007169228 1.1429224024525482 -0.40346200571229357 238.0334807628225 18.976483330621424 3.921950698551529
21.239422086689224 1.1432417520352212 -0.4042026170992676 238.298311676603 18.98566066583472 3.924599797279152
21.245604686740187 1.1435612542753102 -0.40494378363774003 238.5633831675065 18.994841534292974 3.9272504274583984
21.251786802332575 1.1438809093001452 -0.4056855059917777 238.8286952377568 19.00402593755025 3.929902588363855
21.25796842837182 1.1442007172323296 -0.4064277848150354 239.09424788450326 19.01321387702257 3.9325562792215436
21.264149559460343 1.144520678179475 -0.40717062072690724 239.36004109127904 19.02240535369315 3.935211499123681
21.270330191005478 1.1448407922915609 -0.4079140144457014 239.62607487564807 19.031600369760096 3.9378682475046487
21.276510316931788 1.1451610596424675 -0.4086579665135475 239.89234919075886 19.04079892523346 3.9405265231577866
21.28268993294871 1.1454814803992415 -0.4094024776895066 240.15886406602485 19.05000102279717 3.9431863256401907
21.288869033444357 1.1458020546611631 -0.41014754857577823 240.42561947333937 19.059206663186597 3.9458476539369522
21.29504761312535 1.1461227825447045 -0.4108931798150225 240.692615397691 19.068415847628803 3.9485105071662576
21.301225667216514 1.146443664193951 -0.41163937211465634 240.95985184587065 19.077628578141546 3.951174884665962
21.30740319001464 1.1467646997055039 -0.41238612607222935 241.22732878393128 19.08684485537706 3.953840785370004
21.313580176409673 1.1470858892074642 -0.41313344235907623 241.49504620294945 19.09606468088991 3.956508208464183
21.319756621439918 1.1474072328363785 -0.41388132166674796 241.76300409984466 19.105288056474798 3.9591771531947275
21.325932519619773 1.1477287307022532 -0.4146297646255891 242.03120244820028 19.114514983162547 3.9618476185777096
21.332107865407302 1.1480503829128461 -0.41537877186121724 242.29964121848542 19.123745461917387 3.9645196036006713
21.33828265396052 1.1483721896130827 -0.4161283440863472 242.56832041096462 19.13297949476807 3.967193107550087
21.344456879957967 1.148694150923646 -0.4168784819578055 242.83724000445105 19.14221708304543 3.9698681295011924
21.35063053790649 1.1490162669569695 -0.41762918611373256 243.10639996962706 19.151458227841562 3.9725446684507655
21.356803622285817 1.1493385378247654 -0.41838045719110645 243.3758002753185 19.160702930225852 3.9752227233796176
21.36297612811356 1.1496609636675454 -0.4191322958945869 243.64544091318055 19.169951192091712 3.9779022934978947
21.36914805002578 1.1499835446066344 -0.41988470288466795 243.91532185758777 19.179203014780004 3.980583377846307
21.375319382647803 1.1503062807635145 -0.4206376788227512 244.18544308178855 19.18845839963399 3.983265975456802
21.38149012059428 1.15062917225983 -0.42139122437116017 244.45580455790477 19.197717347999507 3.985950085352584
21.38766025822481 1.1509522192045898 -0.42214534016325916 244.72640624620396 19.20697986085803 3.9886357064416686
21.39382979032946 1.1512754217300545 -0.4229000268872238 244.99724812515166 19.216245939855675 3.9913228378151873
21.399998711573026 1.1515987799626652 -0.42365528521820506 245.26833016706982 19.225515586469562 3.9940114785057013
21.40616701652769 1.151922294024742 -0.42441111582227753 245.53965233954526 19.234788802056556 3.9967016275012606
21.41233469975498 1.1522459640387746 -0.42516751936645464 245.81121460901824 19.24406558797632 3.9993932837810373
21.418501755805732 1.152569790127422 -0.4259244965186906 246.08301694077682 19.25334594559128 4.002086446315287
21.424668179220095 1.152893772413513 -0.4266820479478793 246.35505929895243 19.262629876266704 4.004781114065314
21.430833964527533 1.1532179110200504 -0.4274401743238628 246.62734164651656 19.271917381370717 4.007477285983458
21.436999106246862 1.1535422060702112 -0.4281988763174367 246.89986394527762 19.281208462274424 4.010174961013072
21.443163598886212 1.1538666576873478 -0.4289581546003511 247.17262615587575 19.29050312035189 4.012874138088488
21.449327436943065 1.1541912659949911 -0.42971800984531666 247.44562823777997 19.299801356980225 4.015574816135004
21.455490614904207 1.1545160311168496 -0.4304784427260032 247.71887014928163 19.30910317353958 4.018276994068827
21.46165312724582 1.1548409531768151 -0.43123945391705565 247.99235184749506 19.318408571413308 4.020980670797103
21.4678149684334 1.15516603229896 -0.4320010440940859 248.2660732883491 19.3277175519879 4.023685845217838
21.473976132921837 1.1554912686075438 -0.4327632139336872 248.5400344265866 19.337030116653132 4.026392516219914
21.480136615155327 1.1558166622270087 -0.43352596411342803 248.8142352157569 19.346346266802005 4.029100682683025
21.48629640956748 1.1561422132819874 -0.4342892953118663 249.08867560821548 19.355666003830926 4.03181034347769
21.492455510581255 1.1564679218973013 -0.4350532082085478 249.36335555511766 19.364989329139664 4.0345214974652
21.498613912533443 1.156793788193964 -0.4358177034746302 249.6382750030411 19.374316244016995 4.037234143464322
21.50477160959357 1.1571198122848771 -0.4365827817627645 249.91343389033918 19.383646749517553 4.039948280215389
21.510928596419713 1.15744599430956 -0.437348443788606 250.18883217645197 19.392980847455757 4.042663906669418
21.517084867392082 1.1577723343935904 -0.43811469023565247 250.4644698076781 19.402318539244956 4.045381021650409
21.523240416880252 1.158098832662744 -0.43888152178841067 250.74034672909605 19.411659826302124 4.048099623973018
21.529395239243268 1.1584254892429988 -0.4396489391324111 251.01646288456303 19.421004710048052 4.050819712442547
21.53554932840452 1.1587523042379566 -0.44041694290113625 251.29281819761204 19.430353191261446 4.053541285666873
21.541702678924636 1.1590792777858017 -0.4411855338098581 251.569412619603 19.439705271708355 4.056264342530724
21.54785528529016 1.159406410021575 -0.44195471256703417 251.84624609784086 19.449060953062816 4.058988881881513
21.55400714181753 1.159733701072056 -0.4427244798622563 252.12331857123058 19.458420236760514 4.061714902486656
21.560158242216566 1.160061151032494 -0.443494836311475 252.40062995054853 19.467783123333646 4.064442402839687
21.566308581179584 1.1603887600511855 -0.44426578265595257 252.6781801900535 19.477149614829322 4.0671713818646875
21.572458153145902 1.160716528263765 -0.4450373196077464 252.95596923186605 19.486519712930505 4.06990183836898
21.57860695189281 1.161044455771348 -0.44580944779819137 253.23399698740613 19.495893418331377 4.0726337708609455
21.584754971753924 1.1613725427054618 -0.4465821679307368 253.51226339241546 19.505270732593647 4.075367178090892
21.59090220736298 1.1617007892144553 -0.4473554807490231 253.79076839546485 19.51465165775771 4.078102058937837
21.59704865219771 1.1620291953857265 -0.44812938685363746 254.06951189195243 19.524036194120114 4.080838411761477
21.60319430096378 1.1623577613730283 -0.44890388700204076 254.3484938321149 19.53342434387177 4.083576235462829
21.609339147858563 1.1626864873037634 -0.4496789818901679 254.62771414236732 19.54281610844854 4.08631552871179
21.6154831864849 1.1630153732742865 -0.4504546721412593 254.90717272126307 19.552211488397425 4.0890562899078935
21.62162641186989 1.1633444194579732 -0.4512309585607501 255.18686953131814 19.561610486463792 4.091798518080861
21.627768817039897 1.1636736259218392 -0.4520078417037094 255.46680444316002 19.571013102352886 4.094542211362322
21.633910397219605 1.1640029928514708 -0.4527853224055171 255.7469774267284 19.58041933915477 4.097287368860337
21.64005114556317 1.1643325203222479 -0.4535634012419942 256.02738835673756 19.589829196810033 4.100033988752658
21.646191057021507 1.1646622085067229 -0.45434207901890333 256.3080371890662 19.599242678032354 4.102782070015122
21.652330124810184 1.1649920574850872 -0.45512135632443373 256.5889237994716 19.60865978289624 4.105531610841833
21.658468343943312 1.1653220674349365 -0.4559012339774062 256.8700481451257 19.61808051425528 4.108282610226898
21.66460570735785 1.165652238423012 -0.4566817125352313 257.1514100872523 19.627504871796493 4.111035066228364
21.670742210208854 1.1659825706361397 -0.4574627928396844 257.43300958786006 19.636932858632917 4.1137889778933445
21.67687784560476 1.1663130641518225 -0.45824447547462704 257.7148465142468 19.64636447475527 4.116544343345504
21.683012608141837 1.1666437191284564 -0.45902676121573777 257.99692080112777 19.655799722461165 4.119301161370807
21.689146491771695 1.1669745356905408 -0.4598096507590842 258.2792323527742 19.665238603078883 4.1220594304604825
21.695279489948323 1.1673055139365096 -0.46059314473955343 258.56178104964295 19.674681117191287 4.124819148876237
21.701411597381323 1.1676366540333565 -0.461377243954853 258.84456682915163 19.68412726733535 4.127580315439186
21.707542807581202 1.167967956084169 -0.46216194905194863 259.12758957259484 19.693577054223038 4.130342928425323
21.713673114371844 1.1682994202097325 -0.46294726072021086 259.4108491747899 19.703030479069476 4.133106986245881
21.71980251216411 1.1686310465633958 -0.4637331797267083 259.694345556806 19.71248754401657 4.135872487571264
21.725930994692103 1.1689628352627344 -0.46451970675430043 259.97807860755944 19.721948250184134 4.138639430761173
21.732058555355103 1.1692947864079704 -0.4653068424451958 260.26204819951187 19.73141259819549 4.141407814018108
21.738185188660804 1.1696269001601753 -0.4660945875864148 260.54625425557356 19.74088059040711 4.144177636039536
21.744310888452624 1.1699591766452804 -0.4668829428822137 260.8306966670006 19.75035222817162 4.1469488952173315
21.75043564846268 1.1702916159839896 -0.4676719090249685 261.11537531895596 19.759827512690862 4.149721589887171
21.756559462127733 1.1706242182817619 -0.46846148667137344 261.40029008191385 19.769306444730532 4.152495718244941
21.762682323781107 1.170956983693564 -0.4692516765961708 261.68544086712683 19.778789026465503 4.155271278886766
21.768804227219476 1.1712899123460632 -0.4700424795074771 261.97082755998366 19.788275259262228 4.158048270160013
21.774925166227757 1.171623004366109 -0.4708338961143698 262.2564500443889 19.79776514449059 4.1608266904008016
21.78104513457911 1.171956259880736 -0.4716259271268917 262.54230820275825 19.807258683523976 4.163606537933963
21.787164125959805 1.172289679013069 -0.47241857324631603 262.82840191249886 19.816755877622665 4.166387811038856
21.79328213395803 1.1726232618817016 -0.473211835163654 263.1147310454632 19.826256727916167 4.169170507944121
21.799399152593715 1.1729570086295984 -0.47400571362839866 263.4012954927567 19.835761236226382 4.171954627068742
21.805515175593566 1.1732909193845833 -0.4748002093545789 263.6880951308224 19.845269403942154 4.1747401666923984
21.811630196672613 1.1736249942746773 -0.47559532305721836 263.97512983459313 19.854781232456194 4.1775271250833566
21.81774420953422 1.1739592334280995 -0.47639105545233856 264.2623994774874 19.864296723165143 4.180315500498446
21.823857207870073 1.1742936369732697 -0.47718740725696446 264.5499039314032 19.87381587746962 4.18310529118302
21.82996918536022 1.1746282050388113 -0.47798437918912867 264.8376430667149 19.883338696774306 4.185896495370938
21.83608013567309 1.1749629377535544 -0.4787819719678842 265.1256167522698 19.892865182488055 4.1886891112845435
21.84219005246551 1.1752978352465384 -0.4795801863133042 265.4138248553831 19.902395336023964 4.191483137134639
21.848298929382686 1.1756328976470116 -0.4803790229464877 265.7022672418318 19.911929158799378 4.194278571120438
21.85440676005825 1.1759681250844374 -0.4811784825895676 265.9909437758531 19.921466652236038 4.197075411429565
21.860513538114304 1.176303517688497 -0.4819785659657222 266.27985432014 19.9310078177602 4.1998736562380286
21.86661925716138 1.1766390755890885 -0.48277927379917146 266.56899873583455 19.94055265680261 4.202673303710177
21.872723910798513 1.176974798916335 -0.48358060681519466 266.85837688252775 19.95010117079869 4.205474351998703
21.87882749240661 1.177310687789208 -0.48438256571296656 267.14798860844263 19.95965336086511 4.20827679914969
21.8849299955597 1.1776467423381487 -0.48518515121954814 267.4378337699251 19.969209228443088 4.211080643291283
21.89103141397869 1.1779829627025562 -0.4859883640839285 267.72791222928663 19.97876877522689 4.213885882612709
21.89713174121623 1.1783193490134356 -0.4867922050355802 268.0182238398311 19.988332002670376 4.216692515219439
21.903230970813535 1.1786559014020284 -0.48759667480506336 268.30876845328737 19.997898912232458 4.219500539205144
21.90932909630041 1.1789926199998149 -0.4884017741240314 268.59954591980573 20.007469505377188 4.2223099526516705
21.91542611074122 1.1793295049134194 -0.48920750366520377 268.8905560662706 20.01704378286061 4.225120753419621
21.921522007823324 1.1796665562847313 -0.4900138641861306 269.1817987482175 20.02662174643949 4.227932939649911
21.927616781261023 1.1800037742580323 -0.49082085645063867 269.4732738214555 20.036203397936813 4.230746509489454
21.933710424538244 1.1803411589657566 -0.4916284811947444 269.764981129749 20.045788738837196 4.2335614609723
21.939802930499567 1.1806787105057834 -0.49243673907223207 270.05692048515283 20.055377769642067 4.2363777918301295
21.945894292918943 1.1810164290283238 -0.49324563086267215 270.34909174314095 20.064970492338038 4.239195500217139
21.95198450550473 1.18135431468088 -0.494055157339713 270.64149475502774 20.074566908832967 4.24201458425076
21.958073561160845 1.181692367567205 -0.49486531917270055 270.9341293324256 20.084167019790577 4.244835041669196
21.964161453274926 1.1820305878187427 -0.49567611709780834 271.2269953090506 20.093770826659597 4.247656870427424
21.970248175778284 1.1823689755980575 -0.4964875519263623 271.52009254372325 20.103378331770724 4.250480068725753
21.976333721160405 1.1827075309884474 -0.497299624280126 271.8134208247443 20.112989535202527 4.253304634088796
21.982418083366156 1.1830462541550162 -0.49811233497755086 272.1069800094049 20.12260443935463 4.256130564709272
21.988501255688607 1.1833851452275284 -0.4989256847528629 272.40076992251124 20.132223045621704 4.2589578584705885
21.99458323089133 1.1837242043071061 -0.499739674272023 272.6947903621426 20.14184535458411 4.261786513002695
22.00066400319294 1.1840634315768828 -0.500554304398387 272.9890411956034 20.151471369148098 4.264616526605159
22.006743564592504 1.184402827097079 -0.5013695757006684 273.28352218168845 20.16110108873053 4.26744789653753
22.0128219097922 1.184742391079676 -0.5021854891125963 273.5782332089484 20.170734517052846 4.270280621310742
22.018899030515396 1.1850821235711935 -0.5030020451708811 273.8731740204331 20.180371653140625 4.273114698040683
22.02497492149747 1.1854220247873728 -0.5038192448194073 274.1683445041608 20.19001250081852 4.2759501252401435
22.03104957451348 1.1857620947793124 -0.504637088606786 274.4637444032663 20.19965705923949 4.278786900033635
22.03712298400055 1.1861023337479715 -0.5054555774424689 274.75937358910176 20.209305331805517 4.281625020780923
22.043195142248777 1.1864427417750063 -0.5062747119494787 275.0552318274384 20.218957318533626 4.284464484831646
22.049266042887105 1.1867833190179744 -0.5070944929339234 275.35131894804414 20.22861302159182 4.2873052901536095
22.055335679192762 1.1871240656156639 -0.5079149211572841 275.64763476242985 20.238272442614267 4.290147434543013
22.061404043531407 1.1874649816565646 -0.5087359972604043 275.9441790363895 20.247935581808004 4.292990915361454
22.06747112996771 1.187806067325508 -0.509557722116637 276.24095161753957 20.25760244210948 4.295835730758951
22.073536931118372 1.1881473227269 -0.5103800964061401 276.53795228156133 20.26727302417407 4.298681878199538
22.079601439842133 1.1884887479796165 -0.5112031208443769 276.8351808147213 20.276947329066072 4.301529355252713
22.085664649821744 1.1888303432498561 -0.5120267962613915 277.1326370424907 20.28662535918919 4.304378159867336
22.09172655396267 1.189172108660996 -0.5128511233845212 277.4303207510682 20.296307115732315 4.307228289619803
22.09778714459729 1.189514044304967 -0.513676102865689 277.7282316972316 20.305992598992358 4.310079741808875
22.103846415534044 1.189856150357876 -0.5145017355603777 278.026369709072 20.31568181164931 4.312932514419838
22.109904359745727 1.1901984269496517 -0.515328022213189 278.32473457243606 20.32537475507356 4.315786605037368
22.115960970192454 1.1905408742104266 -0.5161549635697007 278.62332607131265 20.33507143063995 4.3186420112322805
22.12201623921461 1.1908834922361784 -0.5169825602934607 278.9221439578566 20.344771838755044 4.321498730275015
22.12807016036554 1.1912262811924177 -0.5178108132164323 279.221188042808 20.354475981792845 4.324356760000111
22.13412272661174 1.1915692412124193 -0.5186397230932375 279.52045810674895 20.364183861213178 4.327216097957598
22.140173930863355 1.191912372427199 -0.5194692906735232 279.8199539262266 20.373895478410613 4.330076741662903
22.146223766017965 1.1922556749679922 -0.5202995167079493 280.1196752759072 20.383610834784637 4.33293868861745
22.152272224960587 1.1925991489662569 -0.5211304019481918 280.4196219285712 20.393329931739732 4.335801936308642
22.15831930056377 1.192942794553679 -0.5219619471469605 280.7197936551107 20.40305277068557 4.33866648220985
22.16436498551055 1.193286611852103 -0.5227941530336173 281.02019021572346 20.41277935275215 4.341532323696427
22.170409272819462 1.1936306010033884 -0.5236270203864404 281.32081138598886 20.422509679634448 4.344399458294515
22.176452155391715 1.1939747621436823 -0.5244605499703769 281.62165693439067 20.43224375286451 4.347267883466537
22.182493626050725 1.1943190954056548 -0.5252947425424374 281.92272662425756 20.441981573874774 4.350137596629778
22.18853367760755 1.1946636009222218 -0.5261295988607019 282.2240202170071 20.451723144103347 4.35300859518736
22.194572302860895 1.1950082788265453 -0.5269651196843257 282.5255374721394 20.461468464994105 4.355880876528194
22.200609494597266 1.1953531292520456 -0.5278013057735629 282.82727814723916 20.471217537996967 4.358754438027019
22.206645245590888 1.1956981523323986 -0.5286381578897617 283.12924199796635 20.48097036456785 4.36162927704433
22.21267954853282 1.19604334819748 -0.5294756767855247 283.4314287744974 20.490726946054075 4.364505390892527
22.218712396001074 1.1963887169716425 -0.5303138632005082 283.7338382200049 20.500487283645736 4.367382776821516
22.224743780911197 1.1967342587995191 -0.5311527179240544 284.0364700932451 20.510251379104876 4.370261432233627
22.230773695988173 1.1970799738158113 -0.5319922417218833 284.33932414210176 20.520019233911633 4.373141354431834
22.23680213394492 1.197425862155498 -0.5328324353608619 284.6424001125144 20.5297908495528 4.376022540704765
22.24282908748234 1.1977719239538407 -0.5336732996090137 284.94569774847497 20.53956622752197 4.37890498832669
22.248854549289348 1.1981181593463879 -0.5345148352355288 285.2492167920236 20.549345369319674 4.381788694557493
22.254878511946426 1.1984645684634274 -0.5353570429972756 285.5529569783765 20.559128276296736 4.384673656596418
22.26090096753992 1.1988111514077648 -0.5361999235847281 285.8569180164212 20.568914949026883 4.3875598713969834
22.266921909328822 1.199157908350648 -0.5370434778552561 286.1610996728379 20.57870539001547 4.390447336465739
22.272941329953888 1.199504839428771 -0.5378877065827012 286.46550168177845 20.588499600790822 4.393336049004455
22.278959222038758 1.1998519447788294 -0.5387326105413738 286.77012377515274 20.59829758288015 4.396226006197852
22.284975577167828 1.2001992244784985 -0.5395781903623225 287.07496563080673 20.608099336143848 4.399117204722191
22.29099038891274 1.2005466787211065 -0.5404244469586144 287.38002702583566 20.617904863705643 4.402009642199443
22.29700364986684 1.2008943076445717 -0.5412713811089234 287.6853076864447 20.627714167123948 4.404903315772979
22.303015351635434 1.2012421113306269 -0.5421189934554435 287.9908072872087 20.637527246370944 4.407798222101255
22.30902548741509 1.2015900899540033 -0.542967284867409 288.2965255820903 20.647344104041892 4.4106943585994856
22.31503404999652 1.2019382436670223 -0.5438162561599676 288.6024623030935 20.657164742098388 4.413591722478891
22.321041030545643 1.202286572528802 -0.5446659079213902 288.90861709800697 20.666989159872177 4.416490310157635
22.327046422944967 1.2026350767569343 -0.545516241126903 289.214989751584 20.67681736116388 4.419390119355137
22.333050218737377 1.2029837564343369 -0.5463672564236731 289.5215799278896 20.68664934597471 4.422291146652559
22.33905241070757 1.2033326117169718 -0.5472189546375203 289.82838735287254 20.696485116364926 4.425193389221239
22.34505299126552 1.2036816427400658 -0.5480713365441232 290.13541173191936 20.706324673808986 4.428096844042274
22.35105195250405 1.2040308496213834 -0.5489244028769394 290.4426527527088 20.716168019288194 4.431001507933768
22.35704928720288 1.204380232519674 -0.5497781544699828 290.7501101366264 20.726015154938203 4.433907378036931
22.36304498730941 1.204729791546227 -0.5506325920417513 291.0577835609369 20.735866081556 4.4368144510803535
22.369039045421406 1.2050795268512304 -0.5514877164062333 291.36567273476834 20.74572080103397 4.439722724098223
22.375031453898526 1.2054294385720241 -0.5523435283464694 291.6737773535679 20.755579314901404 4.442632193999865
22.381022204593535 1.2057795268173375 -0.5532000285759342 291.98209708519965 20.765441623880715 4.445542857438693
22.387011290736904 1.206129791777439 -0.5540572180080351 292.29063166694806 20.77530773099041 4.448454711727928
22.39299870319393 1.2064802335053024 -0.5549150972206254 292.5993807127603 20.785177635380798 4.45136775302124
22.398984435416303 1.2068308522062252 -0.5557736671648001 292.9083439683569 20.795051340491703 4.4542819787203385
22.404968479500983 1.2071816480072988 -0.5566329286006986 293.217521108153 20.804928847559236 4.4571973855585005
22.41095082671807 1.2075326209880866 -0.55749288217239 293.52691176222845 20.81481015648071 4.460113969855738
22.416931470323565 1.2078837713456494 -0.5583535288122259 293.8365156617968 20.82469527046081 4.463031728890104
22.4229104024401 1.2082350992116497 -0.5592148692928032 294.14633247799 20.83458419086187 4.465950659377654
22.428887614341495 1.2085866046688334 -0.560076904267146 294.45636183633496 20.844476917668846 4.468870757609574
22.43486309884021 1.2089382878914037 -0.5609396346129361 294.7666034405517 20.854373453440115 4.471792020618308
22.440836848205834 1.2092901490227341 -0.5618030611327224 295.07705696470987 20.864273799865337 4.474714445161464
22.4468088545083 1.2096421881954882 -0.5626671846031984 295.3877220709521 20.874177958331984 4.477638027888973
22.45277910948276 1.2099944055236003 -0.5635320057554711 295.6985984023997 20.884085929699996 4.480562765276491
22.458747605150876 1.2103468011389016 -0.5643975253649581 296.00968561546415 20.8939977153322 4.483488653929513
22.464714333957705 1.210699375199283 -0.5652637442715089 296.32098338706027 20.90391331732358 4.486415690650981
22.47067928792123 1.211052127838486 -0.5661306632560921 296.63249137027543 20.913832737089066 4.489343872024358
22.476642459046424 1.2114050591905248 -0.5669982831007441 296.94420921591296 20.923755976050558 4.492273194616351
22.482603839325268 1.2117581693896873 -0.5678666045885772 297.25613657248647 20.933683035636978 4.495203654976875
22.488563420736806 1.2121114585705424 -0.5687356285037912 297.5682730862159 20.943613917284477 4.498135249639034
22.494521195247216 1.2124649268679448 -0.5696053556316893 297.8806184010252 20.953548622436603 4.501067975119118
22.500477154809833 1.2128185744170403 -0.5704757867586849 298.19317215853624 20.963487152544413 4.5040018279165634
22.50643129136524 1.213172401353272 -0.5713469226723202 298.5059339980673 20.973429509066705 4.506936804513952
22.512383596841328 1.2135264078123875 -0.57221876416128 298.8189035566301 20.983375693470187 4.5098729013770065
22.518334063153322 1.2138805939304416 -0.5730913120154003 299.13208046892356 20.993325707229587 4.512810114954546
22.524282682203875 1.2142349598438051 -0.5739645670256862 299.4454643673331 21.003279551827905 4.515748441678498
22.530229445883105 1.214589505689169 -0.5748385299843235 299.759054881925 21.013237228756534 4.518687877963861
22.536174346068698 1.214944231603553 -0.5757132016846984 300.0728516404469 21.023198739515514 4.521628420208727
22.542117374625924 1.2152991377243096 -0.5765885829214046 300.3868542683201 21.033164085613645 4.524570064794231
22.54805852340774 1.2156542241891322 -0.5774646744902655 300.70106238864014 21.04313326856872 4.527512808084564
22.55399778425483 1.2160094911360595 -0.5783414771883428 301.01547562217127 21.053106289907692 4.530456646426951
22.55993514899572 1.2163649387034865 -0.5792189918139623 301.33009358734654 21.063083151166936 4.533401576151656
22.565870609436356 1.2167205670295405 -0.5800972191651724 301.644915899708 21.073063853874793 4.536347593566768
22.571804156574213 1.2170763762049368 -0.5809761599232651 301.9599421301526 21.083048398228698 4.539294694567669
22.577735782931946 1.2174323664128945 -0.5818558149983811 302.27517192879986 21.093036787021568 4.542242875795904
22.58366548028913 1.2177885377932238 -0.582736185193859 302.59060490466146 21.10302902182744 4.545192133513222
22.589593240413553 1.2181448904861243 -0.5836172713143812 302.9062406644051 21.113025104230786 4.54814246396438
22.595519054243272 1.2185014245829573 -0.5844990740441984 303.2220787687311 21.123025034445856 4.551093862969576
22.601442913899234 1.2188581402472833 -0.5853815942464413 303.53811883958053 21.133028814711764 4.554046326926431
22.607364811463967 1.2192150376415334 -0.5862648327818866 303.8543604951859 21.143036447235133 4.556999852202679
22.613284738035787 1.2195721168699307 -0.5871487903676338 304.1708032994765 21.15304793258998 4.559954434663863
22.619202685043668 1.2199293780576583 -0.588033467772954 304.4874468322076 21.163063271937922 4.562910070328548
22.6251186449927 1.220286821396009 -0.5889188659312183 304.8042907289868 21.173082468293305 4.565866755741556
22.63103260837902 1.2206444469560274 -0.5898049854783235 305.1213345160804 21.18310552129943 4.56882448643234
22.636944567458333 1.2210022549161803 -0.5906918273166106 305.43857781221084 21.193132433610298 4.571783258798185
22.642854513838977 1.2213602454169536 -0.591579392254714 305.7560201996628 21.203163206814846 4.574743068901369
22.648762438323253 1.2217184185510686 -0.5924676809831508 306.0736612155768 21.21319784116355 4.577703912388477
22.654668333585093 1.222076774525822 -0.5933566944769315 306.3915004959097 21.223236340116582 4.580665785832315
22.660572189649777 1.2224353133889463 -0.5942464333155928 306.70953753229725 21.233278702663856 4.58362868446582
22.666473999573697 1.2227940353732993 -0.5951368985383525 307.0277719777687 21.243324932980507 4.58659260503082
22.672373753296345 1.223152940523493 -0.5960280907175554 307.34620331554294 21.253375029969106 4.58955754269251
22.678271443558515 1.2235120290555759 -0.5969200108514877 307.664831178102 21.263428997332994 4.592523494011308
22.684167060920014 1.2238713010540292 -0.5978126596120661 307.9836550783566 21.27348683509115 4.595490454439507
22.690060597093 1.2242307566745911 -0.5987060378485046 308.30267458959406 21.283548545257563 4.598458419996689
22.695952043979037 1.2245903960857596 -0.5996001464421286 308.62188929357586 21.293614130202872 4.601427386786267
22.7018413915331 1.2249502193382882 -0.6004949859818239 308.9412986646826 21.303683589002297 4.604397349918257
22.70772863255665 1.225310226657902 -0.6013905574918696 309.26090232972905 21.313756925627654 4.607368305925472
22.713613758039916 1.2256704181608664 -0.6022868617247138 309.5806998154862 21.323834140987184 4.610340250415562
22.71949675837186 1.2260307939276622 -0.6031838993439707 309.9006906140449 21.333915234988314 4.613313178679457
22.725377625949267 1.2263913541628653 -0.6040816713224323 310.22087432477673 21.344000211009927 4.616287087010163
22.731256351976374 1.2267520989992162 -0.6049801784544631 310.54125048036013 21.35408907042098 4.619261971086155
22.737132927025847 1.227113028531776 -0.6058794214408317 310.86181857708067 21.364181813536845 4.622237826253448
22.743007342514325 1.2274741429085063 -0.606779401114346 311.18257815526755 21.374278442152406 4.625214648272434
22.748879590071297 1.2278354422916555 -0.6076801183437743 311.50352876500233 21.384378958461735 4.628192432999197
22.754749660847935 1.228196926815241 -0.6085815739278513 311.8246699283394 21.394483363869448 4.631171176034999
22.760617545982136 1.228558596613603 -0.6094837686664063 312.1460011646567 21.40459165978919 4.634150872961662
22.76648323648851 1.2289204518146153 -0.61038670334342 312.46752198461326 21.414703847453985 4.637131519285576
22.772346723164322 1.2292824925338488 -0.6112903787124229 312.7892318849512 21.424819927753244 4.640113110389627
22.778207997625007 1.2296447189385402 -0.6121947956561931 313.11113040533166 21.434939903020112 4.643095642059888
22.78406705095714 1.2300071311644674 -0.6130999549793029 313.4332170544622 21.445063774708583 4.646079109800888
22.78992387423444 1.2303697293477671 -0.6140058574875057 313.75549133836023 21.45519154428282 4.649063509097673
22.795778458517876 1.230732513624949 -0.6149125039877628 314.0779527603522 21.465323213217435 4.652048835415823
22.80163079485573 1.231095484132897 -0.6158198952882523 314.4006008210693 21.475458782997674 4.655035084201421
22.807480874283694 1.2314586410088828 -0.6167280321983961 314.72343501844614 21.485598255119694 4.658022250881062
22.81332868782502 1.2318219843905749 -0.6176369155288846 315.0464548477223 21.495741631090883 4.661010330861886
22.81917422649055 1.2321855144160452 -0.6185465460916888 315.3696598014362 21.505888912430034 4.66399931953154
22.82501748127887 1.2325492312237805 -0.6194569247000913 315.69304936942785 21.516040100667695 4.666989212258209
22.83085844317637 1.2329131349526905 -0.6203680521687006 316.01662303883387 21.526195197346357 4.669980004390604
22.836697103157388 1.2332772257421176 -0.6212799293134789 316.34038029408913 21.536354204020807 4.6729716912579775
22.842533451720055 1.2336415037028596 -0.6221925568791288 316.6643205911456 21.546517121449686 4.675964267932016
22.84836747999129 1.2340059689861003 -0.6231059357117549 316.98844341876065 21.556683951518796 4.678957729793123
22.854199179090998 1.234370621743823 -0.6240200666597633 317.3127482632871 21.566854696136286 4.681952072204954
22.86002853994517 1.234735462117112 -0.6249349505445194 317.6372345982591 21.577029356906426 4.684947290418301
22.865855553468297 1.2351004902475358 -0.6258505881888642 317.96190189450533 21.587207935447243 4.687943379664556
22.871680210133114 1.2354657062501602 -0.626766980349386 318.2867495961346 21.597390432638157 4.690940334934203
22.877502500410216 1.2358311102410309 -0.6276841277853055 318.6117771449669 21.607576849386547 4.693938151202433
22.88332241591921 1.236196702409524 -0.6286020314401561 318.9369840448845 21.617767188644304 4.696936824022447
22.88913994752851 1.236562482899155 -0.6295206921426725 319.2623697558033 21.627961452084886 4.699936348547391
22.89495508479316 1.236928451771972 -0.630440110517138 319.5879336619785 21.638159639111986 4.702936719238833
22.900767819440976 1.2372946092278783 -0.6313602875343244 319.9136752671024 21.648361752971585 4.705937931664954
22.906578142611863 1.2376609554311326 -0.6322812240758051 320.23959403995605 21.658567795916206 4.708939981077552
22.912386043286396 1.2380274904109647 -0.6332029206838602 320.56568932597384 21.66877776643739 4.711942861598193
22.918191513901977 1.2383942144158773 -0.6341253784522971 320.8919606624428 21.678991669135456 4.714946569121092
22.923994544284277 1.238761127530792 -0.6350485980638231 321.2184074378809 21.689209504054446 4.7179510981761785
22.929795125087978 1.2391282298941404 -0.6359725803358967 321.54502908516656 21.699431272729527 4.720956443707695
22.93559324745063 1.2394955216761787 -0.6368973261663292 321.8718250622385 21.70965697758234 4.7239626008961295
22.94138890109025 1.2398630029584585 -0.6378228362298008 322.1987947448447 21.719886618565457 4.72696956417169
22.94718207760165 1.240230673942713 -0.6387491115038412 322.52593761238967 21.730120198977676 4.729977328923743
22.95297276663137 1.2405985347083184 -0.6396761526579844 322.8532530321236 21.7403577187125 4.732985889516154
22.958760959357463 1.2409665854330907 -0.6406039606099685 323.18074045558865 21.750599180403842 4.735995241093569
22.964546646239867 1.2413348262504993 -0.6415325361660104 323.5083992915642 21.76084458545196 4.739005378413307
22.97032981714611 1.2417032572574744 -0.6424618800403189 323.83622891299945 21.77109393424132 4.742016295909521
22.976110463806382 1.2420718786708613 -0.6433919932497826 324.1642287962187 21.781347230492916 4.745027988971625
22.98188857520765 1.242440690533864 -0.6443228763733829 324.49239825970386 21.791604473098324 4.748040451545474
22.987664142702346 1.2428096930417691 -0.6452545303740188 324.82073675391376 21.801865665180003 4.751053678794625
22.993437157061695 1.2431788863541382 -0.6461869561247094 325.1492436941633 21.812130808867057 4.754067665565629
22.999207607647957 1.2435482705416283 -0.6471201542740728 325.47791841329337 21.822399903817534 4.757082405954367
23.004975485273622 1.2439178457688531 -0.6480541257081663 325.8067603243712 21.83267295230275 4.76009789479878
23.010740780759402 1.2442876122023074 -0.6489888713180536 326.13576883875027 21.842949956646684 4.7631141269268005
23.016503484376017 1.244657569974524 -0.6499243919091567 326.46494333416797 21.853230918229933 4.766131096863991
23.02226358586628 1.2450277191853298 -0.6508606882042993 326.7942831558556 21.8635158375253 4.769148798844102
23.02802107557883 1.24539805997465 -0.6517977610278145 327.12378768130543 21.873804716120873 4.772167227402655
23.03377594426828 1.245768592509828 -0.6527356112736052 327.4534563089776 21.884097556367195 4.775186377273134
23.039528182154896 1.246139316925131 -0.6536742397520546 327.783288404464 21.894394359696566 4.778206242893866
23.045277779446334 1.2465102333552622 -0.6546136472747868 328.1132833302981 21.904695127554362 4.781226818681222
23.05102472633777 1.2468813419353737 -0.6555538346546911 328.4434404459543 21.91499986139936 4.784248099029622
23.056769013012044 1.2472526428010784 -0.6564948027059553 328.77375910784997 21.9253085627041 4.7872700783115745
23.062510629639807 1.247624136088463 -0.6574365522440937 329.10423866934525 21.93562123295525 4.790292750877692
23.06824956637967 1.2479958219341012 -0.6583790840859801 329.4348784807455 21.945937873653996 4.793316111056721
23.07398581337831 1.248367700475064 -0.659322399049872 329.76567788930026 21.956258486316333 4.796340153155559
23.07971936077066 1.2487397718489364 -0.6602664979554492 330.09663623920653 21.966583072473515 4.799364871459296
23.08545019868001 1.2491120361938264 -0.6612113816238377 330.4277528716084 21.976911633672366 4.802390260231221
23.091178317218237 1.2494844936483842 -0.6621570508776546 330.75902712460214 21.987244171475787 4.805416313712897
23.096903706485904 1.249857144351813 -0.6631035065410344 331.090458333236 21.997580687463078 4.808443026124159
23.10262635657242 1.250229988443882 -0.6640507494396617 331.4220458295117 22.00792118323032 4.81147039166316
23.10834625755622 1.2506030260649441 -0.664998780400812 331.75378894238924 22.01826566039085 4.814498404506411
23.114063399504957 1.2509762573559509 -0.665947600253388 332.08568699778925 22.028614120575693 4.817527058808837
23.119777772475622 1.2513496824584651 -0.6668972098279545 332.4177393185952 22.038966565433956 4.820556348703797
23.125489365419803 1.2517233014430174 -0.6678476097744581 332.7499451609409 22.049322994647028 4.823586267722083
23.131198169259054 1.252097114510226 -0.6687988010737875 333.0823038930315 22.059683411503713 4.8266168104230065
23.136904174091285 1.2524711218082523 -0.6697507845735688 333.4148148328107 22.07004781783951 4.829647970913443
23.142607369931127 1.2528453234811379 -0.6707035611110498 333.74747729093576 22.08041621537688 4.832679743240006
23.14830774533656 1.2532197195785368 -0.6716571312831336 334.0802904905284 22.09078860322469 4.835712120658028
23.154005291350668 1.2535943103145248 -0.6726114961054821 334.4132537972333 22.101164985048673 4.838745097727887
23.15969999821436 1.2539690958519794 -0.6735666564635662 334.74636652751985 22.111545363096813 4.84177866856783
23.165391854240994 1.2543440762281441 -0.6745226129226621 335.0796278825343 22.121929736139084 4.844812826252345
23.17108085045666 1.2547192516601586 -0.6754793665066161 335.4130372196393 22.132318107929187 4.847847565284751
23.176766976729336 1.2550946222903157 -0.6764369180486205 335.74659382598435 22.142710480148967 4.850882879535164
23.182450221547146 1.2554701881710169 -0.6773952681525164 336.0802969051555 22.153106851993442 4.853918762119844
23.18813057669767 1.2558459495740129 -0.6783544179819013 336.4141458519323 22.16350722873106 4.8569552079008025
23.193808029333884 1.2562219064658757 -0.6793143679214937 336.74813978623536 22.173911607184664 4.859992209246322
23.199482571943157 1.2565980591675874 -0.680275119260857 337.0822781391223 22.184319993987216 4.863029761360514
23.205154191481697 1.2569744076350031 -0.6812366723571452 337.4165600135565 22.194732385669173 4.86606785647088
23.210822880213918 1.2573509521773403 -0.6821990284702063 337.75098482263513 22.205148788539695 4.869106489630329
23.216488625477904 1.257727692778123 -0.6831621880276748 338.0855516864206 22.21556919989903 4.872145653235205
23.222151418617774 1.2581046296883678 -0.6841261521408928 338.4202599587743 22.225993624448478 4.8751853418124975
23.227811248638236 1.2584817630049436 -0.6850909215271808 338.7551088528816 22.236422062627025 4.878225548617601
23.233468104493696 1.258859092822535 -0.6860564968981487 339.09009757621584 22.246854514815507 4.8812662668608136
23.23912197703502 1.2592366193636928 -0.6870228792926321 339.4252254459676 22.25729098493157 4.884307490754748
23.244772854904955 1.259614342704999 -0.6879900693759166 339.76049164593076 22.267731472858838 4.887349213307679
23.25042072732217 1.2599922629626876 -0.6889580679146656 340.0958953912931 22.278175979579316 4.890391427819543
23.256065584751898 1.2603703803378012 -0.6899268758927962 340.4314359686753 22.2886245084204 4.893434128244586
23.261707416568925 1.260748694959849 -0.6908964941110463 340.7671125973646 22.299077060733968 4.896477307932672
23.267346211415507 1.261127206910467 -0.6918669232473539 341.1029244503303 22.309533636551347 4.899520959820465
23.272981958922788 1.2615059163389024 -0.6928381641528755 341.43887075667686 22.319994237773873 4.902565077360171
23.278614649006844 1.261884823414993 -0.6938102177316111 341.77495075989515 22.330458866873165 4.905609654140727
23.284244270996062 1.2622639282704862 -0.6947830847898655 342.11116366579915 22.34092752527037 4.908654683416148
23.289870814207315 1.2626432310376958 -0.6957567661353454 342.4475086768166 22.351400214404247 4.911700158416375
23.295494267946108 1.263022731849519 -0.6967312625771946 342.78398499199056 22.36187693573158 4.914746072347302
23.30111462150683 1.2634024308394562 -0.6977065749260454 343.12059180698765 22.372357690727775 4.917792418390867
23.30673186417296 1.2637823281416287 -0.6986827039940617 343.4573283141026 22.382842480887366 4.920839189705106
23.31234598521724 1.2641624238907967 -0.699659650594981 343.7941937022633 22.393331307724484 4.923886379424211
23.31795697390193 1.2645427182223785 -0.7006374155441644 344.1311871570378 22.403824172773454 4.926933980658611
23.32356481947896 1.2649232112724689 -0.701615999658639 344.46830786063805 22.414321077589257 4.92998198649502
23.329169511190223 1.2653039031778601 -0.702595403757151 344.8055549919297 22.42482202374817 4.933030389996531
23.334771038267753 1.2656847940760612 -0.7035756286602153 345.142927726437 22.43532701284829 4.936079184202682
23.340369389933983 1.2660658841053205 -0.7045566751901658 345.48042523635166 22.44583604651015 4.939128362129546
23.34596455540194 1.2664471734046427 -0.705538544171204 345.818046690538 22.456349126377237 4.94217791676979
23.351556523875534 1.2668286621138152 -0.7065212364294597 346.1557912545439 22.466866254116688 4.945227841092786
23.357145284549773 1.2672103503734278 -0.7075047527930441 346.49365809060816 22.47738743141988 4.948278128044691
23.36273082661102 1.2675922383248956 -0.7084890940921036 346.8316463576697 22.48791266000304 4.951328770548542
23.368313138261247 1.2679743260436418 -0.7094742609865127 347.16975515223345 22.498441939766106 4.954379760970725
23.373892209022173 1.268356613696705 -0.7104602543721648 347.5079836478428 22.50897527313633 4.95743109237973
23.37946802850844 1.2687391014590437 -0.7114470751653676 347.84633102096797 22.51951266276091 4.960482757876933
23.38504058587236 1.2691217894754288 -0.71243472420451 348.1847964172882 22.530054110457264 4.963534750292532
23.3906098684506 1.2695046777671846 -0.7134232020091333 348.52337886924585 22.54059961464528 4.966587061442708
23.396175866723233 1.2698877665730077 -0.7144125096597105 348.86207759743166 22.551149179734548 4.969639684846824
23.4017385701078 1.2702710560602146 -0.7154026480524831 349.20089175517853 22.561702808170192 4.97269261342426
23.40729796522933 1.2706545462049446 -0.7163936175895524 349.53982032273916 22.57226049713638 4.975745838541944
23.41285404340345 1.2710382373081424 -0.7173854195120691 349.87886256333405 22.582822252762398 4.978799354123006
23.4184067923001 1.2714221294207306 -0.7183780544149744 350.21801751507513 22.59338807429657 4.981853152069453
23.42395620098136 1.2718062226910831 -0.719371523144869 350.55728429805885 22.60395796367257 4.9849072250286905
23.429502258683467 1.2721905172811316 -0.7203658265833112 350.89666204019295 22.614531923199422 4.987961565725147
23.435044953519796 1.2725750132764202 -0.7213609654140344 351.23614979776346 22.625109953086884 4.9910161662455375
23.44058427497397 1.272959710858913 -0.7223569405700967 351.57574670802614 22.63569205620014 4.9940710194120825
23.446120211547793 1.2733446101439179 -0.7233537528118684 351.9154518451951 22.646278233573064 4.997126117486622
23.451652751620873 1.2737297112395765 -0.7243514028808934 352.2552642729826 22.6568684860454 5.000181452643604
23.457181885380376 1.2741150143813782 -0.7253498918484954 352.5951831632519 22.667462817961297 5.0032370180366295
23.462707598936966 1.2745005195221508 -0.7263492200532738 352.93520743428815 22.678061225895522 5.006292804546807
23.468229883308037 1.2748862269582382 -0.7273493887239264 353.2753363031808 22.68866371587044 5.00934880574791
23.473748727074003 1.2752721368176652 -0.728350398652793 353.6155688342796 22.6992702892828 5.012405013847562
23.4792641167719 1.2756582490867419 -0.7293522502642006 353.95590396279334 22.709880943638037 5.015461419900737
23.484776042974072 1.2760445640355282 -0.7303549447183609 354.2963408698166 22.72049568424269 5.018518017177872
23.490284494189865 1.2764310817913218 -0.7313584828049763 354.63687860630523 22.73111451248219 5.0215747977873075
23.49578945888464 1.2768178024797496 -0.7323628653091453 354.97751621747113 22.741737429699025 5.024631753792852
23.50129092431884 1.2772047261430615 -0.7333680927990432 355.31825267083093 22.75236443494887 5.027688876568344
23.506788880192406 1.2775918529964088 -0.7343741662917019 355.65908708188937 22.76299553203953 5.030746158822576
23.512283315053402 1.2779791831755327 -0.7353810865976913 356.0000184918863 22.77363072260022 5.033803592604811
23.5177742173298 1.278366716809164 -0.7363888545090866 356.3410459315743 22.78427000807065 5.036861169877282
23.523261575440436 1.2787544540268279 -0.737397470819744 356.682168428081 22.7949133899154 5.0399188825767816
23.528745377795264 1.2791423949588685 -0.7384069363253584 357.0233850049203 22.805560869624614 5.042976722614773
23.534225612795623 1.2795305397364725 -0.7394172518235238 357.36469468200113 22.816212448714655 5.046034681877481
23.539702268834564 1.2799188884916985 -0.7404284181138086 357.7060964756433 22.82686812872893 5.049092752226042
23.545175334297177 1.2803074413575073 -0.7414404359978276 358.0475893985914 22.837527911238713 5.052150925496644
23.550644797560885 1.2806961984677876 -0.7424533062793129 358.38917246002785 22.8481917978439 5.055209193500643
23.556110646995748 1.2810851599573856 -0.7434670297641832 358.7308446655863 22.858859790173785 5.058267548024703
23.561572870964795 1.2814743259621348 -0.7444816072606235 359.0726050173663 22.869531889887917 5.061325980830934
23.567031457824367 1.2818636966188868 -0.7454970395791609 359.41445251395055 22.880208098676952 5.064384483657052
23.572486395924464 1.2822532720655446 -0.7465133275327508 359.75638615042055 22.890888418263554 5.06744304821653
23.577937673609075 1.2826430524410926 -0.7475304719368518 360.09840491837235 22.90157285040324 5.070501666198753
23.583385278229745 1.2830330378149444 -0.7485484734249711 360.4405077439364 22.912261394948136 5.073560328714929
23.58882919839054 1.2834232283475286 -0.7495673328677523 360.78269362866297 22.922954054248667 5.076619027557932
23.594269422926626 1.2838136242174978 -0.7505870511831856 361.12496158558974 22.933650831157486 5.07967775463022
23.59970594015895 1.2842042255682555 -0.7516076291969382 361.4673105923486 22.944351727564353 5.082736501524765
23.605138736943545 1.284595032439316 -0.752629067462773 361.8097395310643 22.955056742516742 5.085795258988594
23.610567801990335 1.2849860450048471 -0.7536513668858775 362.1522473974003 22.965765878754706 5.088854018790407
23.61599312445338 1.2853772634727698 -0.7546745284594867 362.49483321203064 22.976479139945397 5.091912772929052
23.6214146906258 1.2857686878462031 -0.7556985526408224 362.8374958117773 22.987196524151138 5.094971511769075
23.626832489669102 1.2861603183366133 -0.7567234404316121 363.1802342113887 22.997918035143268 5.098030227270834
23.6322465099858 1.286552155102404 -0.7577491926945156 363.52304737458235 23.008643675243096 5.101088910946053
23.6376567379202 1.286944198154384 -0.7587758099053168 363.86593413143873 23.01937344273598 5.104147553121539
23.64306316387014 1.2873364477985596 -0.7598032933123635 364.2088935656836 23.030107343990263 5.107206146393987
23.648465772960613 1.2877289039600481 -0.7608316431659641 364.55192442342275 23.040845374954497 5.1102646803561385
23.653864555969246 1.2881215669758463 -0.7618608607950693 364.895025806259 23.05158754285124 5.1133231477780345
23.659259498440928 1.2885144368041987 -0.7628909465356517 365.2381964801981 23.062333844544202 5.116381538444954
23.664650589875773 1.288907513692579 -0.763921901481371 365.5814354593718 23.073084284813262 5.119439844361239
23.67003781792023 1.2893007977551592 -0.764953726376037 365.9247416368363 23.08383886479537 5.122498056459238
23.675421169096786 1.289694289025349 -0.7659864217509591 366.26811383059584 23.09459758342358 5.125556165010348
23.68080063317407 1.2900879877753233 -0.7670199887635784 366.61155106239795 23.105360446163154 5.128614162107872
23.686176197066406 1.2904818940702103 -0.7680544280275282 366.95505216867514 23.116127452822134 5.131672038201905
23.691547847563136 1.2908760079671708 -0.7690897401348094 367.2986159743549 23.12689860299575 5.134729783647914
23.696915573963686 1.2912703297090444 -0.7701259261646923 367.64224146158574 23.137673901357907 5.137787390207991
23.702279363855006 1.2916648594147389 -0.7711629868705113 367.98592749978127 23.148453349198906 5.140844848647967
23.707639204681623 1.2920595971941515 -0.7722009229813672 368.3296729458573 23.159236947567152 5.143902149629934
23.712995082931677 1.2924545430880523 -0.7732397350439343 368.67347659191284 23.170024695627394 5.14695928324716
23.71834698760026 1.2928496973235217 -0.7742794240943529 369.017337387571 23.180816597637765 5.1500162410011106
23.723694906248653 1.293245060023617 -0.7753199908947412 369.3612541871662 23.191612655018716 5.153073013553088
23.729038826432046 1.293640631312461 -0.7763614362094732 369.7052258412641 23.202412869224084 5.156129591538303
23.734378735699956 1.2940364113152827 -0.7774037608052785 370.04925119668275 23.213217241742164 5.159185965566074
23.739714621596583 1.2944324001584486 -0.7784469654513282 370.39332909651165 23.224025774096656 5.162242126220004
23.745046471661272 1.2948285979695078 -0.7794910509193482 370.7374583801377 23.23483846784783 5.165298064058216
23.750374273428918 1.2952250048772291 -0.7805360179837149 371.0816378832666 23.245655324593592 5.1683537696135415
23.75569801443042 1.295621621011645 -0.7815818674215698 371.42586643794834 23.256476345970658 5.171409233393768
23.76101768219313 1.2960184465040925 -0.7826286000129252 371.7701428726033 23.267301533655726 5.174464445881861
23.766333264241286 1.2964154814872557 -0.7836762165407762 372.11446601204466 23.27813088936659 5.177519397536171
23.77164474809648 1.2968127260952114 -0.7847247177912151 372.4588346775078 23.28896441486341 5.1805740787907055
23.776952121278175 1.297210180463476 -0.7857741045535591 372.8032476866781 23.29980211195001 5.183628480055367
23.782255370087327 1.2976078446377477 -0.7868243773792869 373.14770377464816 23.310643979986004 5.186682591015217
23.78755448259955 1.2980057187982017 -0.7878755371743236 373.4922017882317 23.321490022002415 5.189736402353546
23.79284944673464 1.2984038031151415 -0.7889275848180548 373.83674056081037 23.332340240765014 5.192789904641707
23.798140250004995 1.2988020977299843 -0.7899805211130032 374.18131889589415 23.343194638256364 5.19584308819356
23.803426878408327 1.2992006026715486 -0.7910343465632916 374.5259354947854 23.354053213395595 5.1988959424250005
23.808709319612607 1.2995993180958687 -0.7920890620086422 374.87058916402987 23.364915968573712 5.201948457692059
23.813987562226266 1.299998244231842 -0.7931446684810547 375.2152787682219 23.375782908170713 5.205000624871994
23.81926159165455 1.3003973810679168 -0.7942011663756493 375.56000295931847 23.386654030021216 5.208052432966611
23.824531395977235 1.3007967287962054 -0.7952585566257586 375.9047605603976 23.397529337512744 5.211103872500539
23.82979696319688 1.3011962876048957 -0.7963168401538592 376.2495503861737 23.408408833929784 5.214154933931457
23.835058278223325 1.3015960574489485 -0.7973760172639228 376.59437104525375 23.419292516211595 5.21720560590087
23.840315331245844 1.3019960386859526 -0.7984360893259088 376.93922148866477 23.43018039226421 5.220255880087365
23.845568105959767 1.302396231181253 -0.799497056404634 377.28410023805924 23.441072456598466 5.223305744378834
23.850816592763415 1.3027966353120997 -0.8005589199211055 377.62900625143186 23.451968717663867 5.226355190529849
23.856060776145952 1.3031972510069827 -0.801621680105789 377.9739380951649 23.462869171701424 5.2294042068395745
23.86130064468356 1.303598078507778 -0.8026853380195113 378.3188946006597 23.473773823485477 5.232452783957863
23.866536185721916 1.3039991179642785 -0.8037498944782769 378.66387451499907 23.48468267528901 5.2355009117964055
23.87176738392906 1.3044003693224935 -0.8048153497562331 379.00887640510194 23.495595723847742 5.238548578682913
23.876994228857985 1.3048018329045226 -0.8058817051252907 379.3538991563576 23.506512976131916 5.2415957757661955
23.88221670724031 1.3052035088180072 -0.8069489612873499 379.6989414646926 23.517434433283206 5.244642492528549
23.887434803657094 1.3056053970063604 -0.808017118506923 380.04400188011226 23.528360091984485 5.247688717171871
23.89264850703501 1.3060074977489973 -0.8090861779405993 380.3890792362197 23.53928995805923 5.250734440409612
23.897857804284893 1.306409811172012 -0.8101561403368748 380.73417222988684 23.550224033167147 5.2537796517553526
23.90306268212533 1.3068123373882488 -0.8112270064082023 381.07927954162574 23.561162318613277 5.256824340585906
23.90826312727209 1.3072150765118937 -0.8122987768697629 381.4243998481063 23.572104815744645 5.2598684962518485
23.913459125884717 1.3076180286155372 -0.8133714523251427 381.7695317853792 23.58305152478393 5.262912107753227
23.91865066502284 1.3080211938430562 -0.8144450335667942 382.11467404556936 23.59400244789629 5.265955164592341
23.923837731872045 1.3084245723498704 -0.8155195214171582 382.4598253256076 23.604957587565497 5.268997656321304
23.92902031314602 1.3088281642564334 -0.8165949166047575 382.8049842874307 23.61591694533094 5.272039572191245
23.93419839555842 1.3092319696848114 -0.817671219861557 383.1501495893087 23.626880522781416 5.2750809014286
23.939371965823554 1.3096359887587492 -0.8187484319231378 383.49531988588876 23.637848321556927 5.278121633235501
23.94454101065694 1.3100402216037261 -0.8198265535288445 383.84049382823065 23.64882034335018 5.2811617567900875
23.9497055167759 1.310444668347016 -0.8209055854219427 384.1856700638457 23.659796589908236 5.284201261246842
23.954865469795042 1.3108493290310197 -0.8219855281182904 384.5308471627763 23.670777060680926 5.287240135085887
23.960020857150198 1.3112542038424555 -0.8230663825179118 384.87602381312547 23.681761759040334 5.290278367834512
23.965171665660385 1.3116592929215074 -0.8241481493958609 385.22119865813926 23.69275068710106 5.293315948632523
23.970317882052573 1.3120645964028526 -0.8252308295116288 385.56637033123695 23.70374384683394 5.296352866540782
23.975459493058786 1.3124701144232889 -0.8263144236294971 385.91153746250404 23.714741240272975 5.299389110598377
23.980596483779912 1.3128758469924267 -0.8273989321728461 386.2566985687058 23.72574286600935 5.30242466885543
23.985728841236945 1.3132817942728665 -0.8284843559728741 386.6018522917306 23.73674872678949 5.305459530470459
23.99085655322083 1.3136879564901314 -0.8295706960282898 386.9469973217079 23.747758827070687 5.308493685033404
23.99597960501012 1.3140943336725657 -0.8306579528095652 387.2921321760088 23.758773165970773 5.3115271206229595
24.001097982391318 1.3145009258900162 -0.8317461268969859 387.6372554022464 23.769791743739724 5.314559825591758
24.006211674257386 1.3149077334610006 -0.8328352195355282 387.98236575386926 23.780814567371895 5.31759179010857
24.011320663358127 1.3153147562170768 -0.8339252306655629 388.32746156602536 23.79184163067296 5.3206230006747575
24.01642493963925 1.3157219945643222 -0.8350161617647858 388.67254165593687 23.802872943020773 5.323653448034188
24.02152448657578 1.3161294483947588 -0.8361080129331273 389.01760439987197 23.813908499873243 5.326683119065425
24.026619293123716 1.3165371180396346 -0.8372007854462795 389.3626485410026 23.824948308591576 5.32971200387653
24.031709342544843 1.316945003376472 -0.8382944793628242 389.70767243319904 23.83599236425563 5.332740089165595
24.036794624574842 1.317353104802963 -0.8393890961349223 390.05267486522484 23.84704067603667 5.335767365455501
24.041875121834167 1.3177614221478415 -0.8404846356878428 390.39765413951665 23.858093237708236 5.338793819009057
24.04695082306038 1.3181699557325206 -0.8415810992673328 390.74260896976074 23.869150056388055 5.341819439705233
24.05202171482022 1.3185787057061722 -0.842678487656264 391.08753791870504 23.880211134536545 5.344844216105957
24.05708778023723 1.3189876719416644 -0.8437768008943868 391.4324393108529 23.89127646714477 5.347868134692054
24.06214900796146 1.3193968547592152 -0.844876040221502 391.7773118429028 23.90234606131546 5.350891185215718
24.067205384162477 1.3198062542809397 -0.8459762063445619 392.12215403907766 23.913419918796663 5.353913355924202
24.072256894727257 1.3202158706077285 -0.8470772999123674 392.46696440047975 23.92449804076903 5.356934634869839
24.07730352442715 1.3206257037513889 -0.8481793213329735 392.81174134806935 23.93558042601141 5.359955009410748
24.082345259914437 1.321035753877872 -0.8492822714276379 393.15648342731936 23.946667077478335 5.362974468003799
24.08738208775914 1.3214460211484038 -0.8503861510039346 393.5011891743612 23.957757998002627 5.365992999031464
24.09241399386508 1.3218565056717781 -0.8514909607273042 393.8458570759437 23.96885318900611 5.36901059045133
24.097440964141036 1.322267207558837 -0.8525967012675231 394.1904856152676 23.979952651972905 5.372027230197664
24.102462984501532 1.3226781269225498 -0.853703373298917 394.5350732720399 23.991056388451604 5.375042906181877
24.10748004086762 1.3230892638780953 -0.8548109775005811 394.8796185225301 24.002164400057456 5.378057606293017
24.11249211916771 1.3235006185429454 -0.8559195145566076 395.22411983962854 24.01327668847465 5.381071318398261
24.11749920533838 1.3239121910369525 -0.857028985156317 395.56857569290423 24.024393255458616 5.384084030343425
24.12250128532519 1.324323981482432 -0.8581393899944874 395.9129845486637 24.035514102838327 5.387095729953459
24.12749834508357 1.3247359900042577 -0.8592507297716074 396.25734487001495 24.046639232518785 5.390106405033
24.13249036965261 1.325148216653338 -0.8603630049873696 396.6016550529594 24.057768644415184 5.393116042807799
24.13747734457869 1.3255606615238769 -0.8614762162568931 396.9459135244382 24.06890233961955 5.396124630782025
24.142459256838748 1.3259733248302443 -0.8625903645184713 397.29011880629986 24.08004032247457 5.399132157296843
24.147436092431345 1.326386206707908 -0.8637054504963495 397.6342693490751 24.091182595199445 5.402138610077562
24.15240783656095 1.326799307228143 -0.8648214747401348 397.97836354444695 24.102329158288427 5.405143976343131
24.15737447311716 1.3272126263541613 -0.865938437505934 398.3223996889232 24.113480009328537 5.408148242489401
24.162335990698367 1.3276261644427254 -0.8670563401121009 398.66637640124236 24.12463515653179 5.411151397733799
24.16729237376357 1.3280399215080094 -0.8681751829499695 399.0102920095464 24.13579459887453 5.414153428763686
24.17224360668094 1.3284538975576803 -0.86929496639163 399.3541448314373 24.14695833516664 5.417154322182698
24.177189678392246 1.3288680929837615 -0.8704156918476508 399.6979334983004 24.158126374589944 5.420154067340424
24.18213056942326 1.3292825074753145 -0.8715373588252552 400.0416560526335 24.16929870737941 5.42315264845569
24.187066271111686 1.329697141629436 -0.8726599692877671 400.3853112848872 24.180475348258977 5.426150056280517
24.19199676318091 1.3301119950700133 -0.873783522562623 400.72889717322187 24.191656285725028 5.4291462744890335
24.196922036385047 1.330527068349894 -0.8749080204913464 401.07241246011466 24.202841533320754 5.432141293429028
24.201842072388335 1.3309423612585878 -0.8760334628466091 401.4158552505264 24.2140310840245 5.435135097896779
24.206756858581993 1.3313578740698364 -0.8771598507114945 401.7592240448105 24.225224943871602 5.438127676143692
24.211666381372897 1.3317736069767292 -0.8782871849495021 402.1025172709346 24.236423116730393 5.441119015797258
24.216570622488423 1.3321895597774014 -0.8794154653515152 402.44573302548105 24.247625595839615 5.444109101605449
24.221469570353012 1.332605732839087 -0.8805446932503616 402.7888698694413 24.258832389774486 5.447097922370392
24.226363210354997 1.3330221262738606 -0.8816748692856438 403.1319261476005 24.27004350024471 5.450085465017783
24.231251527573775 1.333438740169193 -0.8828059940287208 403.4749001790607 24.2812589283056 5.453071716257382
24.236134505204646 1.3338555744531737 -0.8839380676165023 403.81779014649294 24.292478670731235 5.456056661619182
24.241012130376948 1.3342726293910951 -0.8850710911000531 404.1605945046565 24.30370273338092 5.459040289009761
24.24588438844479 1.3346899050988401 -0.8862050651234015 404.5033115798061 24.31493111809958 5.462022585224364
24.250751264534195 1.3351074016744924 -0.887339990280721 404.8459396781326 24.32616382626133 5.465003536891318
24.25561274378399 1.3355251192189044 -0.8884758671721857 405.18847710267465 24.337400859323132 5.467983130619245
24.260468811346794 1.3359430578358056 -0.8896126964042665 405.5309221533956 24.34864221882773 5.470961352997718
24.2653194523901 1.3363612176319186 -0.8907504785900472 405.8732731272646 24.35988790640673 5.473938190597953
24.270164652097325 1.3367795987170767 -0.8918892143495476 406.2155283183374 24.371137923783746 5.476913629973488
24.275004395668933 1.3371982012043455 -0.8930289043100569 406.5576860178425 24.382392272777643 5.479887657660926
24.2798386683236 1.337617025210151 -0.894169549106486 406.8997445142693 24.39365095530599 5.48286026018067
24.284667455299303 1.3380360708544043 -0.8953111493817102 407.2417020934551 24.404913973388336 5.485831424037671
24.289490740939954 1.3384553381810667 -0.8964537055700712 407.5835569738278 24.416181327011664 5.488801135158909
24.294308509552312 1.3388748272321915 -0.8975972180989115 407.92530736695375 24.427453016121206 5.491769379419728
24.2991207478751 1.3392945382634351 -0.8987416879763062 408.26695165289743 24.43872904641014 5.494736144166508
24.303927441228975 1.33971447140922 -0.899887115878489 408.60848810727015 24.45000942032157 5.4977014158456505
24.308728573341128 1.3401346266663492 -0.9010335021046206 408.9499148883328 24.461294136610924 5.500665179892454
24.313524128229012 1.3405550040581087 -0.9021808470241568 409.29123017065154 24.47258319475517 5.503627421891902
24.31831409378791 1.3409756039497769 -0.9033291519384715 409.6324324008451 24.483876603423457 5.506588129797466
24.32309845202626 1.341396426191924 -0.9044784167422744 409.9735196023046 24.49517435747244 5.509547287897408
24.327877189235615 1.3418174710128405 -0.9056286423597841 410.31449009939246 24.506476461910026 5.512504883099315
24.332650290630507 1.342238738548285 -0.9067798294610582 410.6553421357863 24.517782919267837 5.515460901618046
24.337417739479864 1.3426602287638325 -0.9079319782492988 410.9960738120554 24.5290937275194 5.518415328435121
24.34217952234212 1.3430819419174431 -0.9090850897251481 411.33668345971114 24.540408892493947 5.521368150542262
24.346935623008203 1.3435038780241708 -0.9102391642235562 411.6771692083865 24.551728413511317 5.524319353188318
24.351686025791327 1.3439260371466775 -0.9113942022077274 412.0175292208272 24.56305229117874 5.527268921917086
24.356430717985997 1.3443484196147386 -0.9125502048701568 412.3577618694518 24.574380533276674 5.5302168440966595
24.36116967997912 1.3447710251449394 -0.9137071717233631 412.6978650272452 24.58571313114916 5.533163102775404
24.36590289963366 1.345193854121374 -0.9148651041050884 413.0378370992725 24.597050094051536 5.536107685619264
24.370630361899703 1.3456169066709776 -0.9160240026476815 413.37767627777083 24.60839142435059 5.539050578457429
24.375352050319595 1.3460401827963209 -0.917183867640952 413.7173806496208 24.619737121088797 5.541991766214399
24.38006794797819 1.3464636824599276 -0.9183446992627923 414.05694826438366 24.63108718224633 5.544931233499674
24.384778041631012 1.346887405955618 -0.9195064985973332 414.3963774317834 24.642441614692018 5.547868967182459
24.389482315632463 1.3473113533637657 -0.920669266142018 414.73566628470087 24.65380041958277 5.550804952608352
24.39418075435778 1.3477355247682548 -0.9218330024020152 415.0748129533607 24.665163598179348 5.553739175107576
24.39887334220438 1.3481599202566306 -0.922997707890642 415.41381556543746 24.676531151850458 5.556671619995879
24.403560063593215 1.348584539920257 -0.9241633831297984 415.752672246166 24.68790308207688 5.559602272575466
24.408240902970178 1.3490093838544763 -0.9253300286504105 416.09138111845255 24.699279390455715 5.562531118135928
24.4129158448075 1.3494344521587724 -0.9264976449928827 416.42994030298735 24.710660078704752 5.565458141955196
24.417584873605243 1.3498597449369436 -0.9276662327075829 416.76834791836643 24.722045148667043 5.5683833293005645
24.422247973892777 1.3502852622972765 -0.9288357923553213 417.10660208120913 24.733434602315512 5.571306665429677
24.42690513023033 1.3507110043527286 -0.9300063245078641 417.44470090628585 24.744828441757793 5.574228135591604
24.431556327210554 1.3511369712211125 -0.9311778297484468 417.7826425066428 24.756226669241137 5.577147725027892
24.43620154822302 1.3515631629116835 -0.9323503083597301 418.1204249037408 24.767629284118247 5.580065418196395
24.440840776656927 1.3519895794347976 -0.9335237606251509 418.4580461146649 24.77903628578261 5.582981199525037
24.445473999167543 1.352416221102979 -0.9346981876577949 418.795504390137 24.790447681720664 5.585895055466784
24.450101200484887 1.3528430880543403 -0.935873590089156 419.1327978369173 24.801863474761664 5.588806971238221
24.454722361084837 1.353270180035547 -0.9370499674705095 419.4699242472726 24.813283657278063 5.591716929348777
24.459337468426163 1.35369749743962 -0.9382273211310738 419.80688191849345 24.824708238937315 5.594624916674983
24.463946507093105 1.3541250403966603 -0.9394056516743042 420.14366893437807 24.83613722238481 5.597530918257336
24.468549457588757 1.3545528086591814 -0.9405849586606134 420.4802830761147 24.84757060018426 5.6004349165331275
24.473146309505623 1.3549808028259975 -0.9417652439814292 420.81672278541043 24.859008387530036 5.603336899645492
24.477737040554118 1.355409022392074 -0.9429465064823199 421.1529856304374 24.870450570126074 5.606236848209756
24.48232164111766 1.3558374680351204 -0.9441287482689111 421.48907010312143 24.88189716529254 5.60913475081584
24.486900090412714 1.3562661393924789 -0.9453119685746192 421.8249738731351 24.893348162562063 5.6120305889701685
24.491472375258994 1.3566950368137307 -0.946496168596057 422.16069516337 24.904803570506616 5.6149243489567136
24.496038480817845 1.3571241604961688 -0.9476813491079076 422.4962320713285 24.916263393638246 5.617816015985027
24.500598385848846 1.3575535100363125 -0.948867509223073 422.83158221965516 24.927727620437736 5.620705571180197
24.50515207916309 1.3579830859778212 -0.9500546506685014 423.16674396573904 24.939196264688672 5.623593002006219
24.509699544302965 1.358412888371123 -0.9512427738068158 423.5017152757257 24.950669327013223 5.626478292562544
24.5142407647964 1.3588429172667424 -0.9524318789986006 423.83649411046736 24.96214680804759 5.629361426910499
24.518775721678466 1.359273172479939 -0.9536219659512823 424.1710782425996 24.973628702161495 5.632242387498342
24.523304401739505 1.3597036543732428 -0.9548130358836134 424.50546586508045 24.98511501834129 5.6351211604011135
24.52782678865207 1.360134363015834 -0.9560050892010219 424.8396549369391 24.99660575775446 5.637997729686436
24.53234286612339 1.360565298481823 -0.9571981263202995 425.17364341559994 25.00810092171136 5.64087207941543
24.536852617897175 1.3609964608504748 -0.958392147670224 425.50742925703406 25.019600511671037 5.643744193643984
24.54135602775549 1.3614278502064319 -0.9595871536921948 425.8410104159131 25.031104529247248 5.646614056424047
24.54585307952064 1.3618594666399517 -0.9607831448408928 426.1743848457698 25.042612976214617 5.6494816518049635
24.550343757057085 1.3622913102471432 -0.9619801215849514 426.50755049915665 25.054125854514943 5.652346963834808
24.554828044273442 1.362723381130216 -0.9631780844076591 426.8405053278151 25.06564316626376 5.6552099765617925
24.55930592512456 1.3631556793977404 -0.9643770338076932 427.17324728284865 25.077164913757212 5.658070674035719
24.56377738081509 1.3635882048939456 -0.9655769695480249 427.50577410670206 25.088691092258614 5.660929038519966
24.568242397031547 1.364020957897739 -0.9667778925949431 427.8380838708212 25.10022170862747 5.663785055113442
24.572700958383052 1.3644539385865952 -0.967979803631416 428.17017456273607 25.11175676702974 5.6666387082002645
24.57715304901973 1.364887147095785 -0.9691827032211503 428.5020441318678 25.1232962705174 5.669489981843849
24.58159864801272 1.36532058306707 -0.9703865905546974 428.8336901446112 25.134840209010214 5.672338856824497
24.58603774330992 1.3657542470085053 -0.971591467226003 429.165110825192 25.146388595513855 5.675185319580935
24.590470318677927 1.3661881390236 -0.9727973337035298 429.4963040822194 25.15794143226857 5.678029353847028
24.594896353192702 1.3666222587572585 -0.9740041891782796 429.8272674693673 25.16949870931776 5.680870940316429
24.59931583718627 1.3670566069599925 -0.9752120359123393 430.157999377851 25.18106044615078 5.6837100668808915
24.60372874586968 1.3674911828988752 -0.9764208720405368 430.48849706348454 25.192626622780065 5.686546711691981
24.608135071080888 1.367925987478512 -0.9776307002496171 430.81875902276266 25.204197262815654 5.6893808635578305
24.612534789283078 1.3683610200901883 -0.9788415190139337 431.1487825963372 25.215772349604514 5.692212501373552
24.616927888633338 1.368796281281133 -0.9800533300218297 431.4785659973332 25.227351897266058 5.6950416115282465
24.621314352186335 1.369231771097055 -0.981266133563779 431.80810705242465 25.23893590658531 5.697868177101519
24.625694158991912 1.3696674891863219 -0.9824799288205794 432.1374032829107 25.250524367792814 5.700692178561414
24.63006729707761 1.3701034360914006 -0.983694717460909 432.46645288078304 25.262117294912382 5.7035136021350725
24.63443374927693 1.3705396118409505 -0.9849104997200367 432.7952536437846 25.273714688312513 5.706332430674916
24.63879349785565 1.3709760164080873 -0.9861272756756231 433.12380332267753 25.285316546898162 5.70914864663779
24.64314652405654 1.371412649664091 -0.9873450451183542 433.45209958673695 25.296922866881378 5.711962231789528
24.647492813799698 1.3718495119509053 -0.9885638091489117 433.78014045386993 25.308533656997877 5.714773170890812
24.651832350111018 1.3722866033226118 -0.9897835680628098 434.107923719853 25.320148918342756 5.7175814468050925
24.656165116067477 1.3727239238400153 -0.9910043221716435 434.4354471802267 25.331768652202488 5.720387042400703
24.660491094799518 1.3731614735709536 -0.9922260718039713 434.76270863050155 25.3433928600631 5.723189940552576
24.664810269493504 1.3735992525906195 -0.9934488173062277 435.0897058663691 25.355021543618626 5.725990124143998
24.669122623394248 1.3740372609818932 -0.9946725590436721 435.4164366839187 25.366654704779858 5.728787576068417
24.67342813980762 1.3744754988356882 -0.995897297401373 435.74289887986237 25.378292345683445 5.731582279231315
24.677726802103184 1.3749139662513066 -0.9971230327852193 436.0690902517639 25.389934468701178 5.7343742165521165
24.682018591788577 1.3753526631394828 -0.9983497650711143 436.3950084517786 25.401581071211456 5.737163369712562
24.686303491893327 1.375791589567365 -0.9995774945692897 436.7206512433862 25.413232154759513 5.7399497213542
24.690581487604835 1.376230745825542 -1.0008062222124925 437.0460165502306 25.4248877268334 5.742733255495376
24.69485256256165 1.3766701320487025 -1.0020359484950447 437.3711021745136 25.436547790794027 5.7455139551214955
24.699116696565444 1.3771097479778183 -1.003266672806327 437.6959056222127 25.44821233956834 5.748291800691114
24.703373873760594 1.3775495938019064 -1.004498395786746 438.0204247257387 25.459881377986907 5.751066775461843
24.707624080746342 1.3779896699671934 -1.00573111879489 438.3446575011286 25.471554917713984 5.753838864267224
24.711867293040104 1.3784299757737253 -1.0069648399757387 438.66860111492946 25.483232940023807 5.756608044684717
24.71610350159618 1.3788705121236389 -1.0081995619599142 438.9922539078509 25.494915468697926 5.759374304336156
24.720332682638848 1.3793112783912342 -1.0094352830938667 439.3156130918193 25.506602487010635 5.762137621201169
24.724554825830246 1.3797522753515459 -1.0106720056477219 439.6386769018703 25.518294015392886 5.764897982009717
24.72876990583319 1.3801935022157168 -1.011909727503387 439.9614424216576 25.529990032825857 5.767655363660001
24.732977913144314 1.38063495985199 -1.0131484511876079 440.28390794282853 25.541690562233942 5.7704097533775
24.73717882703037 1.3810766479553853 -1.0143881759333506 440.60607089332194 25.55339559545417 5.773161131015231
24.741372628822667 1.3815185664371288 -1.0156289015765905 440.9279288548365 25.5651051300709 5.775909477746936
24.745559304830607 1.3819607157350902 -1.0168706294291194 441.2494797872883 25.57681917763594 5.778654777982202
24.74973883723055 1.382403095854224 -1.0181133595846723 441.5707213296989 25.588537738242213 5.781397013396507
24.753911206972603 1.3828457066704245 -1.019357091771133 441.89165102269294 25.60026080857906 5.784136164832159
24.758076395953683 1.3832885481603683 -1.020601825996136 442.21226647549247 25.611988388021047 5.786872213723876
24.76223438903836 1.3837316206182302 -1.02184756315686 442.5325655219295 25.62372048436421 5.789605143429333
24.766385168676123 1.384174924083746 -1.0230943034325444 442.8525458062007 25.635457098679144 5.792334935693948
24.77052871738889 1.384618458605897 -1.0243420470253597 443.1722049741637 25.647198232295327 5.795061572283667
24.774665017774147 1.385062224243351 -1.0255907941616709 443.49154067361417 25.65894388681273 5.797785034987254
24.77879405250829 1.3855062210649287 -1.0268405450933789 443.8105505545772 25.67069406411399 5.800505305618723
24.782915804349994 1.385950449150085 -1.0280913000992984 444.12923226960544 25.68244876637702 5.803222366019806
24.787030256143687 1.386394908589402 -1.029343059486581 444.447583474083 25.694207996087904 5.805936198062485
24.791137388456573 1.386839599228578 -1.0305958228694145 444.76560164323064 25.705971749268688 5.808646782089297
24.79523718417762 1.387284521165262 -1.0318495905682992 445.08328442796653 25.71774002862242 5.8113540999468905
24.79932962798063 1.387729674693504 -1.0331043634544241 445.40062961392914 25.729512842059577 5.814058134635717
24.803414703072185 1.3881750599510618 -1.0343601419558646 445.71763486954063 25.741290193368997 5.816758868162891
24.807492388365254 1.3886206766083469 -1.0356169251795502 446.03429752603637 25.753072073997057 5.819456279669278
24.81156266741627 1.3890665248430358 -1.0368747136592853 446.3506152710521 25.764858488819236 5.822150351338399
24.815625526992886 1.3895126051885907 -1.0381335089302137 446.6665860385262 25.776649452127344 5.824841067456635
24.819680940903886 1.389958916756782 -1.0393933085122413 446.9822067506916 25.788444940649697 5.827528403701164
24.823728900891005 1.3904054606326886 -1.0406541154914655 447.29747572126945 25.800244983284365 5.8302123476036165
24.827769381291755 1.3908522359860584 -1.041915927543854 447.6123899053694 25.81204955832635 5.832892875134334
24.831802372976554 1.3912992438145158 -1.0431787475039205 447.9269475425232 25.82385869238386 5.835569973203199
24.835827847752892 1.3917464830058761 -1.044442572243092 448.2411453820099 25.835672356340197 5.838243616042381
24.83984579717289 1.3921939546399829 -1.0457074048227661 448.5549817098078 25.847490579000052 5.840913790967549
24.843856200999884 1.3926416584905552 -1.0469732446108293 448.868453888468 25.85931335467904 5.843580477441644
24.847859037028243 1.3930895941096584 -1.048240090344035 449.181559122211 25.87114067185937 5.846243653587773
24.851854292832982 1.3935377621446194 -1.0495079438531572 449.4942953764439 25.882972547958843 5.848903304009548
24.855841949993682 1.3939861625751897 -1.050776805078175 449.80666014428857 25.894808982780933 5.851559409298617
24.859821990173646 1.3944347953915002 -1.0520466739848917 450.1186509216261 25.90664997641907 5.854211950076048
24.863794394252977 1.3948836604961075 -1.053317550287586 450.43026513910644 25.918495526671638 5.856860906414339
24.867759143942685 1.395332757885974 -1.0545894339641129 450.7415002887011 25.93034563384507 5.859506258913314
24.87171622318657 1.3957820878130056 -1.0558623257110997 451.0523540341169 25.942200304987438 5.862147989637966
24.875665614041583 1.3962316503176735 -1.0571362256232 451.362823887466 25.954059541581994 5.864786079370181
24.87960729866899 1.396681445453897 -1.0584111338297488 451.6729073654534 25.965923345482043 5.867420508936471
